fold,case,u3_folder,test_id,pt_true,pt_pred,abs_error
1,Case2,2-2,011,7744.72,7874.32177734375,129.60177734374975
1,Case2,2-2,041,8712.09,8898.0283203125,185.93832031249985
1,Case2,2-2,045,8854.74,8705.126953125,149.61304687499978
1,Case2,2-2,052,9034.28,9556.8720703125,522.5920703124993
1,Case2,2-2,058,8585.22,8459.8623046875,125.35769531249935
1,Case2,2-2,064,9213.87,9012.2734375,201.5965625000008
1,Case2,2-2,073,9232.53,8956.474609375,276.05539062500065
1,Case2,2-2,075,9367.34,8956.33984375,411.00015625000015
1,Case2,2-2,087,11639.6,10796.6162109375,842.9837890625004
1,Case2,2-2,097,8747.88,8596.0283203125,151.8516796874992
1,Case2,2-2,104,8064.82,8059.625,5.194999999999709
1,Case2,2-2,111,8024.11,8557.34375,533.2337500000003
1,Case2,2-2,120,8876.83,8987.6240234375,110.79402343750007
1,Case2,2-2,132,11718.6,11528.9853515625,189.61464843750036
1,Case2,2-2,136,8842.46,8986.17578125,143.71578125000087
1,Case2,2-2,138,9373.89,9628.4833984375,254.59339843750058
1,Case2,2-2,162,8347.5,8430.44140625,82.94140625
1,Case2,2-2,191,8182.2,8241.720703125,59.52070312500018
1,Case2,2-2,202,9328.45,9407.7412109375,79.29121093749927
1,Case2,2-2,203,10452.2,10047.7109375,404.4890625000007
1,Case2,2-2,227,7772.28,7931.78369140625,159.50369140625025
1,Case2,2-2,228,9009.52,9412.033203125,402.51320312499956
1,Case2,2-2,231,8906.39,8742.8017578125,163.58824218749942
1,Case2,2-2,235,8307.34,8388.912109375,81.57210937499985
1,Case2,2-2,237,9413.17,9828.0,414.8299999999999
1,Case2,2-2,283,8694.18,8511.873046875,182.3069531250003
1,Case2,2-3,030,6271.66,6347.7099609375,76.04996093750015
1,Case2,2-3,088,9582.35,9267.52734375,314.82265625000036
1,Case2,2-3,126,6540.67,6585.26513671875,44.59513671874993
1,Case2,2-3,159,5114.45,5240.18798828125,125.73798828125018
1,Case2,2-3,167,4929.14,5027.8984375,98.75843749999967
1,Case2,2-3,210,7169.93,8184.4306640625,1014.5006640624997
1,Case2,2-3,215,5826.76,5839.0830078125,12.323007812499782
1,Case2,2-3,239,8001.3,7817.759765625,183.54023437500018
1,Case2,2-3,248,7687.01,7861.37939453125,174.36939453124978
1,Case2,2-3,256,7025.17,6985.37353515625,39.79646484375007
1,Case2,2-3,291,6712.27,6787.51513671875,75.24513671874956
1,Case2,2-3,298,8637.42,8788.470703125,151.05070312499993
1,Case2,2-3,299,7867.89,7859.85546875,8.034531250000327
1,Case3,3-2,011,7792.35,7861.6904296875,69.34042968749964
1,Case3,3-2,041,8761.44,8987.326171875,225.8861718749995
1,Case3,3-2,045,8910.16,8730.5380859375,179.62191406249985
1,Case3,3-2,052,9044.2,9459.9072265625,415.7072265624993
1,Case3,3-2,058,8639.59,8515.951171875,123.63882812500015
1,Case3,3-2,064,9261.27,9050.005859375,211.26414062500044
1,Case3,3-2,073,9251.96,8976.146484375,275.8135156249991
1,Case3,3-2,075,9364.49,9011.9697265625,352.5202734374998
1,Case3,3-2,088,9648.35,9513.462890625,134.88710937500036
1,Case3,3-2,097,8785.64,8541.63671875,244.00328124999942
1,Case3,3-2,104,8078.29,8152.048828125,73.75882812500004
1,Case3,3-2,111,8053.2,8667.083984375,613.8839843750002
1,Case3,3-2,120,8940.13,8917.7216796875,22.4083203124992
1,Case3,3-2,136,8867.91,9075.7900390625,207.88003906250015
1,Case3,3-2,138,9435.7,9595.60546875,159.90546874999927
1,Case3,3-2,162,8405.27,8421.2158203125,15.945820312499563
1,Case3,3-2,191,8216.35,8260.921875,44.571874999999636
1,Case3,3-2,202,9359.41,9398.9951171875,39.585117187500146
1,Case3,3-2,203,10533.7,10155.3134765625,378.3865234375007
1,Case3,3-2,231,8918.4,8709.587890625,208.81210937499964
1,Case3,3-2,235,8335.92,8408.3740234375,72.45402343749993
1,Case3,3-2,283,8705.14,8545.248046875,159.89195312499942
1,Case3,3-3,030,5275.29,6378.056640625,1102.766640625
1,Case3,3-3,126,6544.8,6600.44677734375,55.64677734374982
1,Case3,3-3,159,5126.49,5238.9775390625,112.48753906250022
1,Case3,3-3,167,4936.89,5042.03759765625,105.14759765624967
1,Case3,3-3,215,5850.45,5915.84814453125,65.39814453125018
1,Case3,3-3,227,7813.14,7706.49755859375,106.64244140625033
1,Case3,3-3,239,8051.72,7829.72607421875,221.99392578125025
1,Case3,3-3,248,7728.94,7865.4677734375,136.5277734375004
1,Case3,3-3,256,7065.09,6992.671875,72.41812500000015
1,Case3,3-3,291,6740.72,6874.666015625,133.94601562499975
1,Case3,3-3,298,8687.94,8619.8818359375,68.05816406250051
1,Case3,3-3,299,7887.16,7868.3037109375,18.856289062499854
1,Case4,4-2,011,7736.55,7685.7001953125,50.84980468750018
1,Case4,4-2,041,8722.7,8781.7236328125,59.02363281249927
1,Case4,4-2,045,8835.17,8393.263671875,441.9063281250001
1,Case4,4-2,052,9036.4,9668.287109375,631.8871093750004
1,Case4,4-2,058,8625.62,8502.5361328125,123.0838671875008
1,Case4,4-2,064,9241.54,8977.3173828125,264.2226171875009
1,Case4,4-2,073,9240.82,8886.7197265625,354.1002734374997
1,Case4,4-2,075,9362.12,9022.0673828125,340.0526171875008
1,Case4,4-2,087,11685.5,11004.3125,681.1875
1,Case4,4-2,088,9569.85,9171.7451171875,398.10488281250036
1,Case4,4-2,097,8715.93,8398.3505859375,317.5794140625003
1,Case4,4-2,104,8074.1,8155.32666015625,81.22666015624964
1,Case4,4-2,111,8036.41,8654.6142578125,618.2042578125001
1,Case4,4-2,120,8877.22,8848.43359375,28.786406249999345
1,Case4,4-2,126,6539.82,6798.34765625,258.5276562500003
1,Case4,4-2,132,11688.4,11409.4951171875,278.90488281249964
1,Case4,4-2,134,10817.1,10955.5771484375,138.47714843749964
1,Case4,4-2,136,8850.5,8897.75390625,47.25390625
1,Case4,4-2,138,9382.58,9508.6767578125,126.09675781250007
1,Case4,4-2,148,12684.8,12166.931640625,517.8683593749993
1,Case4,4-2,162,8379.19,8352.6611328125,26.52886718750051
1,Case4,4-2,191,8208.02,8228.599609375,20.579609374999563
1,Case4,4-2,202,9337.74,9283.1630859375,54.57691406249978
1,Case4,4-2,203,10441.9,10045.8291015625,396.07089843749964
1,Case4,4-2,227,7765.88,7767.74365234375,1.8636523437498909
1,Case4,4-2,228,9018.71,9485.4013671875,466.6913671875009
1,Case4,4-2,231,8913.59,8766.22265625,147.36734375000015
1,Case4,4-2,235,8315.67,8330.4580078125,14.788007812499927
1,Case4,4-2,237,9420.0,9911.6142578125,491.6142578125
1,Case4,4-2,283,8701.52,8371.3623046875,330.15769531250044
1,Case4,4-3,030,6274.73,6418.16015625,143.43015625000044
1,Case4,4-3,159,5120.11,5110.8134765625,9.296523437499673
1,Case4,4-3,167,4933.23,4930.6708984375,2.5591015624995634
1,Case4,4-3,210,7171.42,8128.67138671875,957.2513867187499
1,Case4,4-3,215,5827.83,5891.80419921875,63.97419921875007
1,Case4,4-3,239,7989.15,7724.123046875,265.02695312499964
1,Case4,4-3,248,7688.39,7797.92333984375,109.53333984374967
1,Case4,4-3,256,7023.06,6914.30029296875,108.7597070312504
1,Case4,4-3,291,6707.27,6811.23388671875,103.96388671874956
1,Case4,4-3,298,8636.61,8663.8330078125,27.223007812499418
1,Case4,4-3,299,7862.29,7861.10595703125,1.1840429687499636
2,Case2,2-2,009,8330.47,8776.5498046875,446.07980468750065
2,Case2,2-2,017,9424.95,9852.07421875,427.1242187499993
2,Case2,2-2,028,10597.82,10641.4365234375,43.61652343750029
2,Case2,2-2,040,9308.02,9670.38671875,362.36671874999956
2,Case2,2-2,047,9107.6,9137.244140625,29.644140624999636
2,Case2,2-2,051,9336.15,9675.8193359375,339.66933593750036
2,Case2,2-2,057,8677.45,8575.25,102.20000000000073
2,Case2,2-2,063,10920.8,10352.0166015625,568.7833984374993
2,Case2,2-2,069,10912.0,11161.05078125,249.05078125
2,Case2,2-2,078,9466.57,9687.53125,220.9612500000003
2,Case2,2-2,083,9169.83,8611.650390625,558.1796093749999
2,Case2,2-2,095,9000.84,9269.41015625,268.57015624999985
2,Case2,2-2,102,8859.91,8822.0,37.909999999999854
2,Case2,2-2,103,8505.85,8525.986328125,20.136328124999636
2,Case2,2-2,110,8039.72,8126.7099609375,86.98996093749975
2,Case2,2-2,125,8701.62,8637.708984375,63.9110156250008
2,Case2,2-2,144,11805.8,11158.4658203125,647.3341796874993
2,Case2,2-2,147,8733.58,8682.2431640625,51.33683593749993
2,Case2,2-2,166,8202.09,8284.6572265625,82.56722656249985
2,Case2,2-2,182,8713.56,8690.880859375,22.67914062499949
2,Case2,2-2,190,11761.0,10994.580078125,766.419921875
2,Case2,2-2,201,8916.75,9087.9892578125,171.2392578125
2,Case2,2-2,214,8549.55,8598.2392578125,48.68925781250073
2,Case2,2-2,219,8827.59,8823.595703125,3.9942968750001455
2,Case2,2-2,225,8689.59,8819.3076171875,129.71761718749985
2,Case2,2-2,233,8783.48,8767.64453125,15.835468749999563
2,Case2,2-2,271,10256.9,10118.662109375,138.23789062499964
2,Case2,2-2,285,9252.88,9265.4521484375,12.5721484375008
2,Case2,2-2,287,8772.37,8636.5,135.8700000000008
2,Case2,2-3,072,7542.06,7385.51171875,156.5482812500004
2,Case2,2-3,119,7399.44,7368.8857421875,30.5542578124996
2,Case2,2-3,155,8194.83,8119.13720703125,75.69279296874993
2,Case2,2-3,204,8795.31,8817.3408203125,22.03082031250051
2,Case2,2-3,232,7789.35,7748.93896484375,40.411035156250364
2,Case2,2-3,245,7852.4,7653.14306640625,199.25693359374964
2,Case2,2-3,259,8168.05,7958.57958984375,209.47041015625018
2,Case2,2-3,293,7286.09,7166.7041015625,119.38589843750015
2,Case3,3-2,009,8861.12,8813.0810546875,48.0389453125008
2,Case3,3-2,017,9436.03,9765.123046875,329.09304687499935
2,Case3,3-2,028,10604.84,10565.998046875,38.841953125000146
2,Case3,3-2,040,9402.13,9703.2919921875,301.1619921875008
2,Case3,3-2,047,9170.59,9169.8603515625,0.7296484375001455
2,Case3,3-2,051,9400.18,9717.7880859375,317.6080859374997
2,Case3,3-2,057,8713.41,8645.8330078125,67.57699218749985
2,Case3,3-2,063,10926.7,10217.908203125,708.7917968750007
2,Case3,3-2,078,9469.55,9545.8583984375,76.30839843750073
2,Case3,3-2,083,9146.8,8655.759765625,491.0402343749993
2,Case3,3-2,095,9043.4,9165.6982421875,122.29824218750036
2,Case3,3-2,102,8869.34,8768.9873046875,100.35269531250015
2,Case3,3-2,103,8564.86,8600.599609375,35.73960937499942
2,Case3,3-2,110,8076.74,8189.00146484375,112.26146484375022
2,Case3,3-2,125,8744.04,8697.85546875,46.18453125000087
2,Case3,3-2,147,8800.48,8737.2939453125,63.18605468749956
2,Case3,3-2,166,8255.97,8354.59765625,98.62765625000065
2,Case3,3-2,170,10975.3,11318.5380859375,343.2380859375007
2,Case3,3-2,182,8747.62,8711.2705078125,36.3494921875008
2,Case3,3-2,183,10931.7,11085.525390625,153.82539062499927
2,Case3,3-2,190,11737.4,10833.3583984375,904.0416015624996
2,Case3,3-2,201,8975.94,9175.736328125,199.7963281249995
2,Case3,3-2,214,8583.16,8611.4873046875,28.327304687500146
2,Case3,3-2,219,8860.89,8872.8369140625,11.946914062500582
2,Case3,3-2,225,8717.82,8844.046875,126.22687500000029
2,Case3,3-2,233,8803.36,8749.63671875,53.72328125000058
2,Case3,3-2,245,7898.81,7980.06787109375,81.2578710937496
2,Case3,3-2,271,10286.4,10022.45703125,263.94296874999964
2,Case3,3-2,285,9287.2,9251.57421875,35.62578125000073
2,Case3,3-2,287,8809.84,8681.1259765625,128.71402343750015
2,Case3,3-3,072,7553.53,7492.685546875,60.844453124999745
2,Case3,3-3,119,7414.86,7384.390625,30.469374999999673
2,Case3,3-3,155,8209.51,8133.36474609375,76.14525390625022
2,Case3,3-3,232,7827.7,7819.712890625,7.987109374999818
2,Case3,3-3,259,8197.8,8108.48583984375,89.31416015624927
2,Case3,3-3,293,7297.97,7275.818359375,22.151640625000255
2,Case4,4-2,009,8840.09,8804.5625,35.527500000000146
2,Case4,4-2,017,9433.28,9858.8115234375,425.53152343749935
2,Case4,4-2,028,10604.54,10534.0380859375,70.50191406250087
2,Case4,4-2,040,9305.13,9519.740234375,214.6102343750008
2,Case4,4-2,047,9103.12,9035.1455078125,67.9744921875008
2,Case4,4-2,051,9338.59,9603.1328125,264.54281249999985
2,Case4,4-2,057,8697.52,8590.0439453125,107.47605468750044
2,Case4,4-2,063,10932.6,10395.86328125,536.7367187500004
2,Case4,4-2,069,10936.3,11175.26171875,238.96171875000073
2,Case4,4-2,078,9467.42,9622.3515625,154.93156249999993
2,Case4,4-2,083,9146.78,8672.185546875,474.59445312500065
2,Case4,4-2,095,9040.08,9334.525390625,294.4453906250001
2,Case4,4-2,102,8864.8,8893.244140625,28.444140625000728
2,Case4,4-2,103,8517.72,8569.2255859375,51.505585937500655
2,Case4,4-2,110,8041.65,8102.96337890625,61.313378906250364
2,Case4,4-2,125,8718.13,8652.03515625,66.0948437499992
2,Case4,4-2,144,11873.3,11251.076171875,622.2238281249993
2,Case4,4-2,147,8729.84,8615.5,114.34000000000015
2,Case4,4-2,155,8194.12,8222.7919921875,28.6719921874992
2,Case4,4-2,166,8208.83,8282.4873046875,73.65730468750007
2,Case4,4-2,170,10869.2,11181.30078125,312.1007812499993
2,Case4,4-2,182,8724.97,8612.048828125,112.92117187499935
2,Case4,4-2,183,10845.2,10978.322265625,133.12226562499927
2,Case4,4-2,190,11777.6,11033.314453125,744.2855468750004
2,Case4,4-2,201,8923.11,9054.7392578125,131.62925781249942
2,Case4,4-2,213,11543.1,11491.5751953125,51.524804687500364
2,Case4,4-2,214,8560.65,8625.2890625,64.63906250000036
2,Case4,4-2,219,8841.61,8823.251953125,18.358046875000582
2,Case4,4-2,225,8700.96,8659.9609375,40.99906249999913
2,Case4,4-2,233,8795.54,8791.087890625,4.452109375000873
2,Case4,4-2,245,7842.49,7763.08154296875,79.40845703124978
2,Case4,4-2,259,8171.67,8147.35595703125,24.314042968750073
2,Case4,4-2,271,10282.7,10095.7490234375,186.95097656250073
2,Case4,4-2,285,9279.79,9227.4208984375,52.36910156250087
2,Case4,4-2,287,8805.29,8695.3466796875,109.94332031250087
2,Case4,4-3,072,7545.12,7465.248046875,79.87195312499989
2,Case4,4-3,119,7400.95,7379.11474609375,21.835253906249818
2,Case4,4-3,204,8802.13,8706.162109375,95.9678906249992
2,Case4,4-3,232,7777.07,7694.96240234375,82.10759765624971
2,Case4,4-3,293,7288.72,7248.9541015625,39.765898437500255
3,Case2,2-2,008,8202.0,8206.72265625,4.72265625
3,Case2,2-2,015,10652.0,10651.8662109375,0.1337890625
3,Case2,2-2,024,9413.52,9635.1884765625,221.66847656249956
3,Case2,2-2,048,8691.37,8803.060546875,111.6905468749992
3,Case2,2-2,050,8877.12,8780.7939453125,96.3260546875008
3,Case2,2-2,056,8144.72,8825.69921875,680.9792187499997
3,Case2,2-2,062,9522.37,9268.0693359375,254.3006640625008
3,Case2,2-2,071,9138.12,9535.7001953125,397.5801953124992
3,Case2,2-2,077,8790.51,8784.2021484375,6.307851562500218
3,Case2,2-2,081,10977.1,11196.140625,219.04062499999964
3,Case2,2-2,091,8293.19,8316.154296875,22.96429687499949
3,Case2,2-2,109,8642.92,8670.8095703125,27.889570312499927
3,Case2,2-2,114,10572.9,10581.7802734375,8.880273437500364
3,Case2,2-2,115,9258.09,9189.1796875,68.91031250000015
3,Case2,2-2,116,9174.09,9030.4189453125,143.67105468750015
3,Case2,2-2,123,8125.45,8289.0849609375,163.63496093750018
3,Case2,2-2,133,9249.03,9073.9404296875,175.08957031250065
3,Case2,2-2,146,9272.74,9395.33203125,122.59203125000022
3,Case2,2-2,152,9294.17,9486.326171875,192.15617187499993
3,Case2,2-2,172,8239.94,8407.3359375,167.3959374999995
3,Case2,2-2,177,9424.77,9427.859375,3.0893749999995634
3,Case2,2-2,180,8143.85,8752.0244140625,608.1744140624996
3,Case2,2-2,196,10254.4,9778.43359375,475.96640624999964
3,Case2,2-2,238,8866.98,8915.8251953125,48.84519531250044
3,Case2,2-2,242,9396.1,10074.1396484375,678.0396484374996
3,Case2,2-2,258,8643.84,8703.0390625,59.199062499999854
3,Case2,2-2,266,9711.57,9637.58984375,73.98015624999971
3,Case2,2-2,270,8830.99,8822.1923828125,8.797617187499782
3,Case2,2-2,275,8694.42,8707.9921875,13.572187499999927
3,Case2,2-2,278,9139.56,9000.296875,139.2631249999995
3,Case2,2-2,282,9371.54,9483.65234375,112.11234374999913
3,Case2,2-2,295,8196.05,8271.6953125,75.64531250000073
3,Case2,2-3,036,7754.89,7754.6044921875,0.2855078125003274
3,Case2,2-3,165,5276.65,5368.55517578125,91.90517578125036
3,Case2,2-3,189,7217.93,7305.78369140625,87.85369140624971
3,Case2,2-3,218,5864.28,5853.06640625,11.213593749999745
3,Case2,2-3,220,8311.51,8533.6640625,222.15406249999978
3,Case2,2-3,280,7520.07,7390.57421875,129.4957812499997
3,Case3,3-2,008,8213.98,8309.705078125,95.72507812500044
3,Case3,3-2,015,10732.5,10755.7685546875,23.2685546875
3,Case3,3-2,024,9440.06,9734.4345703125,294.3745703125005
3,Case3,3-2,048,8730.41,9000.5185546875,270.10855468750015
3,Case3,3-2,050,8901.81,8928.66015625,26.85015625000051
3,Case3,3-2,056,8762.19,8888.783203125,126.59320312499949
3,Case3,3-2,062,9575.86,9391.9443359375,183.91566406250058
3,Case3,3-2,071,9195.52,9566.3828125,370.86281249999956
3,Case3,3-2,077,8307.05,8823.322265625,516.2722656250007
3,Case3,3-2,109,8682.53,8701.9150390625,19.385039062499345
3,Case3,3-2,114,10635.3,10530.34375,104.95624999999927
3,Case3,3-2,115,9323.93,9331.716796875,7.786796874999709
3,Case3,3-2,116,9150.74,9014.0888671875,136.65113281249978
3,Case3,3-2,123,8156.32,8425.947265625,269.6272656250003
3,Case3,3-2,133,9265.39,9185.6044921875,79.78550781249942
3,Case3,3-2,146,9361.04,9440.935546875,79.89554687499913
3,Case3,3-2,152,9363.76,9469.830078125,106.07007812499978
3,Case3,3-2,172,8266.19,8425.427734375,159.2377343749995
3,Case3,3-2,176,10315.16,10328.5361328125,13.376132812500146
3,Case3,3-2,177,9462.03,9415.1171875,46.912812500000655
3,Case3,3-2,180,8152.2,8951.345703125,799.1457031250002
3,Case3,3-2,189,7246.19,7645.36474609375,399.1747460937504
3,Case3,3-2,238,8384.56,8966.78125,582.2212500000005
3,Case3,3-2,242,9437.64,10170.015625,732.3756250000006
3,Case3,3-2,258,8666.11,8777.87109375,111.76109374999942
3,Case3,3-2,266,9777.29,9688.91015625,88.37984375000087
3,Case3,3-2,270,8876.44,9005.5478515625,129.1078515624995
3,Case3,3-2,275,8701.13,8749.7080078125,48.5780078125008
3,Case3,3-2,278,9198.17,9155.6357421875,42.53425781250007
3,Case3,3-2,282,9411.36,9479.1396484375,67.77964843749942
3,Case3,3-2,295,8201.15,8237.837890625,36.687890625000364
3,Case3,3-3,036,7794.38,7715.9765625,78.40343750000011
3,Case3,3-3,091,8342.49,8250.6630859375,91.82691406249978
3,Case3,3-3,165,5278.12,5410.65625,132.5362500000001
3,Case3,3-3,280,7564.28,7395.41064453125,168.86935546874975
3,Case4,4-2,008,8209.52,8228.408203125,18.888203124999563
3,Case4,4-2,015,10642.8,10678.3837890625,35.58378906250073
3,Case4,4-2,024,9426.01,9664.9365234375,238.92652343749978
3,Case4,4-2,048,8710.39,8861.93359375,151.54359375000058
3,Case4,4-2,050,8890.25,8773.6220703125,116.6279296875
3,Case4,4-2,056,8754.9,8800.765625,45.865625000000364
3,Case4,4-2,062,9494.73,9150.9130859375,343.81691406249956
3,Case4,4-2,071,9135.7,9384.837890625,249.13789062499927
3,Case4,4-2,077,8799.82,8783.330078125,16.48992187499971
3,Case4,4-2,081,10995.6,11129.6787109375,134.07871093749964
3,Case4,4-2,092,13258.17,12964.8203125,293.3496875000001
3,Case4,4-2,109,8674.95,8669.802734375,5.147265625000728
3,Case4,4-2,114,10594.3,10467.34375,126.95624999999927
3,Case4,4-2,115,9272.93,9200.8916015625,72.03839843750029
3,Case4,4-2,116,9154.84,8881.53125,273.30875000000015
3,Case4,4-2,123,8142.56,8323.9609375,181.4009374999996
3,Case4,4-2,133,9261.06,9028.134765625,232.9252343749995
3,Case4,4-2,146,9268.35,9229.3916015625,38.958398437500364
3,Case4,4-2,152,9298.31,9272.328125,25.98187499999949
3,Case4,4-2,172,8249.43,8363.728515625,114.29851562499971
3,Case4,4-2,176,10314.83,10201.169921875,113.66007812499993
3,Case4,4-2,177,9461.26,9316.541015625,144.71898437500022
3,Case4,4-2,180,8141.71,8889.0654296875,747.3554296875
3,Case4,4-2,196,10261.7,9788.6123046875,473.0876953125007
3,Case4,4-2,238,8878.28,8888.7724609375,10.492460937499345
3,Case4,4-2,242,9435.72,10089.630859375,653.9108593750007
3,Case4,4-2,258,8656.22,8657.9501953125,1.7301953125006548
3,Case4,4-2,266,9697.14,9430.783203125,266.3567968749994
3,Case4,4-2,270,8851.35,8868.0234375,16.673437499999636
3,Case4,4-2,275,8696.95,8684.96484375,11.985156250000728
3,Case4,4-2,278,9157.06,9023.375,133.6849999999995
3,Case4,4-2,282,9407.51,9374.63671875,32.87328125000022
3,Case4,4-2,295,8201.92,8187.943359375,13.976640625000073
3,Case4,4-3,036,7763.61,7713.0,50.60999999999967
3,Case4,4-3,091,8285.91,8219.4189453125,66.49105468749985
3,Case4,4-3,165,5276.65,5393.72265625,117.07265625000036
3,Case4,4-3,189,7213.02,7290.1298828125,77.10988281249956
3,Case4,4-3,218,5870.83,5866.76025390625,4.069746093749927
3,Case4,4-3,220,8320.82,8485.2587890625,164.4387890625003
3,Case4,4-3,280,7512.03,7328.7568359375,183.27316406249975
4,Case2,2-2,006,9021.54,9060.7490234375,39.20902343749913
4,Case2,2-2,014,9183.61,8971.525390625,212.08460937500058
4,Case2,2-2,020,8489.01,8561.8427734375,72.83277343749978
4,Case2,2-2,034,8225.8,8187.2841796875,38.51582031249927
4,Case2,2-2,049,8796.44,8593.6337890625,202.8062109375005
4,Case2,2-2,054,8871.95,8858.51171875,13.438281250000728
4,Case2,2-2,061,8597.57,8790.2900390625,192.7200390625003
4,Case2,2-2,076,8048.66,8141.4189453125,92.75894531250015
4,Case2,2-2,079,10970.8,11054.6689453125,83.86894531250073
4,Case2,2-2,090,8927.66,8840.78515625,86.87484374999985
4,Case2,2-2,101,8350.83,8344.04296875,6.787031249999927
4,Case2,2-2,107,8266.96,8329.748046875,62.78804687500087
4,Case2,2-2,117,9017.6,9349.9765625,332.37656249999964
4,Case2,2-2,122,9253.62,9245.283203125,8.3367968750008
4,Case2,2-2,130,8463.5,8459.21875,4.28125
4,Case2,2-2,135,11366.2,11265.7099609375,100.49003906250073
4,Case2,2-2,142,8320.34,8381.2841796875,60.944179687499854
4,Case2,2-2,143,11650.0,11694.947265625,44.947265625
4,Case2,2-2,150,8885.36,8922.3193359375,36.95933593749942
4,Case2,2-2,157,8887.81,8744.2158203125,143.5941796874995
4,Case2,2-2,160,8262.23,8297.2236328125,34.99363281250044
4,Case2,2-2,186,8104.49,8128.68505859375,24.19505859375022
4,Case2,2-2,195,8921.21,8853.861328125,67.34867187499913
4,Case2,2-2,197,11041.5,10894.1015625,147.3984375
4,Case2,2-2,207,9311.22,9171.869140625,139.35085937499935
4,Case2,2-2,217,9206.22,9142.373046875,63.846953124999345
4,Case2,2-2,222,8793.92,8849.7802734375,55.86027343749993
4,Case2,2-2,251,8173.63,8144.517578125,29.11242187500011
4,Case2,2-2,254,8557.27,8525.2646484375,32.00535156250044
4,Case2,2-2,265,9776.91,9367.7353515625,409.17464843749985
4,Case2,2-2,289,8529.16,8576.4453125,47.285312500000146
4,Case2,2-3,068,6619.6,6462.08203125,157.51796875000036
4,Case2,2-3,113,7300.42,7322.39794921875,21.977949218749927
4,Case2,2-3,164,5778.96,5717.8330078125,61.126992187500036
4,Case2,2-3,241,5537.34,5564.3701171875,27.030117187499854
4,Case2,2-3,261,8316.38,8366.0302734375,49.6502734375008
4,Case2,2-3,284,6867.36,6763.49609375,103.86390624999967
4,Case2,2-3,297,5445.15,5453.66650390625,8.516503906250364
4,Case3,3-2,006,9061.0,9039.654296875,21.345703125
4,Case3,3-2,014,9241.26,9033.8701171875,207.38988281250022
4,Case3,3-2,020,8531.82,8651.330078125,119.51007812500029
4,Case3,3-2,034,8279.16,8266.7685546875,12.391445312499854
4,Case3,3-2,049,8827.47,8633.3583984375,194.11160156249935
4,Case3,3-2,054,8935.62,8907.0498046875,28.5701953125008
4,Case3,3-2,061,8639.92,8787.1826171875,147.26261718749993
4,Case3,3-2,076,8092.14,8257.8828125,165.74281249999967
4,Case3,3-2,090,8941.44,8853.6435546875,87.79644531250051
4,Case3,3-2,101,8407.21,8454.33203125,47.12203125000087
4,Case3,3-2,107,8328.72,8460.49609375,131.77609375000065
4,Case3,3-2,117,9032.8,9330.34765625,297.5476562500007
4,Case3,3-2,122,9264.56,9226.6767578125,37.88324218749949
4,Case3,3-2,130,8438.46,8522.546875,84.08687500000087
4,Case3,3-2,142,8368.03,8500.1630859375,132.13308593749935
4,Case3,3-2,150,8923.98,8933.5087890625,9.528789062500437
4,Case3,3-2,157,8927.15,8774.6328125,152.51718749999964
4,Case3,3-2,160,8304.78,8366.0009765625,61.220976562499345
4,Case3,3-2,186,8153.43,8221.275390625,67.84539062499971
4,Case3,3-2,195,8967.38,8940.25,27.1299999999992
4,Case3,3-2,207,9301.84,9126.7021484375,175.13785156250015
4,Case3,3-2,217,9277.55,9221.8076171875,55.74238281249927
4,Case3,3-2,222,8802.55,8787.97265625,14.577343749999272
4,Case3,3-2,251,8205.18,8232.37890625,27.19890624999971
4,Case3,3-2,254,8614.23,8568.140625,46.08937499999956
4,Case3,3-2,265,9798.4,9314.14453125,484.25546874999964
4,Case3,3-2,289,8561.59,8664.2109375,102.62093749999985
4,Case3,3-3,068,6643.69,6546.39306640625,97.2969335937496
4,Case3,3-3,113,7327.34,7296.47802734375,30.861972656250146
4,Case3,3-3,164,5800.36,5792.8134765625,7.546523437499673
4,Case3,3-3,241,5555.97,5614.5380859375,58.568085937499745
4,Case3,3-3,261,8359.52,8432.833984375,73.31398437499956
4,Case3,3-3,284,6903.6,6813.97705078125,89.62294921875036
4,Case3,3-3,297,5465.9,5516.57470703125,50.674707031250364
4,Case4,4-2,006,9033.2,9127.1259765625,93.92597656249927
4,Case4,4-2,014,9200.57,8978.7490234375,221.8209765624997
4,Case4,4-2,020,8493.42,8610.41796875,116.99796874999993
4,Case4,4-2,034,8217.77,8234.7919921875,17.021992187499563
4,Case4,4-2,049,8324.09,8598.36328125,274.27328124999985
4,Case4,4-2,054,3858.23,8898.2060546875,5039.9760546875
4,Case4,4-2,061,8594.79,8858.623046875,263.8330468749991
4,Case4,4-2,076,8047.75,8231.8056640625,184.0556640625
4,Case4,4-2,079,10986.1,11088.10546875,102.00546874999964
4,Case4,4-2,090,8936.35,8878.3271484375,58.022851562500364
4,Case4,4-2,101,8345.89,8420.9853515625,75.09535156250058
4,Case4,4-2,107,8282.85,8432.47265625,149.62265624999964
4,Case4,4-2,117,9020.0,9346.1044921875,326.1044921875
4,Case4,4-2,122,9259.09,9341.1669921875,82.07699218749985
4,Case4,4-2,130,8472.59,8512.68359375,40.093593749999854
4,Case4,4-2,135,11379.8,11370.435546875,9.364453124999272
4,Case4,4-2,139,10651.2,10882.3701171875,231.17011718749927
4,Case4,4-2,142,8323.03,8475.0166015625,151.98660156249935
4,Case4,4-2,143,11661.3,11649.515625,11.784374999999272
4,Case4,4-2,150,8393.31,9002.1953125,608.8853125000005
4,Case4,4-2,157,8922.35,8841.24609375,81.10390625000036
4,Case4,4-2,160,8271.05,8389.7265625,118.67656250000073
4,Case4,4-2,164,5783.69,6025.62646484375,241.9364648437504
4,Case4,4-2,186,8108.06,8182.2568359375,74.1968359374996
4,Case4,4-2,195,8939.36,8892.7734375,46.58656250000058
4,Case4,4-2,197,11075.8,10870.8349609375,204.96503906249927
4,Case4,4-2,207,9303.37,9230.4169921875,72.9530078125008
4,Case4,4-2,217,9207.39,9170.875,36.51499999999942
4,Case4,4-2,222,8797.77,8897.0087890625,99.23878906249956
4,Case4,4-2,251,8184.93,8187.58056640625,2.650566406249709
4,Case4,4-2,254,8567.25,8550.568359375,16.681640625
4,Case4,4-2,255,10433.7,10153.74609375,279.9539062500007
4,Case4,4-2,261,8297.85,8534.115234375,236.26523437499964
4,Case4,4-2,265,9524.98,9374.6142578125,150.36574218749956
4,Case4,4-2,267,10699.2,10807.1171875,107.91718749999927
4,Case4,4-2,289,8537.58,8618.0810546875,80.50105468750007
4,Case4,4-3,068,6618.99,6542.96337890625,76.02662109374978
4,Case4,4-3,113,7296.78,7271.28515625,25.494843749999745
4,Case4,4-3,241,5539.4,5566.52197265625,27.121972656250364
4,Case4,4-3,284,6862.44,6789.60205078125,72.8379492187496
4,Case4,4-3,297,5450.35,5434.80126953125,15.548730468750364
5,Case2,2-2,001,8697.15,8789.505859375,92.35585937500036
5,Case2,2-2,005,8715.42,8626.5810546875,88.83894531250007
5,Case2,2-2,012,8310.0,8418.7802734375,108.7802734375
5,Case2,2-2,018,10022.7,9748.9501953125,273.7498046875007
5,Case2,2-2,019,8975.8,8949.32421875,26.475781249999272
5,Case2,2-2,022,10640.2,10594.1328125,46.06718750000073
5,Case2,2-2,053,7984.69,8483.1806640625,498.4906640625004
5,Case2,2-2,065,8961.57,9331.8447265625,370.2747265625003
5,Case2,2-2,089,8920.29,8839.96484375,80.32515625000087
5,Case2,2-2,106,8634.92,8587.736328125,47.18367187500007
5,Case2,2-2,121,8402.24,8398.7080078125,3.5319921874997817
5,Case2,2-2,149,9353.49,9356.8251953125,3.3351953125002183
5,Case2,2-2,158,8920.42,8794.541015625,125.87898437500007
5,Case2,2-2,163,8922.57,8823.0751953125,99.49480468749971
5,Case2,2-2,178,9368.01,9534.853515625,166.84351562499978
5,Case2,2-2,185,9058.71,8963.2861328125,95.42386718749913
5,Case2,2-2,216,8903.35,8954.6748046875,51.324804687499636
5,Case2,2-2,224,8314.63,8306.4130859375,8.2169140624992
5,Case2,2-2,236,9098.7,9137.740234375,39.04023437499927
5,Case2,2-2,240,8845.76,8920.7841796875,75.02417968749978
5,Case2,2-2,253,10363.9,10148.8037109375,215.09628906249964
5,Case2,2-2,268,8977.42,9252.701171875,275.2811718749999
5,Case2,2-2,281,8586.12,8705.224609375,119.1046093749992
5,Case2,2-2,288,10817.0,10766.5244140625,50.4755859375
5,Case2,2-2,290,9332.03,9224.8076171875,107.22238281250065
5,Case2,2-3,032,6180.54,6158.1181640625,22.421835937499964
5,Case2,2-3,059,5507.95,5616.30078125,108.35078125000018
5,Case2,2-3,074,4993.36,5076.32421875,82.96421875000033
5,Case2,2-3,098,7968.86,7959.296875,9.563124999999673
5,Case2,2-3,112,6465.49,6466.86376953125,1.3737695312502183
5,Case2,2-3,129,6945.84,6851.70947265625,94.13052734375015
5,Case2,2-3,140,4741.28,4670.83837890625,70.44162109374975
5,Case2,2-3,168,4807.71,4716.177734375,91.53226562500004
5,Case2,2-3,171,6380.88,6158.6357421875,222.2442578125001
5,Case2,2-3,194,6403.58,6201.93408203125,201.64591796874993
5,Case2,2-3,249,6042.45,5909.56591796875,132.88408203124982
5,Case2,2-3,263,6464.17,6467.5166015625,3.3466015624999272
5,Case2,2-3,274,9485.0,9448.728515625,36.271484375
5,Case3,3-2,001,8768.69,8851.1279296875,82.43792968749949
5,Case3,3-2,005,8734.73,8654.326171875,80.40382812499956
5,Case3,3-2,012,8354.82,8414.884765625,60.06476562500029
5,Case3,3-2,013,10196.5,9960.751953125,235.748046875
5,Case3,3-2,018,10050.5,9805.7138671875,244.7861328125
5,Case3,3-2,019,8984.98,8923.3291015625,61.65089843749956
5,Case3,3-2,053,7996.97,8431.0771484375,434.10714843749975
5,Case3,3-2,065,9023.73,9461.1494140625,437.41941406250044
5,Case3,3-2,089,8934.33,8918.791015625,15.538984374999927
5,Case3,3-2,106,8663.29,8629.1416015625,34.14839843750087
5,Case3,3-2,121,8426.2,8414.232421875,11.967578125000728
5,Case3,3-2,145,11377.85,12448.638671875,1070.7886718749996
5,Case3,3-2,149,9398.75,9418.5625,19.8125
5,Case3,3-2,158,8940.4,8867.0732421875,73.32675781249964
5,Case3,3-2,163,8933.41,8785.7666015625,147.64339843749985
5,Case3,3-2,178,9434.99,9551.001953125,116.01195312500022
5,Case3,3-2,185,9103.53,9000.181640625,103.34835937500065
5,Case3,3-2,216,8948.98,8975.2275390625,26.247539062500437
5,Case3,3-2,236,9133.57,9191.87109375,58.30109375000029
5,Case3,3-2,240,8911.41,9067.8916015625,156.48160156250015
5,Case3,3-2,268,9018.86,9295.896484375,277.0364843749994
5,Case3,3-2,274,9496.66,9551.9609375,55.300937500000146
5,Case3,3-2,281,8646.6,8668.5185546875,21.918554687499636
5,Case3,3-2,290,9327.12,9206.6259765625,120.4940234375008
5,Case3,3-3,032,6208.82,6204.423828125,4.396171874999709
5,Case3,3-3,059,5522.86,5634.736328125,111.87632812500033
5,Case3,3-3,074,5000.25,5035.64013671875,35.39013671875
5,Case3,3-3,098,8001.33,8005.44873046875,4.118730468750073
5,Case3,3-3,112,6473.95,6484.99755859375,11.047558593750182
5,Case3,3-3,129,6982.28,6909.56591796875,72.71408203124975
5,Case3,3-3,140,4741.93,4652.20849609375,89.72150390625029
5,Case3,3-3,168,4804.88,4711.5400390625,93.33996093750011
5,Case3,3-3,194,6436.39,6286.720703125,149.66929687500033
5,Case3,3-3,249,6069.85,5979.83203125,90.01796875000036
5,Case3,3-3,263,6481.85,6497.4814453125,15.631445312499636
5,Case4,4-2,001,8706.62,8745.5244140625,38.9044140624992
5,Case4,4-2,005,8727.04,8553.6904296875,173.34957031250087
5,Case4,4-2,012,8317.72,8351.693359375,33.973359375000655
5,Case4,4-2,018,10046.6,9739.3408203125,307.25917968750036
5,Case4,4-2,019,8979.49,8857.869140625,121.62085937499978
5,Case4,4-2,022,10657.4,10671.1416015625,13.741601562500364
5,Case4,4-2,053,7985.48,8497.859375,512.3793750000004
5,Case4,4-2,065,8972.73,9386.8583984375,414.12839843750044
5,Case4,4-2,089,8926.04,8773.3623046875,152.67769531250087
5,Case4,4-2,106,8645.4,8570.1484375,75.25156249999964
5,Case4,4-2,121,8411.86,8332.6611328125,79.19886718750058
5,Case4,4-2,145,11283.35,12173.9697265625,890.6197265624996
5,Case4,4-2,149,9364.37,9360.5595703125,3.8104296875008004
5,Case4,4-2,158,8928.6,8735.90625,192.69375000000036
5,Case4,4-2,163,8926.04,8723.595703125,202.44429687500087
5,Case4,4-2,178,9373.68,9494.572265625,120.89226562499971
5,Case4,4-2,185,9093.44,8946.779296875,146.6607031250005
5,Case4,4-2,216,8916.43,8955.4267578125,38.99675781249971
5,Case4,4-2,224,8303.52,8225.384765625,78.13523437500044
5,Case4,4-2,230,9913.11,9582.11328125,330.9967187500006
5,Case4,4-2,236,9108.33,9075.60546875,32.72453124999993
5,Case4,4-2,240,8846.73,8920.166015625,73.43601562500044
5,Case4,4-2,253,10393.1,10346.533203125,46.566796875000364
5,Case4,4-2,268,9016.19,9211.5029296875,195.3129296874995
5,Case4,4-2,274,9495.92,9419.0244140625,76.89558593750007
5,Case4,4-2,281,8595.56,8543.5859375,51.97406249999949
5,Case4,4-2,288,10824.8,10813.8935546875,10.906445312499272
5,Case4,4-2,290,9327.11,9154.095703125,173.01429687500058
5,Case4,4-3,032,6183.72,6219.70263671875,35.982636718749745
5,Case4,4-3,059,5509.38,5568.873046875,59.49304687499989
5,Case4,4-3,074,4996.97,4907.7607421875,89.20925781250025
5,Case4,4-3,098,7968.58,7911.375,57.20499999999993
5,Case4,4-3,112,6466.69,6530.83349609375,64.1434960937504
5,Case4,4-3,129,6939.89,6866.17236328125,73.71763671875033
5,Case4,4-3,140,4741.89,4732.0439453125,9.846054687500327
5,Case4,4-3,168,4803.74,4781.23876953125,22.50123046874978
5,Case4,4-3,171,6386.73,6197.86474609375,188.86525390624956
5,Case4,4-3,194,6409.51,6237.8369140625,171.67308593750022
5,Case4,4-3,249,6046.94,5979.07861328125,67.8613867187496
5,Case4,4-3,263,6464.78,6531.546875,66.76687500000025
