Test_ID,theta1,theta2,Pt,type,panel_a_in,panel_b_in,source_dataset,source_test_id,csv_path
6x4_001,65.0,19.0,19701.10650899933,2,6.0,4.0,6x4_curated_v1,Test_001,data/datasets/DD_cases_2_3_4_curated_v1/Case4/csv_load/force_disp_Test_001.csv
6x4_002,40.0,-51.0,15564.192522589261,1,6.0,4.0,6x4_curated_v1,Test_002,data/datasets/DD_cases_2_3_4_curated_v1/Case4/csv_load/force_disp_Test_002.csv
6x4_003,-44.0,65.0,15263.321046334091,1,6.0,4.0,6x4_curated_v1,Test_003,data/datasets/DD_cases_2_3_4_curated_v1/Case4/csv_load/force_disp_Test_003.csv
6x4_004,49.0,48.0,14605.531869322482,1,6.0,4.0,6x4_curated_v1,Test_004,data/datasets/DD_cases_2_3_4_curated_v1/Case4/csv_load/force_disp_Test_004.csv
6x4_005,-52.0,20.0,19521.12811538156,2,6.0,4.0,6x4_curated_v1,Test_005,data/datasets/DD_cases_2_3_4_curated_v1/Case4/csv_load/force_disp_Test_005.csv
6x4_006,-15.0,-74.0,21416.816488874498,2,6.0,4.0,6x4_curated_v1,Test_006,data/datasets/DD_cases_2_3_4_curated_v1/Case4/csv_load/force_disp_Test_006.csv
6x4_007,51.0,-83.0,11044.194985803253,1,6.0,4.0,6x4_curated_v1,Test_007,data/datasets/DD_cases_2_3_4_curated_v1/Case4/csv_load/force_disp_Test_007.csv
6x4_008,86.0,9.0,21499.399687200803,2,6.0,4.0,6x4_curated_v1,Test_008,data/datasets/DD_cases_2_3_4_curated_v1/Case4/csv_load/force_disp_Test_008.csv
6x4_009,-63.0,21.0,19848.72024440584,2,6.0,4.0,6x4_curated_v1,Test_009,data/datasets/DD_cases_2_3_4_curated_v1/Case4/csv_load/force_disp_Test_009.csv
6x4_010,-74.0,83.0,6417.199673460506,1,6.0,4.0,6x4_curated_v1,Test_010,data/datasets/DD_cases_2_3_4_curated_v1/Case4/csv_load/force_disp_Test_010.csv
6x4_011,-39.0,-9.0,21782.93383721275,2,6.0,4.0,6x4_curated_v1,Test_011,data/datasets/DD_cases_2_3_4_curated_v1/Case4/csv_load/force_disp_Test_011.csv
6x4_012,-56.0,9.0,21623.457561322022,2,6.0,4.0,6x4_curated_v1,Test_012,data/datasets/DD_cases_2_3_4_curated_v1/Case4/csv_load/force_disp_Test_012.csv
6x4_013,61.0,33.0,16488.202908673717,1,6.0,4.0,6x4_curated_v1,Test_013,data/datasets/DD_cases_2_3_4_curated_v1/Case4/csv_load/force_disp_Test_013.csv
6x4_014,19.0,79.0,20609.78711097851,2,6.0,4.0,6x4_curated_v1,Test_014,data/datasets/DD_cases_2_3_4_curated_v1/Case4/csv_load/force_disp_Test_014.csv
6x4_015,35.0,60.0,16099.168102698402,2,6.0,4.0,6x4_curated_v1,Test_015,data/datasets/DD_cases_2_3_4_curated_v1/Case4/csv_load/force_disp_Test_015.csv
6x4_016,75.0,-61.0,9606.218223163476,1,6.0,4.0,6x4_curated_v1,Test_016,data/datasets/DD_cases_2_3_4_curated_v1/Case4/csv_load/force_disp_Test_016.csv
6x4_017,-30.0,66.0,17744.618846286707,2,6.0,4.0,6x4_curated_v1,Test_017,data/datasets/DD_cases_2_3_4_curated_v1/Case4/csv_load/force_disp_Test_017.csv
6x4_018,-53.0,31.0,16509.679046427784,2,6.0,4.0,6x4_curated_v1,Test_018,data/datasets/DD_cases_2_3_4_curated_v1/Case4/csv_load/force_disp_Test_018.csv
6x4_019,-79.0,29.0,18071.218289483906,2,6.0,4.0,6x4_curated_v1,Test_019,data/datasets/DD_cases_2_3_4_curated_v1/Case4/csv_load/force_disp_Test_019.csv
6x4_020,-2.0,48.0,22328.79345310121,2,6.0,4.0,6x4_curated_v1,Test_020,data/datasets/DD_cases_2_3_4_curated_v1/Case4/csv_load/force_disp_Test_020.csv
6x4_021,-49.0,-67.0,13167.318747343248,1,6.0,4.0,6x4_curated_v1,Test_021,data/datasets/DD_cases_2_3_4_curated_v1/Case4/csv_load/force_disp_Test_021.csv
6x4_022,43.0,-33.0,15643.776629233736,2,6.0,4.0,6x4_curated_v1,Test_022,data/datasets/DD_cases_2_3_4_curated_v1/Case4/csv_load/force_disp_Test_022.csv
6x4_023,62.0,-67.0,10919.917889467906,1,6.0,4.0,6x4_curated_v1,Test_023,data/datasets/DD_cases_2_3_4_curated_v1/Case4/csv_load/force_disp_Test_023.csv
6x4_024,30.0,75.0,17431.666497748745,2,6.0,4.0,6x4_curated_v1,Test_024,data/datasets/DD_cases_2_3_4_curated_v1/Case4/csv_load/force_disp_Test_024.csv
6x4_025,80.0,-80.0,5974.146129044565,1,6.0,4.0,6x4_curated_v1,Test_025,data/datasets/DD_cases_2_3_4_curated_v1/Case4/csv_load/force_disp_Test_025.csv
6x4_026,-81.0,73.0,6741.47187366278,1,6.0,4.0,6x4_curated_v1,Test_026,data/datasets/DD_cases_2_3_4_curated_v1/Case4/csv_load/force_disp_Test_026.csv
6x4_027,54.0,-38.0,15434.554916393454,1,6.0,4.0,6x4_curated_v1,Test_027,data/datasets/DD_cases_2_3_4_curated_v1/Case4/csv_load/force_disp_Test_027.csv
6x4_028,36.0,-31.0,16700.334618625035,2,6.0,4.0,6x4_curated_v1,Test_028,data/datasets/DD_cases_2_3_4_curated_v1/Case4/csv_load/force_disp_Test_028.csv
6x4_029,52.0,-41.0,15305.02527292944,1,6.0,4.0,6x4_curated_v1,Test_029,data/datasets/DD_cases_2_3_4_curated_v1/Case4/csv_load/force_disp_Test_029.csv
6x4_030,15.0,-12.0,17924.24390293732,3,6.0,4.0,6x4_curated_v1,Test_030,data/datasets/DD_cases_2_3_4_curated_v1/Case4/csv_load/force_disp_Test_030.csv
6x4_031,-55.0,-62.0,12458.905489669378,1,6.0,4.0,6x4_curated_v1,Test_031,data/datasets/DD_cases_2_3_4_curated_v1/Case4/csv_load/force_disp_Test_031.csv
6x4_032,-19.0,-7.0,18193.504559718982,3,6.0,4.0,6x4_curated_v1,Test_032,data/datasets/DD_cases_2_3_4_curated_v1/Case4/csv_load/force_disp_Test_032.csv
6x4_033,-61.0,86.0,8603.9325816845,1,6.0,4.0,6x4_curated_v1,Test_033,data/datasets/DD_cases_2_3_4_curated_v1/Case4/csv_load/force_disp_Test_033.csv
6x4_034,-43.0,-15.0,20448.84284785929,2,6.0,4.0,6x4_curated_v1,Test_034,data/datasets/DD_cases_2_3_4_curated_v1/Case4/csv_load/force_disp_Test_034.csv
6x4_035,70.0,81.0,7229.269718547071,1,6.0,4.0,6x4_curated_v1,Test_035,data/datasets/DD_cases_2_3_4_curated_v1/Case4/csv_load/force_disp_Test_035.csv
6x4_036,8.0,25.0,19860.29223620826,3,6.0,4.0,6x4_curated_v1,Test_036,data/datasets/DD_cases_2_3_4_curated_v1/Case4/csv_load/force_disp_Test_036.csv
6x4_037,-85.0,67.0,7472.906084422283,1,6.0,4.0,6x4_curated_v1,Test_037,data/datasets/DD_cases_2_3_4_curated_v1/Case4/csv_load/force_disp_Test_037.csv
6x4_038,-56.0,52.0,13793.266474940921,1,6.0,4.0,6x4_curated_v1,Test_038,data/datasets/DD_cases_2_3_4_curated_v1/Case4/csv_load/force_disp_Test_038.csv
6x4_039,64.0,42.0,15153.472420711814,1,6.0,4.0,6x4_curated_v1,Test_039,data/datasets/DD_cases_2_3_4_curated_v1/Case4/csv_load/force_disp_Test_039.csv
6x4_040,-27.0,-54.0,17787.812425229233,2,6.0,4.0,6x4_curated_v1,Test_040,data/datasets/DD_cases_2_3_4_curated_v1/Case4/csv_load/force_disp_Test_040.csv
6x4_041,-2.0,-68.0,22358.117936279017,2,6.0,4.0,6x4_curated_v1,Test_041,data/datasets/DD_cases_2_3_4_curated_v1/Case4/csv_load/force_disp_Test_041.csv
6x4_042,84.0,51.0,10860.970880970019,1,6.0,4.0,6x4_curated_v1,Test_042,data/datasets/DD_cases_2_3_4_curated_v1/Case4/csv_load/force_disp_Test_042.csv
6x4_043,79.0,-71.0,7263.017948467875,1,6.0,4.0,6x4_curated_v1,Test_043,data/datasets/DD_cases_2_3_4_curated_v1/Case4/csv_load/force_disp_Test_043.csv
6x4_044,59.0,-56.0,13020.757742860987,1,6.0,4.0,6x4_curated_v1,Test_044,data/datasets/DD_cases_2_3_4_curated_v1/Case4/csv_load/force_disp_Test_044.csv
6x4_045,-18.0,-35.0,19995.27729445088,2,6.0,4.0,6x4_curated_v1,Test_045,data/datasets/DD_cases_2_3_4_curated_v1/Case4/csv_load/force_disp_Test_045.csv
6x4_046,-76.0,-77.0,6767.080412473619,1,6.0,4.0,6x4_curated_v1,Test_046,data/datasets/DD_cases_2_3_4_curated_v1/Case4/csv_load/force_disp_Test_046.csv
6x4_047,42.0,27.0,16941.948790650924,2,6.0,4.0,6x4_curated_v1,Test_047,data/datasets/DD_cases_2_3_4_curated_v1/Case4/csv_load/force_disp_Test_047.csv
6x4_048,1.0,71.0,22333.915636394122,2,6.0,4.0,6x4_curated_v1,Test_048,data/datasets/DD_cases_2_3_4_curated_v1/Case4/csv_load/force_disp_Test_048.csv
6x4_049,-37.0,22.0,18894.133918603293,2,6.0,4.0,6x4_curated_v1,Test_049,data/datasets/DD_cases_2_3_4_curated_v1/Case4/csv_load/force_disp_Test_049.csv
6x4_050,-16.0,44.0,20095.47310657902,2,6.0,4.0,6x4_curated_v1,Test_050,data/datasets/DD_cases_2_3_4_curated_v1/Case4/csv_load/force_disp_Test_050.csv
6x4_051,28.0,57.0,17211.139894556734,2,6.0,4.0,6x4_curated_v1,Test_051,data/datasets/DD_cases_2_3_4_curated_v1/Case4/csv_load/force_disp_Test_051.csv
6x4_052,-79.0,34.0,16823.46663263932,2,6.0,4.0,6x4_curated_v1,Test_052,data/datasets/DD_cases_2_3_4_curated_v1/Case4/csv_load/force_disp_Test_052.csv
6x4_053,3.0,87.0,22215.838817931355,2,6.0,4.0,6x4_curated_v1,Test_053,data/datasets/DD_cases_2_3_4_curated_v1/Case4/csv_load/force_disp_Test_053.csv
6x4_054,-17.0,-44.0,19802.670513986137,2,6.0,4.0,6x4_curated_v1,Test_054,data/datasets/DD_cases_2_3_4_curated_v1/Case4/csv_load/force_disp_Test_054.csv
6x4_055,44.0,-49.0,16003.53308045265,1,6.0,4.0,6x4_curated_v1,Test_055,data/datasets/DD_cases_2_3_4_curated_v1/Case4/csv_load/force_disp_Test_055.csv
6x4_056,67.0,-19.0,20518.220862411847,2,6.0,4.0,6x4_curated_v1,Test_056,data/datasets/DD_cases_2_3_4_curated_v1/Case4/csv_load/force_disp_Test_056.csv
6x4_057,2.0,74.0,22293.436635106573,2,6.0,4.0,6x4_curated_v1,Test_057,data/datasets/DD_cases_2_3_4_curated_v1/Case4/csv_load/force_disp_Test_057.csv
6x4_058,82.0,19.0,20273.166907762425,2,6.0,4.0,6x4_curated_v1,Test_058,data/datasets/DD_cases_2_3_4_curated_v1/Case4/csv_load/force_disp_Test_058.csv
6x4_059,14.0,3.0,17403.926771403785,3,6.0,4.0,6x4_curated_v1,Test_059,data/datasets/DD_cases_2_3_4_curated_v1/Case4/csv_load/force_disp_Test_059.csv
6x4_060,44.0,-84.0,13059.554858234635,1,6.0,4.0,6x4_curated_v1,Test_060,data/datasets/DD_cases_2_3_4_curated_v1/Case4/csv_load/force_disp_Test_060.csv
6x4_061,0.0,-52.0,22390.338402721325,2,6.0,4.0,6x4_curated_v1,Test_061,data/datasets/DD_cases_2_3_4_curated_v1/Case4/csv_load/force_disp_Test_061.csv
6x4_062,33.0,26.0,17848.77388656686,2,6.0,4.0,6x4_curated_v1,Test_062,data/datasets/DD_cases_2_3_4_curated_v1/Case4/csv_load/force_disp_Test_062.csv
6x4_063,-75.0,38.0,15942.54751799103,2,6.0,4.0,6x4_curated_v1,Test_063,data/datasets/DD_cases_2_3_4_curated_v1/Case4/csv_load/force_disp_Test_063.csv
6x4_064,-20.0,55.0,19917.952698060064,2,6.0,4.0,6x4_curated_v1,Test_064,data/datasets/DD_cases_2_3_4_curated_v1/Case4/csv_load/force_disp_Test_064.csv
6x4_065,72.0,31.0,17410.69061531813,2,6.0,4.0,6x4_curated_v1,Test_065,data/datasets/DD_cases_2_3_4_curated_v1/Case4/csv_load/force_disp_Test_065.csv
6x4_066,75.0,72.0,7574.793974005972,1,6.0,4.0,6x4_curated_v1,Test_066,data/datasets/DD_cases_2_3_4_curated_v1/Case4/csv_load/force_disp_Test_066.csv
6x4_067,-83.0,68.0,7376.135864080732,1,6.0,4.0,6x4_curated_v1,Test_067,data/datasets/DD_cases_2_3_4_curated_v1/Case4/csv_load/force_disp_Test_067.csv
6x4_068,-26.0,-1.0,19576.793491775054,3,6.0,4.0,6x4_curated_v1,Test_068,data/datasets/DD_cases_2_3_4_curated_v1/Case4/csv_load/force_disp_Test_068.csv
6x4_069,-36.0,57.0,15953.533601743304,2,6.0,4.0,6x4_curated_v1,Test_069,data/datasets/DD_cases_2_3_4_curated_v1/Case4/csv_load/force_disp_Test_069.csv
6x4_070,-89.0,-51.0,10741.93579880972,1,6.0,4.0,6x4_curated_v1,Test_070,data/datasets/DD_cases_2_3_4_curated_v1/Case4/csv_load/force_disp_Test_070.csv
6x4_071,-45.0,-29.0,16187.949974005638,2,6.0,4.0,6x4_curated_v1,Test_071,data/datasets/DD_cases_2_3_4_curated_v1/Case4/csv_load/force_disp_Test_071.csv
6x4_072,-29.0,13.0,20883.60514859316,3,6.0,4.0,6x4_curated_v1,Test_072,data/datasets/DD_cases_2_3_4_curated_v1/Case4/csv_load/force_disp_Test_072.csv
6x4_073,-22.0,46.0,18362.65095522395,2,6.0,4.0,6x4_curated_v1,Test_073,data/datasets/DD_cases_2_3_4_curated_v1/Case4/csv_load/force_disp_Test_073.csv
6x4_074,-1.0,-8.0,16957.129742286947,3,6.0,4.0,6x4_curated_v1,Test_074,data/datasets/DD_cases_2_3_4_curated_v1/Case4/csv_load/force_disp_Test_074.csv
6x4_075,-22.0,82.0,19855.135779360873,2,6.0,4.0,6x4_curated_v1,Test_075,data/datasets/DD_cases_2_3_4_curated_v1/Case4/csv_load/force_disp_Test_075.csv
6x4_076,50.0,5.0,21909.575475465925,2,6.0,4.0,6x4_curated_v1,Test_076,data/datasets/DD_cases_2_3_4_curated_v1/Case4/csv_load/force_disp_Test_076.csv
6x4_077,-64.0,20.0,19512.41367375843,2,6.0,4.0,6x4_curated_v1,Test_077,data/datasets/DD_cases_2_3_4_curated_v1/Case4/csv_load/force_disp_Test_077.csv
6x4_078,29.0,-79.0,18169.39831242523,2,6.0,4.0,6x4_curated_v1,Test_078,data/datasets/DD_cases_2_3_4_curated_v1/Case4/csv_load/force_disp_Test_078.csv
6x4_079,-67.0,39.0,15675.109831677206,2,6.0,4.0,6x4_curated_v1,Test_079,data/datasets/DD_cases_2_3_4_curated_v1/Case4/csv_load/force_disp_Test_079.csv
6x4_080,-53.0,-64.0,13084.614568148081,1,6.0,4.0,6x4_curated_v1,Test_080,data/datasets/DD_cases_2_3_4_curated_v1/Case4/csv_load/force_disp_Test_080.csv
6x4_081,-38.0,-72.0,16101.298190734396,2,6.0,4.0,6x4_curated_v1,Test_081,data/datasets/DD_cases_2_3_4_curated_v1/Case4/csv_load/force_disp_Test_081.csv
6x4_082,85.0,48.0,11736.197462441638,1,6.0,4.0,6x4_curated_v1,Test_082,data/datasets/DD_cases_2_3_4_curated_v1/Case4/csv_load/force_disp_Test_082.csv
6x4_083,-12.0,85.0,21326.424718647988,2,6.0,4.0,6x4_curated_v1,Test_083,data/datasets/DD_cases_2_3_4_curated_v1/Case4/csv_load/force_disp_Test_083.csv
6x4_084,77.0,-48.0,12337.943110434046,1,6.0,4.0,6x4_curated_v1,Test_084,data/datasets/DD_cases_2_3_4_curated_v1/Case4/csv_load/force_disp_Test_084.csv
6x4_085,45.0,75.0,12589.587008838233,1,6.0,4.0,6x4_curated_v1,Test_085,data/datasets/DD_cases_2_3_4_curated_v1/Case4/csv_load/force_disp_Test_085.csv
6x4_086,-41.0,-54.0,15341.482645335416,1,6.0,4.0,6x4_curated_v1,Test_086,data/datasets/DD_cases_2_3_4_curated_v1/Case4/csv_load/force_disp_Test_086.csv
6x4_087,-38.0,89.0,16189.267634561245,2,6.0,4.0,6x4_curated_v1,Test_087,data/datasets/DD_cases_2_3_4_curated_v1/Case4/csv_load/force_disp_Test_087.csv
6x4_088,23.0,33.0,18608.451507404636,2,6.0,4.0,6x4_curated_v1,Test_088,data/datasets/DD_cases_2_3_4_curated_v1/Case4/csv_load/force_disp_Test_088.csv
6x4_089,18.0,-35.0,20032.379657876594,2,6.0,4.0,6x4_curated_v1,Test_089,data/datasets/DD_cases_2_3_4_curated_v1/Case4/csv_load/force_disp_Test_089.csv
6x4_090,-65.0,24.0,18553.21629145018,2,6.0,4.0,6x4_curated_v1,Test_090,data/datasets/DD_cases_2_3_4_curated_v1/Case4/csv_load/force_disp_Test_090.csv
6x4_091,11.0,36.0,21767.84320171658,3,6.0,4.0,6x4_curated_v1,Test_091,data/datasets/DD_cases_2_3_4_curated_v1/Case4/csv_load/force_disp_Test_091.csv
6x4_092,-38.0,-40.0,16099.213392153637,2,6.0,4.0,6x4_curated_v1,Test_092,data/datasets/DD_cases_2_3_4_curated_v1/Case4/csv_load/force_disp_Test_092.csv
6x4_093,-70.0,-78.0,7555.890633922434,1,6.0,4.0,6x4_curated_v1,Test_093,data/datasets/DD_cases_2_3_4_curated_v1/Case4/csv_load/force_disp_Test_093.csv
6x4_094,73.0,-55.0,11135.612813237853,1,6.0,4.0,6x4_curated_v1,Test_094,data/datasets/DD_cases_2_3_4_curated_v1/Case4/csv_load/force_disp_Test_094.csv
6x4_095,68.0,-30.0,17661.643455896938,2,6.0,4.0,6x4_curated_v1,Test_095,data/datasets/DD_cases_2_3_4_curated_v1/Case4/csv_load/force_disp_Test_095.csv
6x4_096,84.0,-52.0,10662.045194364207,1,6.0,4.0,6x4_curated_v1,Test_096,data/datasets/DD_cases_2_3_4_curated_v1/Case4/csv_load/force_disp_Test_096.csv
6x4_097,-46.0,-23.0,17833.473577146986,2,6.0,4.0,6x4_curated_v1,Test_097,data/datasets/DD_cases_2_3_4_curated_v1/Case4/csv_load/force_disp_Test_097.csv
6x4_098,-1.0,36.0,21625.61055912366,3,6.0,4.0,6x4_curated_v1,Test_098,data/datasets/DD_cases_2_3_4_curated_v1/Case4/csv_load/force_disp_Test_098.csv
6x4_099,90.0,40.0,12361.552384112701,1,6.0,4.0,6x4_curated_v1,Test_099,data/datasets/DD_cases_2_3_4_curated_v1/Case4/csv_load/force_disp_Test_099.csv
6x4_100,69.0,62.0,10290.846377699652,1,6.0,4.0,6x4_curated_v1,Test_100,data/datasets/DD_cases_2_3_4_curated_v1/Case4/csv_load/force_disp_Test_100.csv
6x4_101,48.0,15.0,20115.567029852402,2,6.0,4.0,6x4_curated_v1,Test_101,data/datasets/DD_cases_2_3_4_curated_v1/Case4/csv_load/force_disp_Test_101.csv
6x4_102,76.0,-24.0,18748.451080897223,2,6.0,4.0,6x4_curated_v1,Test_102,data/datasets/DD_cases_2_3_4_curated_v1/Case4/csv_load/force_disp_Test_102.csv
6x4_103,66.0,14.0,20779.429796308756,2,6.0,4.0,6x4_curated_v1,Test_103,data/datasets/DD_cases_2_3_4_curated_v1/Case4/csv_load/force_disp_Test_103.csv
6x4_104,83.0,3.0,22013.511892918705,2,6.0,4.0,6x4_curated_v1,Test_104,data/datasets/DD_cases_2_3_4_curated_v1/Case4/csv_load/force_disp_Test_104.csv
6x4_105,89.0,-77.0,5739.6752127169875,1,6.0,4.0,6x4_curated_v1,Test_105,data/datasets/DD_cases_2_3_4_curated_v1/Case4/csv_load/force_disp_Test_105.csv
6x4_106,-12.0,43.0,21892.502054630153,2,6.0,4.0,6x4_curated_v1,Test_106,data/datasets/DD_cases_2_3_4_curated_v1/Case4/csv_load/force_disp_Test_106.csv
6x4_107,69.0,8.0,21693.39061803584,2,6.0,4.0,6x4_curated_v1,Test_107,data/datasets/DD_cases_2_3_4_curated_v1/Case4/csv_load/force_disp_Test_107.csv
6x4_108,46.0,-72.0,13003.628983356539,1,6.0,4.0,6x4_curated_v1,Test_108,data/datasets/DD_cases_2_3_4_curated_v1/Case4/csv_load/force_disp_Test_108.csv
6x4_109,-69.0,17.0,20635.671601532737,2,6.0,4.0,6x4_curated_v1,Test_109,data/datasets/DD_cases_2_3_4_curated_v1/Case4/csv_load/force_disp_Test_109.csv
6x4_110,-51.0,1.0,22182.1381511646,2,6.0,4.0,6x4_curated_v1,Test_110,data/datasets/DD_cases_2_3_4_curated_v1/Case4/csv_load/force_disp_Test_110.csv
6x4_111,7.0,87.0,21920.621936815387,2,6.0,4.0,6x4_curated_v1,Test_111,data/datasets/DD_cases_2_3_4_curated_v1/Case4/csv_load/force_disp_Test_111.csv
6x4_112,21.0,-8.0,19054.511313868734,3,6.0,4.0,6x4_curated_v1,Test_112,data/datasets/DD_cases_2_3_4_curated_v1/Case4/csv_load/force_disp_Test_112.csv
6x4_113,35.0,-2.0,21509.802299412044,3,6.0,4.0,6x4_curated_v1,Test_113,data/datasets/DD_cases_2_3_4_curated_v1/Case4/csv_load/force_disp_Test_113.csv
6x4_114,-35.0,-78.0,16760.714683028644,2,6.0,4.0,6x4_curated_v1,Test_114,data/datasets/DD_cases_2_3_4_curated_v1/Case4/csv_load/force_disp_Test_114.csv
6x4_115,22.0,74.0,19318.37365424374,2,6.0,4.0,6x4_curated_v1,Test_115,data/datasets/DD_cases_2_3_4_curated_v1/Case4/csv_load/force_disp_Test_115.csv
6x4_116,12.0,-85.0,21286.86687496217,2,6.0,4.0,6x4_curated_v1,Test_116,data/datasets/DD_cases_2_3_4_curated_v1/Case4/csv_load/force_disp_Test_116.csv
6x4_117,-87.0,33.0,17047.571877581824,2,6.0,4.0,6x4_curated_v1,Test_117,data/datasets/DD_cases_2_3_4_curated_v1/Case4/csv_load/force_disp_Test_117.csv
6x4_118,54.0,-88.0,10093.622702080575,1,6.0,4.0,6x4_curated_v1,Test_118,data/datasets/DD_cases_2_3_4_curated_v1/Case4/csv_load/force_disp_Test_118.csv
6x4_119,31.0,-10.0,21142.379614046542,3,6.0,4.0,6x4_curated_v1,Test_119,data/datasets/DD_cases_2_3_4_curated_v1/Case4/csv_load/force_disp_Test_119.csv
6x4_120,-58.0,-26.0,17662.200542907973,2,6.0,4.0,6x4_curated_v1,Test_120,data/datasets/DD_cases_2_3_4_curated_v1/Case4/csv_load/force_disp_Test_120.csv
6x4_121,-50.0,14.0,20916.586085929557,2,6.0,4.0,6x4_curated_v1,Test_121,data/datasets/DD_cases_2_3_4_curated_v1/Case4/csv_load/force_disp_Test_121.csv
6x4_122,20.0,-73.0,20516.942125553487,2,6.0,4.0,6x4_curated_v1,Test_122,data/datasets/DD_cases_2_3_4_curated_v1/Case4/csv_load/force_disp_Test_122.csv
6x4_123,76.0,4.0,21993.004758074017,2,6.0,4.0,6x4_curated_v1,Test_123,data/datasets/DD_cases_2_3_4_curated_v1/Case4/csv_load/force_disp_Test_123.csv
6x4_124,42.0,-66.0,15459.117617288746,1,6.0,4.0,6x4_curated_v1,Test_124,data/datasets/DD_cases_2_3_4_curated_v1/Case4/csv_load/force_disp_Test_124.csv
6x4_125,-3.0,72.0,22280.06196581888,2,6.0,4.0,6x4_curated_v1,Test_125,data/datasets/DD_cases_2_3_4_curated_v1/Case4/csv_load/force_disp_Test_125.csv
6x4_126,-8.0,18.0,17930.849905103307,2,6.0,4.0,6x4_curated_v1,Test_126,data/datasets/DD_cases_2_3_4_curated_v1/Case4/csv_load/force_disp_Test_126.csv
6x4_127,-66.0,77.0,8433.232191979947,1,6.0,4.0,6x4_curated_v1,Test_127,data/datasets/DD_cases_2_3_4_curated_v1/Case4/csv_load/force_disp_Test_127.csv
6x4_128,59.0,-70.0,10901.028508593796,1,6.0,4.0,6x4_curated_v1,Test_128,data/datasets/DD_cases_2_3_4_curated_v1/Case4/csv_load/force_disp_Test_128.csv
6x4_129,24.0,11.0,19751.16392023655,3,6.0,4.0,6x4_curated_v1,Test_129,data/datasets/DD_cases_2_3_4_curated_v1/Case4/csv_load/force_disp_Test_129.csv
6x4_130,-59.0,12.0,21543.467950390856,2,6.0,4.0,6x4_curated_v1,Test_130,data/datasets/DD_cases_2_3_4_curated_v1/Case4/csv_load/force_disp_Test_130.csv
6x4_131,41.0,53.0,15325.026379625706,1,6.0,4.0,6x4_curated_v1,Test_131,data/datasets/DD_cases_2_3_4_curated_v1/Case4/csv_load/force_disp_Test_131.csv
6x4_132,38.0,35.0,15742.111371218838,2,6.0,4.0,6x4_curated_v1,Test_132,data/datasets/DD_cases_2_3_4_curated_v1/Case4/csv_load/force_disp_Test_132.csv
6x4_133,-21.0,37.0,18849.98592227573,2,6.0,4.0,6x4_curated_v1,Test_133,data/datasets/DD_cases_2_3_4_curated_v1/Case4/csv_load/force_disp_Test_133.csv
6x4_134,-56.0,37.0,15597.112008826294,2,6.0,4.0,6x4_curated_v1,Test_134,data/datasets/DD_cases_2_3_4_curated_v1/Case4/csv_load/force_disp_Test_134.csv
6x4_135,39.0,-76.0,16006.88943855908,2,6.0,4.0,6x4_curated_v1,Test_135,data/datasets/DD_cases_2_3_4_curated_v1/Case4/csv_load/force_disp_Test_135.csv
6x4_136,8.0,-68.0,21932.581487616357,2,6.0,4.0,6x4_curated_v1,Test_136,data/datasets/DD_cases_2_3_4_curated_v1/Case4/csv_load/force_disp_Test_136.csv
6x4_137,68.0,53.0,12230.661588968265,1,6.0,4.0,6x4_curated_v1,Test_137,data/datasets/DD_cases_2_3_4_curated_v1/Case4/csv_load/force_disp_Test_137.csv
6x4_138,-28.0,-75.0,18425.936762558722,2,6.0,4.0,6x4_curated_v1,Test_138,data/datasets/DD_cases_2_3_4_curated_v1/Case4/csv_load/force_disp_Test_138.csv
6x4_139,-52.0,-36.0,15468.37737358641,2,6.0,4.0,6x4_curated_v1,Test_139,data/datasets/DD_cases_2_3_4_curated_v1/Case4/csv_load/force_disp_Test_139.csv
6x4_140,1.0,-3.0,16760.952958425063,3,6.0,4.0,6x4_curated_v1,Test_140,data/datasets/DD_cases_2_3_4_curated_v1/Case4/csv_load/force_disp_Test_140.csv
6x4_141,79.0,49.0,11693.184234639493,1,6.0,4.0,6x4_curated_v1,Test_141,data/datasets/DD_cases_2_3_4_curated_v1/Case4/csv_load/force_disp_Test_141.csv
6x4_142,56.0,10.0,21319.723385365323,2,6.0,4.0,6x4_curated_v1,Test_142,data/datasets/DD_cases_2_3_4_curated_v1/Case4/csv_load/force_disp_Test_142.csv
6x4_143,39.0,-35.0,16036.190720089693,2,6.0,4.0,6x4_curated_v1,Test_143,data/datasets/DD_cases_2_3_4_curated_v1/Case4/csv_load/force_disp_Test_143.csv
6x4_144,-86.0,-39.0,15835.30296171324,2,6.0,4.0,6x4_curated_v1,Test_144,data/datasets/DD_cases_2_3_4_curated_v1/Case4/csv_load/force_disp_Test_144.csv
6x4_145,29.0,32.0,17321.666898558327,2,6.0,4.0,6x4_curated_v1,Test_145,data/datasets/DD_cases_2_3_4_curated_v1/Case4/csv_load/force_disp_Test_145.csv
6x4_146,-41.0,-28.0,16422.268749824758,2,6.0,4.0,6x4_curated_v1,Test_146,data/datasets/DD_cases_2_3_4_curated_v1/Case4/csv_load/force_disp_Test_146.csv
6x4_147,47.0,23.0,18337.610171054326,2,6.0,4.0,6x4_curated_v1,Test_147,data/datasets/DD_cases_2_3_4_curated_v1/Case4/csv_load/force_disp_Test_147.csv
6x4_148,46.0,-62.0,15167.89709263468,1,6.0,4.0,6x4_curated_v1,Test_148,data/datasets/DD_cases_2_3_4_curated_v1/Case4/csv_load/force_disp_Test_148.csv
6x4_149,24.0,-59.0,18488.535927105037,2,6.0,4.0,6x4_curated_v1,Test_149,data/datasets/DD_cases_2_3_4_curated_v1/Case4/csv_load/force_disp_Test_149.csv
6x4_150,15.0,-47.0,20401.415749413034,2,6.0,4.0,6x4_curated_v1,Test_150,data/datasets/DD_cases_2_3_4_curated_v1/Case4/csv_load/force_disp_Test_150.csv
6x4_151,-66.0,-82.0,7839.469686969595,1,6.0,4.0,6x4_curated_v1,Test_151,data/datasets/DD_cases_2_3_4_curated_v1/Case4/csv_load/force_disp_Test_151.csv
6x4_152,-23.0,-66.0,19520.730767560206,2,6.0,4.0,6x4_curated_v1,Test_152,data/datasets/DD_cases_2_3_4_curated_v1/Case4/csv_load/force_disp_Test_152.csv
6x4_153,50.0,-62.0,14286.851173680787,1,6.0,4.0,6x4_curated_v1,Test_153,data/datasets/DD_cases_2_3_4_curated_v1/Case4/csv_load/force_disp_Test_153.csv
6x4_154,-65.0,-65.0,10599.394286375713,1,6.0,4.0,6x4_curated_v1,Test_154,data/datasets/DD_cases_2_3_4_curated_v1/Case4/csv_load/force_disp_Test_154.csv
6x4_155,11.0,-32.0,21032.385995143206,2,6.0,4.0,6x4_curated_v1,Test_155,data/datasets/DD_cases_2_3_4_curated_v1/Case4/csv_load/force_disp_Test_155.csv
6x4_156,70.0,-86.0,6910.164352987085,1,6.0,4.0,6x4_curated_v1,Test_156,data/datasets/DD_cases_2_3_4_curated_v1/Case4/csv_load/force_disp_Test_156.csv
6x4_157,78.0,-26.0,18751.314085346956,2,6.0,4.0,6x4_curated_v1,Test_157,data/datasets/DD_cases_2_3_4_curated_v1/Case4/csv_load/force_disp_Test_157.csv
6x4_158,17.0,-43.0,20408.53420979199,2,6.0,4.0,6x4_curated_v1,Test_158,data/datasets/DD_cases_2_3_4_curated_v1/Case4/csv_load/force_disp_Test_158.csv
6x4_159,-9.0,-4.0,17066.94834169127,3,6.0,4.0,6x4_curated_v1,Test_159,data/datasets/DD_cases_2_3_4_curated_v1/Case4/csv_load/force_disp_Test_159.csv
6x4_160,47.0,-13.0,20665.2862093019,2,6.0,4.0,6x4_curated_v1,Test_160,data/datasets/DD_cases_2_3_4_curated_v1/Case4/csv_load/force_disp_Test_160.csv
6x4_161,-43.0,-45.0,15352.175073884922,1,6.0,4.0,6x4_curated_v1,Test_161,data/datasets/DD_cases_2_3_4_curated_v1/Case4/csv_load/force_disp_Test_161.csv
6x4_162,-71.0,-11.0,21339.9828165025,2,6.0,4.0,6x4_curated_v1,Test_162,data/datasets/DD_cases_2_3_4_curated_v1/Case4/csv_load/force_disp_Test_162.csv
6x4_163,-84.0,28.0,18210.240977751277,2,6.0,4.0,6x4_curated_v1,Test_163,data/datasets/DD_cases_2_3_4_curated_v1/Case4/csv_load/force_disp_Test_163.csv
6x4_164,-16.0,-5.0,17924.91288582107,2,6.0,4.0,6x4_curated_v1,Test_164,data/datasets/DD_cases_2_3_4_curated_v1/Case4/csv_load/force_disp_Test_164.csv
6x4_165,-5.0,10.0,16755.293177064803,3,6.0,4.0,6x4_curated_v1,Test_165,data/datasets/DD_cases_2_3_4_curated_v1/Case4/csv_load/force_disp_Test_165.csv
6x4_166,-61.0,-3.0,22131.98328592722,2,6.0,4.0,6x4_curated_v1,Test_166,data/datasets/DD_cases_2_3_4_curated_v1/Case4/csv_load/force_disp_Test_166.csv
6x4_167,-4.0,-6.0,16689.115446080476,3,6.0,4.0,6x4_curated_v1,Test_167,data/datasets/DD_cases_2_3_4_curated_v1/Case4/csv_load/force_disp_Test_167.csv
6x4_168,-5.0,-1.0,17139.540631082622,3,6.0,4.0,6x4_curated_v1,Test_168,data/datasets/DD_cases_2_3_4_curated_v1/Case4/csv_load/force_disp_Test_168.csv
6x4_169,58.0,-70.0,11097.69246060567,1,6.0,4.0,6x4_curated_v1,Test_169,data/datasets/DD_cases_2_3_4_curated_v1/Case4/csv_load/force_disp_Test_169.csv
6x4_170,-35.0,-50.0,15763.79095797676,2,6.0,4.0,6x4_curated_v1,Test_170,data/datasets/DD_cases_2_3_4_curated_v1/Case4/csv_load/force_disp_Test_170.csv
6x4_171,-6.0,-18.0,17410.69431437889,3,6.0,4.0,6x4_curated_v1,Test_171,data/datasets/DD_cases_2_3_4_curated_v1/Case4/csv_load/force_disp_Test_171.csv
6x4_172,-68.0,5.0,22001.661542988226,2,6.0,4.0,6x4_curated_v1,Test_172,data/datasets/DD_cases_2_3_4_curated_v1/Case4/csv_load/force_disp_Test_172.csv
6x4_173,82.0,-55.0,10147.57003477745,1,6.0,4.0,6x4_curated_v1,Test_173,data/datasets/DD_cases_2_3_4_curated_v1/Case4/csv_load/force_disp_Test_173.csv
6x4_174,-76.0,51.0,11586.020496456618,1,6.0,4.0,6x4_curated_v1,Test_174,data/datasets/DD_cases_2_3_4_curated_v1/Case4/csv_load/force_disp_Test_174.csv
6x4_175,-73.0,85.0,6486.307386958716,1,6.0,4.0,6x4_curated_v1,Test_175,data/datasets/DD_cases_2_3_4_curated_v1/Case4/csv_load/force_disp_Test_175.csv
6x4_176,-36.0,30.0,16882.71816026857,2,6.0,4.0,6x4_curated_v1,Test_176,data/datasets/DD_cases_2_3_4_curated_v1/Case4/csv_load/force_disp_Test_176.csv
6x4_177,25.0,-81.0,19145.919367808307,2,6.0,4.0,6x4_curated_v1,Test_177,data/datasets/DD_cases_2_3_4_curated_v1/Case4/csv_load/force_disp_Test_177.csv
6x4_178,27.0,63.0,17812.74790622233,2,6.0,4.0,6x4_curated_v1,Test_178,data/datasets/DD_cases_2_3_4_curated_v1/Case4/csv_load/force_disp_Test_178.csv
6x4_179,73.0,-44.0,15042.643394652185,1,6.0,4.0,6x4_curated_v1,Test_179,data/datasets/DD_cases_2_3_4_curated_v1/Case4/csv_load/force_disp_Test_179.csv
6x4_180,-14.0,88.0,21811.848537109374,2,6.0,4.0,6x4_curated_v1,Test_180,data/datasets/DD_cases_2_3_4_curated_v1/Case4/csv_load/force_disp_Test_180.csv
6x4_181,88.0,45.0,12392.318254241229,2,6.0,4.0,6x4_curated_v1,Test_181,data/datasets/DD_cases_2_3_4_curated_v1/Case4/csv_load/force_disp_Test_181.csv
6x4_182,-14.0,42.0,20666.746430570336,2,6.0,4.0,6x4_curated_v1,Test_182,data/datasets/DD_cases_2_3_4_curated_v1/Case4/csv_load/force_disp_Test_182.csv
6x4_183,37.0,63.0,15989.98335424239,2,6.0,4.0,6x4_curated_v1,Test_183,data/datasets/DD_cases_2_3_4_curated_v1/Case4/csv_load/force_disp_Test_183.csv
6x4_184,83.0,43.0,11956.04729499557,2,6.0,4.0,6x4_curated_v1,Test_184,data/datasets/DD_cases_2_3_4_curated_v1/Case4/csv_load/force_disp_Test_184.csv
6x4_185,-18.0,49.0,19624.96577963115,2,6.0,4.0,6x4_curated_v1,Test_185,data/datasets/DD_cases_2_3_4_curated_v1/Case4/csv_load/force_disp_Test_185.csv
6x4_186,-54.0,1.0,22179.04572113914,2,6.0,4.0,6x4_curated_v1,Test_186,data/datasets/DD_cases_2_3_4_curated_v1/Case4/csv_load/force_disp_Test_186.csv
6x4_187,-47.0,-37.0,15396.657748207082,1,6.0,4.0,6x4_curated_v1,Test_187,data/datasets/DD_cases_2_3_4_curated_v1/Case4/csv_load/force_disp_Test_187.csv
6x4_188,-40.0,56.0,15513.92063728736,1,6.0,4.0,6x4_curated_v1,Test_188,data/datasets/DD_cases_2_3_4_curated_v1/Case4/csv_load/force_disp_Test_188.csv
6x4_189,34.0,0.0,21657.906151661224,3,6.0,4.0,6x4_curated_v1,Test_189,data/datasets/DD_cases_2_3_4_curated_v1/Case4/csv_load/force_disp_Test_189.csv
6x4_190,-80.0,40.0,15648.583910240095,2,6.0,4.0,6x4_curated_v1,Test_190,data/datasets/DD_cases_2_3_4_curated_v1/Case4/csv_load/force_disp_Test_190.csv
6x4_191,-75.0,6.0,21874.91778887755,2,6.0,4.0,6x4_curated_v1,Test_191,data/datasets/DD_cases_2_3_4_curated_v1/Case4/csv_load/force_disp_Test_191.csv
6x4_192,89.0,-86.0,4973.9925900578555,1,6.0,4.0,6x4_curated_v1,Test_192,data/datasets/DD_cases_2_3_4_curated_v1/Case4/csv_load/force_disp_Test_192.csv
6x4_193,48.0,41.0,15388.243323403005,1,6.0,4.0,6x4_curated_v1,Test_193,data/datasets/DD_cases_2_3_4_curated_v1/Case4/csv_load/force_disp_Test_193.csv
6x4_194,-11.0,-16.0,17756.135113982586,3,6.0,4.0,6x4_curated_v1,Test_194,data/datasets/DD_cases_2_3_4_curated_v1/Case4/csv_load/force_disp_Test_194.csv
6x4_195,12.0,71.0,21996.260955284524,2,6.0,4.0,6x4_curated_v1,Test_195,data/datasets/DD_cases_2_3_4_curated_v1/Case4/csv_load/force_disp_Test_195.csv
6x4_196,-32.0,84.0,17519.585877242494,2,6.0,4.0,6x4_curated_v1,Test_196,data/datasets/DD_cases_2_3_4_curated_v1/Case4/csv_load/force_disp_Test_196.csv
6x4_197,-80.0,-38.0,15893.15974336097,2,6.0,4.0,6x4_curated_v1,Test_197,data/datasets/DD_cases_2_3_4_curated_v1/Case4/csv_load/force_disp_Test_197.csv
6x4_198,-82.0,-53.0,10577.037843011174,1,6.0,4.0,6x4_curated_v1,Test_198,data/datasets/DD_cases_2_3_4_curated_v1/Case4/csv_load/force_disp_Test_198.csv
6x4_199,-45.0,82.0,12884.544918881533,1,6.0,4.0,6x4_curated_v1,Test_199,data/datasets/DD_cases_2_3_4_curated_v1/Case4/csv_load/force_disp_Test_199.csv
6x4_200,88.0,-42.0,11926.17822368546,1,6.0,4.0,6x4_curated_v1,Test_200,data/datasets/DD_cases_2_3_4_curated_v1/Case4/csv_load/force_disp_Test_200.csv
6x4_201,-73.0,-27.0,18501.122888261427,2,6.0,4.0,6x4_curated_v1,Test_201,data/datasets/DD_cases_2_3_4_curated_v1/Case4/csv_load/force_disp_Test_201.csv
6x4_202,-24.0,-76.0,19533.891318677703,2,6.0,4.0,6x4_curated_v1,Test_202,data/datasets/DD_cases_2_3_4_curated_v1/Case4/csv_load/force_disp_Test_202.csv
6x4_203,33.0,58.0,16486.365230660547,2,6.0,4.0,6x4_curated_v1,Test_203,data/datasets/DD_cases_2_3_4_curated_v1/Case4/csv_load/force_disp_Test_203.csv
6x4_204,27.0,-22.0,20176.706110514904,3,6.0,4.0,6x4_curated_v1,Test_204,data/datasets/DD_cases_2_3_4_curated_v1/Case4/csv_load/force_disp_Test_204.csv
6x4_205,-58.0,-50.0,15043.964088905863,1,6.0,4.0,6x4_curated_v1,Test_205,data/datasets/DD_cases_2_3_4_curated_v1/Case4/csv_load/force_disp_Test_205.csv
6x4_206,4.0,90.0,10036.736432191612,2,6.0,4.0,6x4_curated_v1,Test_206,data/datasets/DD_cases_2_3_4_curated_v1/Case4/csv_load/force_disp_Test_206.csv
6x4_207,19.0,-83.0,19995.28621372993,2,6.0,4.0,6x4_curated_v1,Test_207,data/datasets/DD_cases_2_3_4_curated_v1/Case4/csv_load/force_disp_Test_207.csv
6x4_208,-87.0,47.0,11851.482992077586,1,6.0,4.0,6x4_curated_v1,Test_208,data/datasets/DD_cases_2_3_4_curated_v1/Case4/csv_load/force_disp_Test_208.csv
6x4_209,58.0,-69.0,11273.829196034098,1,6.0,4.0,6x4_curated_v1,Test_209,data/datasets/DD_cases_2_3_4_curated_v1/Case4/csv_load/force_disp_Test_209.csv
6x4_210,-10.0,23.0,18809.799572454758,3,6.0,4.0,6x4_curated_v1,Test_210,data/datasets/DD_cases_2_3_4_curated_v1/Case4/csv_load/force_disp_Test_210.csv
6x4_211,55.0,-59.0,13099.915601604815,1,6.0,4.0,6x4_curated_v1,Test_211,data/datasets/DD_cases_2_3_4_curated_v1/Case4/csv_load/force_disp_Test_211.csv
6x4_212,-63.0,54.0,13167.471008135466,1,6.0,4.0,6x4_curated_v1,Test_212,data/datasets/DD_cases_2_3_4_curated_v1/Case4/csv_load/force_disp_Test_212.csv
6x4_213,67.0,-42.0,15297.196516776994,2,6.0,4.0,6x4_curated_v1,Test_213,data/datasets/DD_cases_2_3_4_curated_v1/Case4/csv_load/force_disp_Test_213.csv
6x4_214,63.0,-14.0,21497.268914674736,2,6.0,4.0,6x4_curated_v1,Test_214,data/datasets/DD_cases_2_3_4_curated_v1/Case4/csv_load/force_disp_Test_214.csv
6x4_215,9.0,13.0,17607.910295194793,3,6.0,4.0,6x4_curated_v1,Test_215,data/datasets/DD_cases_2_3_4_curated_v1/Case4/csv_load/force_disp_Test_215.csv
6x4_216,-10.0,59.0,21611.4483428287,2,6.0,4.0,6x4_curated_v1,Test_216,data/datasets/DD_cases_2_3_4_curated_v1/Case4/csv_load/force_disp_Test_216.csv
6x4_217,21.0,56.0,19024.884481113513,2,6.0,4.0,6x4_curated_v1,Test_217,data/datasets/DD_cases_2_3_4_curated_v1/Case4/csv_load/force_disp_Test_217.csv
6x4_218,5.0,-15.0,17605.792968490783,3,6.0,4.0,6x4_curated_v1,Test_218,data/datasets/DD_cases_2_3_4_curated_v1/Case4/csv_load/force_disp_Test_218.csv
6x4_219,-7.0,65.0,22026.789682494044,2,6.0,4.0,6x4_curated_v1,Test_219,data/datasets/DD_cases_2_3_4_curated_v1/Case4/csv_load/force_disp_Test_219.csv
6x4_220,14.0,-23.0,19382.372791549784,3,6.0,4.0,6x4_curated_v1,Test_220,data/datasets/DD_cases_2_3_4_curated_v1/Case4/csv_load/force_disp_Test_220.csv
6x4_221,74.0,-56.0,10787.729413537414,1,6.0,4.0,6x4_curated_v1,Test_221,data/datasets/DD_cases_2_3_4_curated_v1/Case4/csv_load/force_disp_Test_221.csv
6x4_222,7.0,-80.0,21951.63874377695,2,6.0,4.0,6x4_curated_v1,Test_222,data/datasets/DD_cases_2_3_4_curated_v1/Case4/csv_load/force_disp_Test_222.csv
6x4_223,-78.0,-48.0,12156.378780918145,1,6.0,4.0,6x4_curated_v1,Test_223,data/datasets/DD_cases_2_3_4_curated_v1/Case4/csv_load/force_disp_Test_223.csv
6x4_224,-4.0,-43.0,21078.173809356336,2,6.0,4.0,6x4_curated_v1,Test_224,data/datasets/DD_cases_2_3_4_curated_v1/Case4/csv_load/force_disp_Test_224.csv
6x4_225,2.0,-73.0,22317.9362294314,2,6.0,4.0,6x4_curated_v1,Test_225,data/datasets/DD_cases_2_3_4_curated_v1/Case4/csv_load/force_disp_Test_225.csv
6x4_226,-42.0,80.0,12651.832225226417,1,6.0,4.0,6x4_curated_v1,Test_226,data/datasets/DD_cases_2_3_4_curated_v1/Case4/csv_load/force_disp_Test_226.csv
6x4_227,-42.0,-6.0,22052.64681319117,2,6.0,4.0,6x4_curated_v1,Test_227,data/datasets/DD_cases_2_3_4_curated_v1/Case4/csv_load/force_disp_Test_227.csv
6x4_228,60.0,-31.0,16621.60805151021,2,6.0,4.0,6x4_curated_v1,Test_228,data/datasets/DD_cases_2_3_4_curated_v1/Case4/csv_load/force_disp_Test_228.csv
6x4_229,42.0,86.0,12126.526532711148,1,6.0,4.0,6x4_curated_v1,Test_229,data/datasets/DD_cases_2_3_4_curated_v1/Case4/csv_load/force_disp_Test_229.csv
6x4_230,-44.0,-30.0,16287.154204140936,2,6.0,4.0,6x4_curated_v1,Test_230,data/datasets/DD_cases_2_3_4_curated_v1/Case4/csv_load/force_disp_Test_230.csv
6x4_231,-69.0,24.0,19224.879870378172,2,6.0,4.0,6x4_curated_v1,Test_231,data/datasets/DD_cases_2_3_4_curated_v1/Case4/csv_load/force_disp_Test_231.csv
6x4_232,-8.0,-27.0,20104.036356437533,3,6.0,4.0,6x4_curated_v1,Test_232,data/datasets/DD_cases_2_3_4_curated_v1/Case4/csv_load/force_disp_Test_232.csv
6x4_233,61.0,-20.0,19915.969943875163,2,6.0,4.0,6x4_curated_v1,Test_233,data/datasets/DD_cases_2_3_4_curated_v1/Case4/csv_load/force_disp_Test_233.csv
6x4_234,-49.0,-40.0,15308.929501320623,1,6.0,4.0,6x4_curated_v1,Test_234,data/datasets/DD_cases_2_3_4_curated_v1/Case4/csv_load/force_disp_Test_234.csv
6x4_235,-62.0,7.0,21835.9882752521,2,6.0,4.0,6x4_curated_v1,Test_235,data/datasets/DD_cases_2_3_4_curated_v1/Case4/csv_load/force_disp_Test_235.csv
6x4_236,16.0,-57.0,21051.064603649524,2,6.0,4.0,6x4_curated_v1,Test_236,data/datasets/DD_cases_2_3_4_curated_v1/Case4/csv_load/force_disp_Test_236.csv
6x4_237,-32.0,66.0,16872.448392359238,2,6.0,4.0,6x4_curated_v1,Test_237,data/datasets/DD_cases_2_3_4_curated_v1/Case4/csv_load/force_disp_Test_237.csv
6x4_238,64.0,-22.0,19034.095052135843,2,6.0,4.0,6x4_curated_v1,Test_238,data/datasets/DD_cases_2_3_4_curated_v1/Case4/csv_load/force_disp_Test_238.csv
6x4_239,30.0,17.0,19618.95197201205,3,6.0,4.0,6x4_curated_v1,Test_239,data/datasets/DD_cases_2_3_4_curated_v1/Case4/csv_load/force_disp_Test_239.csv
6x4_240,53.0,26.0,17734.917223634024,2,6.0,4.0,6x4_curated_v1,Test_240,data/datasets/DD_cases_2_3_4_curated_v1/Case4/csv_load/force_disp_Test_240.csv
6x4_241,13.0,6.0,17461.919738302284,3,6.0,4.0,6x4_curated_v1,Test_241,data/datasets/DD_cases_2_3_4_curated_v1/Case4/csv_load/force_disp_Test_241.csv
6x4_242,-31.0,60.0,17180.947617492322,2,6.0,4.0,6x4_curated_v1,Test_242,data/datasets/DD_cases_2_3_4_curated_v1/Case4/csv_load/force_disp_Test_242.csv
6x4_243,-63.0,-63.0,11471.812100818797,1,6.0,4.0,6x4_curated_v1,Test_243,data/datasets/DD_cases_2_3_4_curated_v1/Case4/csv_load/force_disp_Test_243.csv
6x4_244,85.0,-58.0,9219.000408770862,1,6.0,4.0,6x4_curated_v1,Test_244,data/datasets/DD_cases_2_3_4_curated_v1/Case4/csv_load/force_disp_Test_244.csv
6x4_245,-34.0,-14.0,19881.196425051658,2,6.0,4.0,6x4_curated_v1,Test_245,data/datasets/DD_cases_2_3_4_curated_v1/Case4/csv_load/force_disp_Test_245.csv
6x4_246,60.0,61.0,12071.324130888881,1,6.0,4.0,6x4_curated_v1,Test_246,data/datasets/DD_cases_2_3_4_curated_v1/Case4/csv_load/force_disp_Test_246.csv
6x4_247,-83.0,78.0,5902.682443111473,1,6.0,4.0,6x4_curated_v1,Test_247,data/datasets/DD_cases_2_3_4_curated_v1/Case4/csv_load/force_disp_Test_247.csv
6x4_248,6.0,27.0,19351.973849259746,3,6.0,4.0,6x4_curated_v1,Test_248,data/datasets/DD_cases_2_3_4_curated_v1/Case4/csv_load/force_disp_Test_248.csv
6x4_249,6.0,16.0,17597.91997942234,3,6.0,4.0,6x4_curated_v1,Test_249,data/datasets/DD_cases_2_3_4_curated_v1/Case4/csv_load/force_disp_Test_249.csv
6x4_250,-47.0,64.0,15084.932570751116,1,6.0,4.0,6x4_curated_v1,Test_250,data/datasets/DD_cases_2_3_4_curated_v1/Case4/csv_load/force_disp_Test_250.csv
6x4_251,-69.0,0.0,22172.860475327252,2,6.0,4.0,6x4_curated_v1,Test_251,data/datasets/DD_cases_2_3_4_curated_v1/Case4/csv_load/force_disp_Test_251.csv
6x4_252,-82.0,-45.0,12769.51346224902,1,6.0,4.0,6x4_curated_v1,Test_252,data/datasets/DD_cases_2_3_4_curated_v1/Case4/csv_load/force_disp_Test_252.csv
6x4_253,56.0,-34.0,16106.740025738418,2,6.0,4.0,6x4_curated_v1,Test_253,data/datasets/DD_cases_2_3_4_curated_v1/Case4/csv_load/force_disp_Test_253.csv
6x4_254,-75.0,-17.0,21039.167923651,2,6.0,4.0,6x4_curated_v1,Test_254,data/datasets/DD_cases_2_3_4_curated_v1/Case4/csv_load/force_disp_Test_254.csv
6x4_255,32.0,-60.0,16913.702942077303,2,6.0,4.0,6x4_curated_v1,Test_255,data/datasets/DD_cases_2_3_4_curated_v1/Case4/csv_load/force_disp_Test_255.csv
6x4_256,-25.0,-11.0,19397.504730784083,3,6.0,4.0,6x4_curated_v1,Test_256,data/datasets/DD_cases_2_3_4_curated_v1/Case4/csv_load/force_disp_Test_256.csv
6x4_257,65.0,80.0,8200.740123507769,1,6.0,4.0,6x4_curated_v1,Test_257,data/datasets/DD_cases_2_3_4_curated_v1/Case4/csv_load/force_disp_Test_257.csv
6x4_258,54.0,-18.0,20314.08596558775,2,6.0,4.0,6x4_curated_v1,Test_258,data/datasets/DD_cases_2_3_4_curated_v1/Case4/csv_load/force_disp_Test_258.csv
6x4_259,-6.0,38.0,22505.43002054607,2,6.0,4.0,6x4_curated_v1,Test_259,data/datasets/DD_cases_2_3_4_curated_v1/Case4/csv_load/force_disp_Test_259.csv
6x4_260,-50.0,68.0,12955.989049221287,1,6.0,4.0,6x4_curated_v1,Test_260,data/datasets/DD_cases_2_3_4_curated_v1/Case4/csv_load/force_disp_Test_260.csv
6x4_261,-14.0,-28.0,21004.782456813682,2,6.0,4.0,6x4_curated_v1,Test_261,data/datasets/DD_cases_2_3_4_curated_v1/Case4/csv_load/force_disp_Test_261.csv
6x4_262,-57.0,76.0,10329.062946712249,1,6.0,4.0,6x4_curated_v1,Test_262,data/datasets/DD_cases_2_3_4_curated_v1/Case4/csv_load/force_disp_Test_262.csv
6x4_263,-24.0,2.0,19691.9189183975,3,6.0,4.0,6x4_curated_v1,Test_263,data/datasets/DD_cases_2_3_4_curated_v1/Case4/csv_load/force_disp_Test_263.csv
6x4_264,87.0,-65.0,7704.507732738949,1,6.0,4.0,6x4_curated_v1,Test_264,data/datasets/DD_cases_2_3_4_curated_v1/Case4/csv_load/force_disp_Test_264.csv
6x4_265,-25.0,-84.0,19292.212069492394,2,6.0,4.0,6x4_curated_v1,Test_265,data/datasets/DD_cases_2_3_4_curated_v1/Case4/csv_load/force_disp_Test_265.csv
6x4_266,-26.0,-39.0,17615.15288396271,2,6.0,4.0,6x4_curated_v1,Test_266,data/datasets/DD_cases_2_3_4_curated_v1/Case4/csv_load/force_disp_Test_266.csv
6x4_267,-33.0,-46.0,15968.063155630864,2,6.0,4.0,6x4_curated_v1,Test_267,data/datasets/DD_cases_2_3_4_curated_v1/Case4/csv_load/force_disp_Test_267.csv
6x4_268,-59.0,29.0,17341.88221619938,2,6.0,4.0,6x4_curated_v1,Test_268,data/datasets/DD_cases_2_3_4_curated_v1/Case4/csv_load/force_disp_Test_268.csv
6x4_269,-60.0,60.0,12357.183283795895,1,6.0,4.0,6x4_curated_v1,Test_269,data/datasets/DD_cases_2_3_4_curated_v1/Case4/csv_load/force_disp_Test_269.csv
6x4_270,10.0,76.0,21611.960588256665,2,6.0,4.0,6x4_curated_v1,Test_270,data/datasets/DD_cases_2_3_4_curated_v1/Case4/csv_load/force_disp_Test_270.csv
6x4_271,-30.0,50.0,16678.592083709733,2,6.0,4.0,6x4_curated_v1,Test_271,data/datasets/DD_cases_2_3_4_curated_v1/Case4/csv_load/force_disp_Test_271.csv
6x4_272,72.0,69.0,8556.787257813003,1,6.0,4.0,6x4_curated_v1,Test_272,data/datasets/DD_cases_2_3_4_curated_v1/Case4/csv_load/force_disp_Test_272.csv
6x4_273,81.0,62.0,8656.637987841574,1,6.0,4.0,6x4_curated_v1,Test_273,data/datasets/DD_cases_2_3_4_curated_v1/Case4/csv_load/force_disp_Test_273.csv
6x4_274,30.0,-25.0,19052.604303117045,2,6.0,4.0,6x4_curated_v1,Test_274,data/datasets/DD_cases_2_3_4_curated_v1/Case4/csv_load/force_disp_Test_274.csv
6x4_275,80.0,-20.0,20254.760134148695,2,6.0,4.0,6x4_curated_v1,Test_275,data/datasets/DD_cases_2_3_4_curated_v1/Case4/csv_load/force_disp_Test_275.csv
6x4_276,-88.0,70.0,6779.553781179912,1,6.0,4.0,6x4_curated_v1,Test_276,data/datasets/DD_cases_2_3_4_curated_v1/Case4/csv_load/force_disp_Test_276.csv
6x4_277,57.0,88.0,9385.134860089873,1,6.0,4.0,6x4_curated_v1,Test_277,data/datasets/DD_cases_2_3_4_curated_v1/Case4/csv_load/force_disp_Test_277.csv
6x4_278,18.0,78.0,20206.486064621356,2,6.0,4.0,6x4_curated_v1,Test_278,data/datasets/DD_cases_2_3_4_curated_v1/Case4/csv_load/force_disp_Test_278.csv
6x4_279,-88.0,-89.0,4910.86792918435,1,6.0,4.0,6x4_curated_v1,Test_279,data/datasets/DD_cases_2_3_4_curated_v1/Case4/csv_load/force_disp_Test_279.csv
6x4_280,-31.0,-12.0,20750.043732987455,3,6.0,4.0,6x4_curated_v1,Test_280,data/datasets/DD_cases_2_3_4_curated_v1/Case4/csv_load/force_disp_Test_280.csv
6x4_281,-72.0,-17.0,21030.65079267539,2,6.0,4.0,6x4_curated_v1,Test_281,data/datasets/DD_cases_2_3_4_curated_v1/Case4/csv_load/force_disp_Test_281.csv
6x4_282,25.0,-74.0,18957.25163945338,2,6.0,4.0,6x4_curated_v1,Test_282,data/datasets/DD_cases_2_3_4_curated_v1/Case4/csv_load/force_disp_Test_282.csv
6x4_283,34.0,-21.0,19009.848796371974,2,6.0,4.0,6x4_curated_v1,Test_283,data/datasets/DD_cases_2_3_4_curated_v1/Case4/csv_load/force_disp_Test_283.csv
6x4_284,16.0,16.0,18518.32541803028,3,6.0,4.0,6x4_curated_v1,Test_284,data/datasets/DD_cases_2_3_4_curated_v1/Case4/csv_load/force_disp_Test_284.csv
6x4_285,-21.0,55.0,19079.6016532544,2,6.0,4.0,6x4_curated_v1,Test_285,data/datasets/DD_cases_2_3_4_curated_v1/Case4/csv_load/force_disp_Test_285.csv
6x4_286,40.0,-87.0,12552.935520450395,1,6.0,4.0,6x4_curated_v1,Test_286,data/datasets/DD_cases_2_3_4_curated_v1/Case4/csv_load/force_disp_Test_286.csv
6x4_287,-77.0,22.0,19849.465707642335,2,6.0,4.0,6x4_curated_v1,Test_287,data/datasets/DD_cases_2_3_4_curated_v1/Case4/csv_load/force_disp_Test_287.csv
6x4_288,37.0,70.0,16209.397827074268,2,6.0,4.0,6x4_curated_v1,Test_288,data/datasets/DD_cases_2_3_4_curated_v1/Case4/csv_load/force_disp_Test_288.csv
6x4_289,-9.0,44.0,21690.846366785077,2,6.0,4.0,6x4_curated_v1,Test_289,data/datasets/DD_cases_2_3_4_curated_v1/Case4/csv_load/force_disp_Test_289.csv
6x4_290,20.0,-82.0,20429.775187642066,2,6.0,4.0,6x4_curated_v1,Test_290,data/datasets/DD_cases_2_3_4_curated_v1/Case4/csv_load/force_disp_Test_290.csv
6x4_291,26.0,5.0,19104.838989224707,3,6.0,4.0,6x4_curated_v1,Test_291,data/datasets/DD_cases_2_3_4_curated_v1/Case4/csv_load/force_disp_Test_291.csv
6x4_292,71.0,-88.0,6673.224529845868,1,6.0,4.0,6x4_curated_v1,Test_292,data/datasets/DD_cases_2_3_4_curated_v1/Case4/csv_load/force_disp_Test_292.csv
6x4_293,-28.0,11.0,19825.369609052064,3,6.0,4.0,6x4_curated_v1,Test_293,data/datasets/DD_cases_2_3_4_curated_v1/Case4/csv_load/force_disp_Test_293.csv
6x4_294,-71.0,-57.0,10910.039753327488,1,6.0,4.0,6x4_curated_v1,Test_294,data/datasets/DD_cases_2_3_4_curated_v1/Case4/csv_load/force_disp_Test_294.csv
6x4_295,-84.0,-9.0,21533.987799605206,2,6.0,4.0,6x4_curated_v1,Test_295,data/datasets/DD_cases_2_3_4_curated_v1/Case4/csv_load/force_disp_Test_295.csv
6x4_296,-48.0,82.0,11897.097229080318,1,6.0,4.0,6x4_curated_v1,Test_296,data/datasets/DD_cases_2_3_4_curated_v1/Case4/csv_load/force_disp_Test_296.csv
6x4_297,-13.0,-4.0,17587.509234222816,3,6.0,4.0,6x4_curated_v1,Test_297,data/datasets/DD_cases_2_3_4_curated_v1/Case4/csv_load/force_disp_Test_297.csv
6x4_298,-19.0,-23.0,19774.53180813125,3,6.0,4.0,6x4_curated_v1,Test_298,data/datasets/DD_cases_2_3_4_curated_v1/Case4/csv_load/force_disp_Test_298.csv
6x4_299,5.0,-32.0,21926.645819261597,3,6.0,4.0,6x4_curated_v1,Test_299,data/datasets/DD_cases_2_3_4_curated_v1/Case4/csv_load/force_disp_Test_299.csv
6x4_300,51.0,46.0,15617.486585595781,1,6.0,4.0,6x4_curated_v1,Test_300,data/datasets/DD_cases_2_3_4_curated_v1/Case4/csv_load/force_disp_Test_300.csv
6x8_001,65.0,19.0,7534.715071405816,2,6.0,8.0,6x8_new_data_curve_classifier_v1,Test_001,data/New_Data/csv_6x8_Case4/force_disp_Test_001.csv
6x8_002,40.0,-51.0,9914.920416991428,2,6.0,8.0,6x8_new_data_curve_classifier_v1,Test_002,data/New_Data/csv_6x8_Case4/force_disp_Test_002.csv
6x8_003,-44.0,65.0,9432.477883311005,2,6.0,8.0,6x8_new_data_curve_classifier_v1,Test_003,data/New_Data/csv_6x8_Case4/force_disp_Test_003.csv
6x8_004,49.0,48.0,10345.814402965785,1,6.0,8.0,6x8_new_data_curve_classifier_v1,Test_004,data/New_Data/csv_6x8_Case4/force_disp_Test_004.csv
6x8_005,-52.0,20.0,7813.979543973258,2,6.0,8.0,6x8_new_data_curve_classifier_v1,Test_005,data/New_Data/csv_6x8_Case4/force_disp_Test_005.csv
6x8_006,-15.0,-74.0,6880.468260381428,2,6.0,8.0,6x8_new_data_curve_classifier_v1,Test_006,data/New_Data/csv_6x8_Case4/force_disp_Test_006.csv
6x8_007,51.0,-83.0,8428.041592901605,1,6.0,8.0,6x8_new_data_curve_classifier_v1,Test_007,data/New_Data/csv_6x8_Case4/force_disp_Test_007.csv
6x8_008,86.0,9.0,6282.417083502739,2,6.0,8.0,6x8_new_data_curve_classifier_v1,Test_008,data/New_Data/csv_6x8_Case4/force_disp_Test_008.csv
6x8_009,-63.0,21.0,7789.657812953683,2,6.0,8.0,6x8_new_data_curve_classifier_v1,Test_009,data/New_Data/csv_6x8_Case4/force_disp_Test_009.csv
6x8_010,-74.0,83.0,4291.269133329335,1,6.0,8.0,6x8_new_data_curve_classifier_v1,Test_010,data/New_Data/csv_6x8_Case4/force_disp_Test_010.csv
6x8_011,-39.0,-9.0,6617.1769490242,3,6.0,8.0,6x8_new_data_curve_classifier_v1,Test_011,data/New_Data/csv_6x8_Case4/force_disp_Test_011.csv
6x8_012,-56.0,9.0,7211.061770148175,2,6.0,8.0,6x8_new_data_curve_classifier_v1,Test_012,data/New_Data/csv_6x8_Case4/force_disp_Test_012.csv
6x8_013,61.0,33.0,8742.194851189088,2,6.0,8.0,6x8_new_data_curve_classifier_v1,Test_013,data/New_Data/csv_6x8_Case4/force_disp_Test_013.csv
6x8_014,19.0,79.0,6960.1225870275575,2,6.0,8.0,6x8_new_data_curve_classifier_v1,Test_014,data/New_Data/csv_6x8_Case4/force_disp_Test_014.csv
6x8_015,35.0,60.0,8937.893070147522,2,6.0,8.0,6x8_new_data_curve_classifier_v1,Test_015,data/New_Data/csv_6x8_Case4/force_disp_Test_015.csv
6x8_016,75.0,-61.0,6871.359299724581,1,6.0,8.0,6x8_new_data_curve_classifier_v1,Test_016,data/New_Data/csv_6x8_Case4/force_disp_Test_016.csv
6x8_017,-30.0,66.0,8414.677848720406,2,6.0,8.0,6x8_new_data_curve_classifier_v1,Test_017,data/New_Data/csv_6x8_Case4/force_disp_Test_017.csv
6x8_018,-53.0,31.0,8868.372983953357,2,6.0,8.0,6x8_new_data_curve_classifier_v1,Test_018,data/New_Data/csv_6x8_Case4/force_disp_Test_018.csv
6x8_019,-79.0,29.0,7800.330377543276,2,6.0,8.0,6x8_new_data_curve_classifier_v1,Test_019,data/New_Data/csv_6x8_Case4/force_disp_Test_019.csv
6x8_020,-2.0,48.0,6916.845392701806,2,6.0,8.0,6x8_new_data_curve_classifier_v1,Test_020,data/New_Data/csv_6x8_Case4/force_disp_Test_020.csv
6x8_021,-49.0,-67.0,9503.869878837782,1,6.0,8.0,6x8_new_data_curve_classifier_v1,Test_021,data/New_Data/csv_6x8_Case4/force_disp_Test_021.csv
6x8_022,43.0,-33.0,9081.458872312436,2,6.0,8.0,6x8_new_data_curve_classifier_v1,Test_022,data/New_Data/csv_6x8_Case4/force_disp_Test_022.csv
6x8_023,62.0,-67.0,7298.688867118204,1,6.0,8.0,6x8_new_data_curve_classifier_v1,Test_023,data/New_Data/csv_6x8_Case4/force_disp_Test_023.csv
6x8_024,30.0,75.0,7933.859772224845,2,6.0,8.0,6x8_new_data_curve_classifier_v1,Test_024,data/New_Data/csv_6x8_Case4/force_disp_Test_024.csv
6x8_025,80.0,-80.0,4242.450811588644,1,6.0,8.0,6x8_new_data_curve_classifier_v1,Test_025,data/New_Data/csv_6x8_Case4/force_disp_Test_025.csv
6x8_026,-81.0,73.0,4542.812673731576,1,6.0,8.0,6x8_new_data_curve_classifier_v1,Test_026,data/New_Data/csv_6x8_Case4/force_disp_Test_026.csv
6x8_027,54.0,-38.0,9565.27168420092,2,6.0,8.0,6x8_new_data_curve_classifier_v1,Test_027,data/New_Data/csv_6x8_Case4/force_disp_Test_027.csv
6x8_028,36.0,-31.0,8694.219410304984,2,6.0,8.0,6x8_new_data_curve_classifier_v1,Test_028,data/New_Data/csv_6x8_Case4/force_disp_Test_028.csv
6x8_029,52.0,-41.0,9981.447883419944,2,6.0,8.0,6x8_new_data_curve_classifier_v1,Test_029,data/New_Data/csv_6x8_Case4/force_disp_Test_029.csv
6x8_030,15.0,-12.0,5254.507497881742,3,6.0,8.0,6x8_new_data_curve_classifier_v1,Test_030,data/New_Data/csv_6x8_Case4/force_disp_Test_030.csv
6x8_031,-55.0,-62.0,8703.90252296249,1,6.0,8.0,6x8_new_data_curve_classifier_v1,Test_031,data/New_Data/csv_6x8_Case4/force_disp_Test_031.csv
6x8_032,-19.0,-7.0,5185.704814453898,3,6.0,8.0,6x8_new_data_curve_classifier_v1,Test_032,data/New_Data/csv_6x8_Case4/force_disp_Test_032.csv
6x8_033,-61.0,86.0,5970.411415920815,1,6.0,8.0,6x8_new_data_curve_classifier_v1,Test_033,data/New_Data/csv_6x8_Case4/force_disp_Test_033.csv
6x8_034,-43.0,-15.0,7190.763504882399,2,6.0,8.0,6x8_new_data_curve_classifier_v1,Test_034,data/New_Data/csv_6x8_Case4/force_disp_Test_034.csv
6x8_035,70.0,81.0,4865.016050006694,1,6.0,8.0,6x8_new_data_curve_classifier_v1,Test_035,data/New_Data/csv_6x8_Case4/force_disp_Test_035.csv
6x8_036,8.0,25.0,5720.320830925971,3,6.0,8.0,6x8_new_data_curve_classifier_v1,Test_036,data/New_Data/csv_6x8_Case4/force_disp_Test_036.csv
6x8_037,-85.0,67.0,5062.2037207287,1,6.0,8.0,6x8_new_data_curve_classifier_v1,Test_037,data/New_Data/csv_6x8_Case4/force_disp_Test_037.csv
6x8_038,-56.0,52.0,9708.181842461105,1,6.0,8.0,6x8_new_data_curve_classifier_v1,Test_038,data/New_Data/csv_6x8_Case4/force_disp_Test_038.csv
6x8_039,64.0,42.0,9278.336349474816,2,6.0,8.0,6x8_new_data_curve_classifier_v1,Test_039,data/New_Data/csv_6x8_Case4/force_disp_Test_039.csv
6x8_040,-27.0,-54.0,8424.713745640005,2,6.0,8.0,6x8_new_data_curve_classifier_v1,Test_040,data/New_Data/csv_6x8_Case4/force_disp_Test_040.csv
6x8_041,-2.0,-68.0,6692.884215057182,2,6.0,8.0,6x8_new_data_curve_classifier_v1,Test_041,data/New_Data/csv_6x8_Case4/force_disp_Test_041.csv
6x8_042,84.0,51.0,8357.185167173264,1,6.0,8.0,6x8_new_data_curve_classifier_v1,Test_042,data/New_Data/csv_6x8_Case4/force_disp_Test_042.csv
6x8_043,79.0,-71.0,4956.117892093866,1,6.0,8.0,6x8_new_data_curve_classifier_v1,Test_043,data/New_Data/csv_6x8_Case4/force_disp_Test_043.csv
6x8_044,59.0,-56.0,8837.212253399226,1,6.0,8.0,6x8_new_data_curve_classifier_v1,Test_044,data/New_Data/csv_6x8_Case4/force_disp_Test_044.csv
6x8_045,-18.0,-35.0,7103.081242022104,3,6.0,8.0,6x8_new_data_curve_classifier_v1,Test_045,data/New_Data/csv_6x8_Case4/force_disp_Test_045.csv
6x8_046,-76.0,-77.0,4604.562149050341,1,6.0,8.0,6x8_new_data_curve_classifier_v1,Test_046,data/New_Data/csv_6x8_Case4/force_disp_Test_046.csv
6x8_047,42.0,27.0,8206.135290238222,2,6.0,8.0,6x8_new_data_curve_classifier_v1,Test_047,data/New_Data/csv_6x8_Case4/force_disp_Test_047.csv
6x8_048,1.0,71.0,6563.388039393604,2,6.0,8.0,6x8_new_data_curve_classifier_v1,Test_048,data/New_Data/csv_6x8_Case4/force_disp_Test_048.csv
6x8_049,-37.0,22.0,7640.056383316708,2,6.0,8.0,6x8_new_data_curve_classifier_v1,Test_049,data/New_Data/csv_6x8_Case4/force_disp_Test_049.csv
6x8_050,-16.0,44.0,7421.293317093813,2,6.0,8.0,6x8_new_data_curve_classifier_v1,Test_050,data/New_Data/csv_6x8_Case4/force_disp_Test_050.csv
6x8_051,28.0,57.0,8468.996858937608,2,6.0,8.0,6x8_new_data_curve_classifier_v1,Test_051,data/New_Data/csv_6x8_Case4/force_disp_Test_051.csv
6x8_052,-79.0,34.0,8096.135686112949,2,6.0,8.0,6x8_new_data_curve_classifier_v1,Test_052,data/New_Data/csv_6x8_Case4/force_disp_Test_052.csv
6x8_053,3.0,87.0,6096.586330399429,2,6.0,8.0,6x8_new_data_curve_classifier_v1,Test_053,data/New_Data/csv_6x8_Case4/force_disp_Test_053.csv
6x8_054,-17.0,-44.0,7424.493099337768,2,6.0,8.0,6x8_new_data_curve_classifier_v1,Test_054,data/New_Data/csv_6x8_Case4/force_disp_Test_054.csv
6x8_055,44.0,-49.0,10549.665211453328,1,6.0,8.0,6x8_new_data_curve_classifier_v1,Test_055,data/New_Data/csv_6x8_Case4/force_disp_Test_055.csv
6x8_056,67.0,-19.0,7464.384582603821,2,6.0,8.0,6x8_new_data_curve_classifier_v1,Test_056,data/New_Data/csv_6x8_Case4/force_disp_Test_056.csv
6x8_057,2.0,74.0,6406.265356381364,2,6.0,8.0,6x8_new_data_curve_classifier_v1,Test_057,data/New_Data/csv_6x8_Case4/force_disp_Test_057.csv
6x8_058,82.0,19.0,6870.007684597509,2,6.0,8.0,6x8_new_data_curve_classifier_v1,Test_058,data/New_Data/csv_6x8_Case4/force_disp_Test_058.csv
6x8_059,14.0,3.0,4709.967384803875,3,6.0,8.0,6x8_new_data_curve_classifier_v1,Test_059,data/New_Data/csv_6x8_Case4/force_disp_Test_059.csv
6x8_060,44.0,-84.0,8477.213186269419,2,6.0,8.0,6x8_new_data_curve_classifier_v1,Test_060,data/New_Data/csv_6x8_Case4/force_disp_Test_060.csv
6x8_061,0.0,-52.0,6987.518535161345,2,6.0,8.0,6x8_new_data_curve_classifier_v1,Test_061,data/New_Data/csv_6x8_Case4/force_disp_Test_061.csv
6x8_062,33.0,26.0,7827.58928641721,2,6.0,8.0,6x8_new_data_curve_classifier_v1,Test_062,data/New_Data/csv_6x8_Case4/force_disp_Test_062.csv
6x8_063,-75.0,38.0,8508.498726557214,2,6.0,8.0,6x8_new_data_curve_classifier_v1,Test_063,data/New_Data/csv_6x8_Case4/force_disp_Test_063.csv
6x8_064,-20.0,55.0,7897.68401295813,2,6.0,8.0,6x8_new_data_curve_classifier_v1,Test_064,data/New_Data/csv_6x8_Case4/force_disp_Test_064.csv
6x8_065,72.0,31.0,8148.871497925377,2,6.0,8.0,6x8_new_data_curve_classifier_v1,Test_065,data/New_Data/csv_6x8_Case4/force_disp_Test_065.csv
6x8_066,75.0,72.0,5336.3009277028705,1,6.0,8.0,6x8_new_data_curve_classifier_v1,Test_066,data/New_Data/csv_6x8_Case4/force_disp_Test_066.csv
6x8_067,-83.0,68.0,5018.832270502839,1,6.0,8.0,6x8_new_data_curve_classifier_v1,Test_067,data/New_Data/csv_6x8_Case4/force_disp_Test_067.csv
6x8_068,-26.0,-1.0,5685.7966610439935,3,6.0,8.0,6x8_new_data_curve_classifier_v1,Test_068,data/New_Data/csv_6x8_Case4/force_disp_Test_068.csv
6x8_069,-36.0,57.0,9269.875387253875,2,6.0,8.0,6x8_new_data_curve_classifier_v1,Test_069,data/New_Data/csv_6x8_Case4/force_disp_Test_069.csv
6x8_070,-89.0,-51.0,8186.885156503056,1,6.0,8.0,6x8_new_data_curve_classifier_v1,Test_070,data/New_Data/csv_6x8_Case4/force_disp_Test_070.csv
6x8_071,-45.0,-29.0,8522.70335144116,2,6.0,8.0,6x8_new_data_curve_classifier_v1,Test_071,data/New_Data/csv_6x8_Case4/force_disp_Test_071.csv
6x8_072,-29.0,13.0,6416.567888444309,3,6.0,8.0,6x8_new_data_curve_classifier_v1,Test_072,data/New_Data/csv_6x8_Case4/force_disp_Test_072.csv
6x8_073,-22.0,46.0,7986.551751007632,2,6.0,8.0,6x8_new_data_curve_classifier_v1,Test_073,data/New_Data/csv_6x8_Case4/force_disp_Test_073.csv
6x8_074,-1.0,-8.0,4454.939969781293,3,6.0,8.0,6x8_new_data_curve_classifier_v1,Test_074,data/New_Data/csv_6x8_Case4/force_disp_Test_074.csv
6x8_075,-22.0,82.0,7143.206077416182,2,6.0,8.0,6x8_new_data_curve_classifier_v1,Test_075,data/New_Data/csv_6x8_Case4/force_disp_Test_075.csv
6x8_076,50.0,5.0,6882.240635812853,2,6.0,8.0,6x8_new_data_curve_classifier_v1,Test_076,data/New_Data/csv_6x8_Case4/force_disp_Test_076.csv
6x8_077,-64.0,20.0,7737.312632660686,2,6.0,8.0,6x8_new_data_curve_classifier_v1,Test_077,data/New_Data/csv_6x8_Case4/force_disp_Test_077.csv
6x8_078,29.0,-79.0,7803.462007931789,2,6.0,8.0,6x8_new_data_curve_classifier_v1,Test_078,data/New_Data/csv_6x8_Case4/force_disp_Test_078.csv
6x8_079,-67.0,39.0,8982.995305747301,2,6.0,8.0,6x8_new_data_curve_classifier_v1,Test_079,data/New_Data/csv_6x8_Case4/force_disp_Test_079.csv
6x8_080,-53.0,-64.0,10024.140841406297,1,6.0,8.0,6x8_new_data_curve_classifier_v1,Test_080,data/New_Data/csv_6x8_Case4/force_disp_Test_080.csv
6x8_081,-38.0,-72.0,8627.018592297212,2,6.0,8.0,6x8_new_data_curve_classifier_v1,Test_081,data/New_Data/csv_6x8_Case4/force_disp_Test_081.csv
6x8_082,85.0,48.0,8544.433939422363,2,6.0,8.0,6x8_new_data_curve_classifier_v1,Test_082,data/New_Data/csv_6x8_Case4/force_disp_Test_082.csv
6x8_083,-12.0,85.0,6471.801341815617,2,6.0,8.0,6x8_new_data_curve_classifier_v1,Test_083,data/New_Data/csv_6x8_Case4/force_disp_Test_083.csv
6x8_084,77.0,-48.0,8872.342836870366,2,6.0,8.0,6x8_new_data_curve_classifier_v1,Test_084,data/New_Data/csv_6x8_Case4/force_disp_Test_084.csv
6x8_085,45.0,75.0,8820.118349899549,2,6.0,8.0,6x8_new_data_curve_classifier_v1,Test_085,data/New_Data/csv_6x8_Case4/force_disp_Test_085.csv
6x8_086,-41.0,-54.0,9785.106877733755,2,6.0,8.0,6x8_new_data_curve_classifier_v1,Test_086,data/New_Data/csv_6x8_Case4/force_disp_Test_086.csv
6x8_087,-38.0,89.0,8152.117779680076,2,6.0,8.0,6x8_new_data_curve_classifier_v1,Test_087,data/New_Data/csv_6x8_Case4/force_disp_Test_087.csv
6x8_088,23.0,33.0,7461.225603669868,2,6.0,8.0,6x8_new_data_curve_classifier_v1,Test_088,data/New_Data/csv_6x8_Case4/force_disp_Test_088.csv
6x8_089,18.0,-35.0,7095.691677222553,3,6.0,8.0,6x8_new_data_curve_classifier_v1,Test_089,data/New_Data/csv_6x8_Case4/force_disp_Test_089.csv
6x8_090,-65.0,24.0,7976.981791930181,2,6.0,8.0,6x8_new_data_curve_classifier_v1,Test_090,data/New_Data/csv_6x8_Case4/force_disp_Test_090.csv
6x8_091,11.0,36.0,6625.152210227835,3,6.0,8.0,6x8_new_data_curve_classifier_v1,Test_091,data/New_Data/csv_6x8_Case4/force_disp_Test_091.csv
6x8_092,-38.0,-40.0,9702.760328515584,2,6.0,8.0,6x8_new_data_curve_classifier_v1,Test_092,data/New_Data/csv_6x8_Case4/force_disp_Test_092.csv
6x8_093,-70.0,-78.0,5125.362950803406,1,6.0,8.0,6x8_new_data_curve_classifier_v1,Test_093,data/New_Data/csv_6x8_Case4/force_disp_Test_093.csv
6x8_094,73.0,-55.0,8508.594598327965,1,6.0,8.0,6x8_new_data_curve_classifier_v1,Test_094,data/New_Data/csv_6x8_Case4/force_disp_Test_094.csv
6x8_095,68.0,-30.0,8337.406838288463,2,6.0,8.0,6x8_new_data_curve_classifier_v1,Test_095,data/New_Data/csv_6x8_Case4/force_disp_Test_095.csv
6x8_096,84.0,-52.0,8107.180297654419,1,6.0,8.0,6x8_new_data_curve_classifier_v1,Test_096,data/New_Data/csv_6x8_Case4/force_disp_Test_096.csv
6x8_097,-46.0,-23.0,7984.983347223492,2,6.0,8.0,6x8_new_data_curve_classifier_v1,Test_097,data/New_Data/csv_6x8_Case4/force_disp_Test_097.csv
6x8_098,-1.0,36.0,6233.452447751497,3,6.0,8.0,6x8_new_data_curve_classifier_v1,Test_098,data/New_Data/csv_6x8_Case4/force_disp_Test_098.csv
6x8_099,90.0,40.0,8219.557921999232,2,6.0,8.0,6x8_new_data_curve_classifier_v1,Test_099,data/New_Data/csv_6x8_Case4/force_disp_Test_099.csv
6x8_100,69.0,62.0,7030.441717237739,1,6.0,8.0,6x8_new_data_curve_classifier_v1,Test_100,data/New_Data/csv_6x8_Case4/force_disp_Test_100.csv
6x8_101,48.0,15.0,7301.068736934463,2,6.0,8.0,6x8_new_data_curve_classifier_v1,Test_101,data/New_Data/csv_6x8_Case4/force_disp_Test_101.csv
6x8_102,76.0,-24.0,7559.699790121312,2,6.0,8.0,6x8_new_data_curve_classifier_v1,Test_102,data/New_Data/csv_6x8_Case4/force_disp_Test_102.csv
6x8_103,66.0,14.0,7188.988053844833,2,6.0,8.0,6x8_new_data_curve_classifier_v1,Test_103,data/New_Data/csv_6x8_Case4/force_disp_Test_103.csv
6x8_104,83.0,3.0,6097.975702163886,2,6.0,8.0,6x8_new_data_curve_classifier_v1,Test_104,data/New_Data/csv_6x8_Case4/force_disp_Test_104.csv
6x8_105,89.0,-77.0,3788.9218588223316,1,6.0,8.0,6x8_new_data_curve_classifier_v1,Test_105,data/New_Data/csv_6x8_Case4/force_disp_Test_105.csv
6x8_106,-12.0,43.0,7095.8887279968985,2,6.0,8.0,6x8_new_data_curve_classifier_v1,Test_106,data/New_Data/csv_6x8_Case4/force_disp_Test_106.csv
6x8_107,69.0,8.0,6732.279195085798,2,6.0,8.0,6x8_new_data_curve_classifier_v1,Test_107,data/New_Data/csv_6x8_Case4/force_disp_Test_107.csv
6x8_108,46.0,-72.0,9086.16488647708,2,6.0,8.0,6x8_new_data_curve_classifier_v1,Test_108,data/New_Data/csv_6x8_Case4/force_disp_Test_108.csv
6x8_109,-69.0,17.0,7278.778854284408,2,6.0,8.0,6x8_new_data_curve_classifier_v1,Test_109,data/New_Data/csv_6x8_Case4/force_disp_Test_109.csv
6x8_110,-51.0,1.0,6852.670701511454,2,6.0,8.0,6x8_new_data_curve_classifier_v1,Test_110,data/New_Data/csv_6x8_Case4/force_disp_Test_110.csv
6x8_111,7.0,87.0,6102.399929010011,2,6.0,8.0,6x8_new_data_curve_classifier_v1,Test_111,data/New_Data/csv_6x8_Case4/force_disp_Test_111.csv
6x8_112,21.0,-8.0,5365.207130041489,3,6.0,8.0,6x8_new_data_curve_classifier_v1,Test_112,data/New_Data/csv_6x8_Case4/force_disp_Test_112.csv
6x8_113,35.0,-2.0,6319.804566328414,3,6.0,8.0,6x8_new_data_curve_classifier_v1,Test_113,data/New_Data/csv_6x8_Case4/force_disp_Test_113.csv
6x8_114,-35.0,-78.0,8154.096991937224,2,6.0,8.0,6x8_new_data_curve_classifier_v1,Test_114,data/New_Data/csv_6x8_Case4/force_disp_Test_114.csv
6x8_115,22.0,74.0,7451.756926284188,2,6.0,8.0,6x8_new_data_curve_classifier_v1,Test_115,data/New_Data/csv_6x8_Case4/force_disp_Test_115.csv
6x8_116,12.0,-85.0,6463.706076030276,2,6.0,8.0,6x8_new_data_curve_classifier_v1,Test_116,data/New_Data/csv_6x8_Case4/force_disp_Test_116.csv
6x8_117,-87.0,33.0,7845.6568553549905,2,6.0,8.0,6x8_new_data_curve_classifier_v1,Test_117,data/New_Data/csv_6x8_Case4/force_disp_Test_117.csv
6x8_118,54.0,-88.0,7396.543953430085,1,6.0,8.0,6x8_new_data_curve_classifier_v1,Test_118,data/New_Data/csv_6x8_Case4/force_disp_Test_118.csv
6x8_119,31.0,-10.0,6212.083369363901,3,6.0,8.0,6x8_new_data_curve_classifier_v1,Test_119,data/New_Data/csv_6x8_Case4/force_disp_Test_119.csv
6x8_120,-58.0,-26.0,8291.989442905944,2,6.0,8.0,6x8_new_data_curve_classifier_v1,Test_120,data/New_Data/csv_6x8_Case4/force_disp_Test_120.csv
6x8_121,-50.0,14.0,7349.083490589079,2,6.0,8.0,6x8_new_data_curve_classifier_v1,Test_121,data/New_Data/csv_6x8_Case4/force_disp_Test_121.csv
6x8_122,20.0,-73.0,7388.882997730079,2,6.0,8.0,6x8_new_data_curve_classifier_v1,Test_122,data/New_Data/csv_6x8_Case4/force_disp_Test_122.csv
6x8_123,76.0,4.0,6353.228650931616,2,6.0,8.0,6x8_new_data_curve_classifier_v1,Test_123,data/New_Data/csv_6x8_Case4/force_disp_Test_123.csv
6x8_124,42.0,-66.0,9239.133954507131,2,6.0,8.0,6x8_new_data_curve_classifier_v1,Test_124,data/New_Data/csv_6x8_Case4/force_disp_Test_124.csv
6x8_125,-3.0,72.0,6528.593395970822,2,6.0,8.0,6x8_new_data_curve_classifier_v1,Test_125,data/New_Data/csv_6x8_Case4/force_disp_Test_125.csv
6x8_126,-8.0,18.0,5230.918348215608,3,6.0,8.0,6x8_new_data_curve_classifier_v1,Test_126,data/New_Data/csv_6x8_Case4/force_disp_Test_126.csv
6x8_127,-66.0,77.0,5823.231516011065,1,6.0,8.0,6x8_new_data_curve_classifier_v1,Test_127,data/New_Data/csv_6x8_Case4/force_disp_Test_127.csv
6x8_128,59.0,-70.0,7537.689137484869,1,6.0,8.0,6x8_new_data_curve_classifier_v1,Test_128,data/New_Data/csv_6x8_Case4/force_disp_Test_128.csv
6x8_129,24.0,11.0,5785.386087532803,3,6.0,8.0,6x8_new_data_curve_classifier_v1,Test_129,data/New_Data/csv_6x8_Case4/force_disp_Test_129.csv
6x8_130,-59.0,12.0,7269.536334397416,2,6.0,8.0,6x8_new_data_curve_classifier_v1,Test_130,data/New_Data/csv_6x8_Case4/force_disp_Test_130.csv
6x8_131,41.0,53.0,9829.567362078002,2,6.0,8.0,6x8_new_data_curve_classifier_v1,Test_131,data/New_Data/csv_6x8_Case4/force_disp_Test_131.csv
6x8_132,38.0,35.0,9210.012389276973,2,6.0,8.0,6x8_new_data_curve_classifier_v1,Test_132,data/New_Data/csv_6x8_Case4/force_disp_Test_132.csv
6x8_133,-21.0,37.0,7463.232752412636,2,6.0,8.0,6x8_new_data_curve_classifier_v1,Test_133,data/New_Data/csv_6x8_Case4/force_disp_Test_133.csv
6x8_134,-56.0,37.0,9356.261202620251,2,6.0,8.0,6x8_new_data_curve_classifier_v1,Test_134,data/New_Data/csv_6x8_Case4/force_disp_Test_134.csv
6x8_135,39.0,-76.0,8532.372438883216,2,6.0,8.0,6x8_new_data_curve_classifier_v1,Test_135,data/New_Data/csv_6x8_Case4/force_disp_Test_135.csv
6x8_136,8.0,-68.0,6876.527845280246,2,6.0,8.0,6x8_new_data_curve_classifier_v1,Test_136,data/New_Data/csv_6x8_Case4/force_disp_Test_136.csv
6x8_137,68.0,53.0,9689.06781898347,1,6.0,8.0,6x8_new_data_curve_classifier_v1,Test_137,data/New_Data/csv_6x8_Case4/force_disp_Test_137.csv
6x8_138,-28.0,-75.0,7787.798763569689,2,6.0,8.0,6x8_new_data_curve_classifier_v1,Test_138,data/New_Data/csv_6x8_Case4/force_disp_Test_138.csv
6x8_139,-52.0,-36.0,9305.793114337961,2,6.0,8.0,6x8_new_data_curve_classifier_v1,Test_139,data/New_Data/csv_6x8_Case4/force_disp_Test_139.csv
6x8_140,1.0,-3.0,11665.921143637339,3,6.0,8.0,6x8_new_data_curve_classifier_v1,Test_140,data/New_Data/csv_6x8_Case4/force_disp_Test_140.csv
6x8_141,79.0,49.0,8774.357101799495,2,6.0,8.0,6x8_new_data_curve_classifier_v1,Test_141,data/New_Data/csv_6x8_Case4/force_disp_Test_141.csv
6x8_142,56.0,10.0,7098.562548082026,2,6.0,8.0,6x8_new_data_curve_classifier_v1,Test_142,data/New_Data/csv_6x8_Case4/force_disp_Test_142.csv
6x8_143,39.0,-35.0,9348.751601905826,2,6.0,8.0,6x8_new_data_curve_classifier_v1,Test_143,data/New_Data/csv_6x8_Case4/force_disp_Test_143.csv
6x8_144,-86.0,-39.0,8188.0332908818,2,6.0,8.0,6x8_new_data_curve_classifier_v1,Test_144,data/New_Data/csv_6x8_Case4/force_disp_Test_144.csv
6x8_145,29.0,32.0,8133.6579178682105,2,6.0,8.0,6x8_new_data_curve_classifier_v1,Test_145,data/New_Data/csv_6x8_Case4/force_disp_Test_145.csv
6x8_146,-41.0,-28.0,8355.232193454245,2,6.0,8.0,6x8_new_data_curve_classifier_v1,Test_146,data/New_Data/csv_6x8_Case4/force_disp_Test_146.csv
6x8_147,47.0,23.0,7994.233175780046,2,6.0,8.0,6x8_new_data_curve_classifier_v1,Test_147,data/New_Data/csv_6x8_Case4/force_disp_Test_147.csv
6x8_148,46.0,-62.0,9783.622353743329,1,6.0,8.0,6x8_new_data_curve_classifier_v1,Test_148,data/New_Data/csv_6x8_Case4/force_disp_Test_148.csv
6x8_149,24.0,-59.0,8161.766026699633,2,6.0,8.0,6x8_new_data_curve_classifier_v1,Test_149,data/New_Data/csv_6x8_Case4/force_disp_Test_149.csv
6x8_150,15.0,-47.0,7448.043010883276,2,6.0,8.0,6x8_new_data_curve_classifier_v1,Test_150,data/New_Data/csv_6x8_Case4/force_disp_Test_150.csv
6x8_151,-66.0,-82.0,5337.450907776226,1,6.0,8.0,6x8_new_data_curve_classifier_v1,Test_151,data/New_Data/csv_6x8_Case4/force_disp_Test_151.csv
6x8_152,-23.0,-66.0,7805.297601571619,2,6.0,8.0,6x8_new_data_curve_classifier_v1,Test_152,data/New_Data/csv_6x8_Case4/force_disp_Test_152.csv
6x8_153,50.0,-62.0,10093.466280529354,1,6.0,8.0,6x8_new_data_curve_classifier_v1,Test_153,data/New_Data/csv_6x8_Case4/force_disp_Test_153.csv
6x8_154,-65.0,-65.0,7049.5342982797365,1,6.0,8.0,6x8_new_data_curve_classifier_v1,Test_154,data/New_Data/csv_6x8_Case4/force_disp_Test_154.csv
6x8_155,11.0,-32.0,6458.419722424503,3,6.0,8.0,6x8_new_data_curve_classifier_v1,Test_155,data/New_Data/csv_6x8_Case4/force_disp_Test_155.csv
6x8_156,70.0,-86.0,4611.594982181081,1,6.0,8.0,6x8_new_data_curve_classifier_v1,Test_156,data/New_Data/csv_6x8_Case4/force_disp_Test_156.csv
6x8_157,78.0,-26.0,7610.389501731962,2,6.0,8.0,6x8_new_data_curve_classifier_v1,Test_157,data/New_Data/csv_6x8_Case4/force_disp_Test_157.csv
6x8_158,17.0,-43.0,7455.810587404853,2,6.0,8.0,6x8_new_data_curve_classifier_v1,Test_158,data/New_Data/csv_6x8_Case4/force_disp_Test_158.csv
6x8_159,-9.0,-4.0,4267.542858404089,3,6.0,8.0,6x8_new_data_curve_classifier_v1,Test_159,data/New_Data/csv_6x8_Case4/force_disp_Test_159.csv
6x8_160,47.0,-13.0,7323.433927324804,2,6.0,8.0,6x8_new_data_curve_classifier_v1,Test_160,data/New_Data/csv_6x8_Case4/force_disp_Test_160.csv
6x8_161,-43.0,-45.0,10437.139162342337,1,6.0,8.0,6x8_new_data_curve_classifier_v1,Test_161,data/New_Data/csv_6x8_Case4/force_disp_Test_161.csv
6x8_162,-71.0,-11.0,6772.271893460154,2,6.0,8.0,6x8_new_data_curve_classifier_v1,Test_162,data/New_Data/csv_6x8_Case4/force_disp_Test_162.csv
6x8_163,-84.0,28.0,7571.172369407428,2,6.0,8.0,6x8_new_data_curve_classifier_v1,Test_163,data/New_Data/csv_6x8_Case4/force_disp_Test_163.csv
6x8_164,-16.0,-5.0,5038.163977626102,3,6.0,8.0,6x8_new_data_curve_classifier_v1,Test_164,data/New_Data/csv_6x8_Case4/force_disp_Test_164.csv
6x8_165,-5.0,10.0,4616.582490604712,3,6.0,8.0,6x8_new_data_curve_classifier_v1,Test_165,data/New_Data/csv_6x8_Case4/force_disp_Test_165.csv
6x8_166,-61.0,-3.0,6840.473835881717,2,6.0,8.0,6x8_new_data_curve_classifier_v1,Test_166,data/New_Data/csv_6x8_Case4/force_disp_Test_166.csv
6x8_167,-4.0,-6.0,4488.450351485556,3,6.0,8.0,6x8_new_data_curve_classifier_v1,Test_167,data/New_Data/csv_6x8_Case4/force_disp_Test_167.csv
6x8_168,-5.0,-1.0,11591.474641550583,3,6.0,8.0,6x8_new_data_curve_classifier_v1,Test_168,data/New_Data/csv_6x8_Case4/force_disp_Test_168.csv
6x8_169,58.0,-70.0,7739.8607075403825,1,6.0,8.0,6x8_new_data_curve_classifier_v1,Test_169,data/New_Data/csv_6x8_Case4/force_disp_Test_169.csv
6x8_170,-35.0,-50.0,9210.473663926265,2,6.0,8.0,6x8_new_data_curve_classifier_v1,Test_170,data/New_Data/csv_6x8_Case4/force_disp_Test_170.csv
6x8_171,-6.0,-18.0,5081.54076738477,3,6.0,8.0,6x8_new_data_curve_classifier_v1,Test_171,data/New_Data/csv_6x8_Case4/force_disp_Test_171.csv
6x8_172,-68.0,5.0,6756.282934545184,2,6.0,8.0,6x8_new_data_curve_classifier_v1,Test_172,data/New_Data/csv_6x8_Case4/force_disp_Test_172.csv
6x8_173,82.0,-55.0,7446.86356777576,1,6.0,8.0,6x8_new_data_curve_classifier_v1,Test_173,data/New_Data/csv_6x8_Case4/force_disp_Test_173.csv
6x8_174,-76.0,51.0,9017.341679504323,2,6.0,8.0,6x8_new_data_curve_classifier_v1,Test_174,data/New_Data/csv_6x8_Case4/force_disp_Test_174.csv
6x8_175,-73.0,85.0,4298.531024147931,1,6.0,8.0,6x8_new_data_curve_classifier_v1,Test_175,data/New_Data/csv_6x8_Case4/force_disp_Test_175.csv
6x8_176,-36.0,30.0,8548.73040465072,2,6.0,8.0,6x8_new_data_curve_classifier_v1,Test_176,data/New_Data/csv_6x8_Case4/force_disp_Test_176.csv
6x8_177,25.0,-81.0,7427.862084587249,2,6.0,8.0,6x8_new_data_curve_classifier_v1,Test_177,data/New_Data/csv_6x8_Case4/force_disp_Test_177.csv
6x8_178,27.0,63.0,8186.938122022841,2,6.0,8.0,6x8_new_data_curve_classifier_v1,Test_178,data/New_Data/csv_6x8_Case4/force_disp_Test_178.csv
6x8_179,73.0,-44.0,8956.674580669807,2,6.0,8.0,6x8_new_data_curve_classifier_v1,Test_179,data/New_Data/csv_6x8_Case4/force_disp_Test_179.csv
6x8_180,-14.0,88.0,6540.939492371669,2,6.0,8.0,6x8_new_data_curve_classifier_v1,Test_180,data/New_Data/csv_6x8_Case4/force_disp_Test_180.csv
6x8_181,88.0,45.0,8447.547484966599,2,6.0,8.0,6x8_new_data_curve_classifier_v1,Test_181,data/New_Data/csv_6x8_Case4/force_disp_Test_181.csv
6x8_182,-14.0,42.0,7184.729909020651,2,6.0,8.0,6x8_new_data_curve_classifier_v1,Test_182,data/New_Data/csv_6x8_Case4/force_disp_Test_182.csv
6x8_183,37.0,63.0,9004.373983872552,2,6.0,8.0,6x8_new_data_curve_classifier_v1,Test_183,data/New_Data/csv_6x8_Case4/force_disp_Test_183.csv
6x8_184,83.0,43.0,8465.3020747716,2,6.0,8.0,6x8_new_data_curve_classifier_v1,Test_184,data/New_Data/csv_6x8_Case4/force_disp_Test_184.csv
6x8_185,-18.0,49.0,7665.455632397459,2,6.0,8.0,6x8_new_data_curve_classifier_v1,Test_185,data/New_Data/csv_6x8_Case4/force_disp_Test_185.csv
6x8_186,-54.0,1.0,6943.000399302032,2,6.0,8.0,6x8_new_data_curve_classifier_v1,Test_186,data/New_Data/csv_6x8_Case4/force_disp_Test_186.csv
6x8_187,-47.0,-37.0,9521.431627939932,2,6.0,8.0,6x8_new_data_curve_classifier_v1,Test_187,data/New_Data/csv_6x8_Case4/force_disp_Test_187.csv
6x8_188,-40.0,56.0,9673.450888141793,2,6.0,8.0,6x8_new_data_curve_classifier_v1,Test_188,data/New_Data/csv_6x8_Case4/force_disp_Test_188.csv
6x8_189,34.0,0.0,6082.068388142859,3,6.0,8.0,6x8_new_data_curve_classifier_v1,Test_189,data/New_Data/csv_6x8_Case4/force_disp_Test_189.csv
6x8_190,-80.0,40.0,8425.356405442357,2,6.0,8.0,6x8_new_data_curve_classifier_v1,Test_190,data/New_Data/csv_6x8_Case4/force_disp_Test_190.csv
6x8_191,-75.0,6.0,6429.327393041925,2,6.0,8.0,6x8_new_data_curve_classifier_v1,Test_191,data/New_Data/csv_6x8_Case4/force_disp_Test_191.csv
6x8_192,89.0,-86.0,3263.3188186067814,1,6.0,8.0,6x8_new_data_curve_classifier_v1,Test_192,data/New_Data/csv_6x8_Case4/force_disp_Test_192.csv
6x8_193,48.0,41.0,10046.174480990912,2,6.0,8.0,6x8_new_data_curve_classifier_v1,Test_193,data/New_Data/csv_6x8_Case4/force_disp_Test_193.csv
6x8_194,-11.0,-16.0,5237.654919306807,3,6.0,8.0,6x8_new_data_curve_classifier_v1,Test_194,data/New_Data/csv_6x8_Case4/force_disp_Test_194.csv
6x8_195,12.0,71.0,6946.349910892112,2,6.0,8.0,6x8_new_data_curve_classifier_v1,Test_195,data/New_Data/csv_6x8_Case4/force_disp_Test_195.csv
6x8_196,-32.0,84.0,7821.786440860429,2,6.0,8.0,6x8_new_data_curve_classifier_v1,Test_196,data/New_Data/csv_6x8_Case4/force_disp_Test_196.csv
6x8_197,-80.0,-38.0,8317.76013648186,2,6.0,8.0,6x8_new_data_curve_classifier_v1,Test_197,data/New_Data/csv_6x8_Case4/force_disp_Test_197.csv
6x8_198,-82.0,-53.0,7928.287032672046,1,6.0,8.0,6x8_new_data_curve_classifier_v1,Test_198,data/New_Data/csv_6x8_Case4/force_disp_Test_198.csv
6x8_199,-45.0,82.0,8574.72791292092,2,6.0,8.0,6x8_new_data_curve_classifier_v1,Test_199,data/New_Data/csv_6x8_Case4/force_disp_Test_199.csv
6x8_200,88.0,-42.0,8316.444040223607,2,6.0,8.0,6x8_new_data_curve_classifier_v1,Test_200,data/New_Data/csv_6x8_Case4/force_disp_Test_200.csv
6x8_201,-73.0,-27.0,7831.371908690561,2,6.0,8.0,6x8_new_data_curve_classifier_v1,Test_201,data/New_Data/csv_6x8_Case4/force_disp_Test_201.csv
6x8_202,-24.0,-76.0,7462.219246770399,2,6.0,8.0,6x8_new_data_curve_classifier_v1,Test_202,data/New_Data/csv_6x8_Case4/force_disp_Test_202.csv
6x8_203,33.0,58.0,8859.81603558297,2,6.0,8.0,6x8_new_data_curve_classifier_v1,Test_203,data/New_Data/csv_6x8_Case4/force_disp_Test_203.csv
6x8_204,27.0,-22.0,7044.645326569065,3,6.0,8.0,6x8_new_data_curve_classifier_v1,Test_204,data/New_Data/csv_6x8_Case4/force_disp_Test_204.csv
6x8_205,-58.0,-50.0,10405.310858162955,1,6.0,8.0,6x8_new_data_curve_classifier_v1,Test_205,data/New_Data/csv_6x8_Case4/force_disp_Test_205.csv
6x8_206,4.0,90.0,6074.071427162674,2,6.0,8.0,6x8_new_data_curve_classifier_v1,Test_206,data/New_Data/csv_6x8_Case4/force_disp_Test_206.csv
6x8_207,19.0,-83.0,6877.81567878057,2,6.0,8.0,6x8_new_data_curve_classifier_v1,Test_207,data/New_Data/csv_6x8_Case4/force_disp_Test_207.csv
6x8_208,-87.0,47.0,8521.277528450852,2,6.0,8.0,6x8_new_data_curve_classifier_v1,Test_208,data/New_Data/csv_6x8_Case4/force_disp_Test_208.csv
6x8_209,58.0,-69.0,7790.152050882739,1,6.0,8.0,6x8_new_data_curve_classifier_v1,Test_209,data/New_Data/csv_6x8_Case4/force_disp_Test_209.csv
6x8_210,-10.0,23.0,5820.59639528756,3,6.0,8.0,6x8_new_data_curve_classifier_v1,Test_210,data/New_Data/csv_6x8_Case4/force_disp_Test_210.csv
6x8_211,55.0,-59.0,8977.951214951056,1,6.0,8.0,6x8_new_data_curve_classifier_v1,Test_211,data/New_Data/csv_6x8_Case4/force_disp_Test_211.csv
6x8_212,-63.0,54.0,9102.073316116324,1,6.0,8.0,6x8_new_data_curve_classifier_v1,Test_212,data/New_Data/csv_6x8_Case4/force_disp_Test_212.csv
6x8_213,67.0,-42.0,9206.236256584609,2,6.0,8.0,6x8_new_data_curve_classifier_v1,Test_213,data/New_Data/csv_6x8_Case4/force_disp_Test_213.csv
6x8_214,63.0,-14.0,7279.9161091390515,2,6.0,8.0,6x8_new_data_curve_classifier_v1,Test_214,data/New_Data/csv_6x8_Case4/force_disp_Test_214.csv
6x8_215,9.0,13.0,4849.314193866626,3,6.0,8.0,6x8_new_data_curve_classifier_v1,Test_215,data/New_Data/csv_6x8_Case4/force_disp_Test_215.csv
6x8_216,-10.0,59.0,7242.66427212453,2,6.0,8.0,6x8_new_data_curve_classifier_v1,Test_216,data/New_Data/csv_6x8_Case4/force_disp_Test_216.csv
6x8_217,21.0,56.0,7853.240550876927,2,6.0,8.0,6x8_new_data_curve_classifier_v1,Test_217,data/New_Data/csv_6x8_Case4/force_disp_Test_217.csv
6x8_218,5.0,-15.0,4867.449820563283,3,6.0,8.0,6x8_new_data_curve_classifier_v1,Test_218,data/New_Data/csv_6x8_Case4/force_disp_Test_218.csv
6x8_219,-7.0,65.0,6932.388083725194,2,6.0,8.0,6x8_new_data_curve_classifier_v1,Test_219,data/New_Data/csv_6x8_Case4/force_disp_Test_219.csv
6x8_220,14.0,-23.0,5967.011292460819,3,6.0,8.0,6x8_new_data_curve_classifier_v1,Test_220,data/New_Data/csv_6x8_Case4/force_disp_Test_220.csv
6x8_221,74.0,-56.0,8068.908987704633,1,6.0,8.0,6x8_new_data_curve_classifier_v1,Test_221,data/New_Data/csv_6x8_Case4/force_disp_Test_221.csv
6x8_222,7.0,-80.0,6386.412938996282,2,6.0,8.0,6x8_new_data_curve_classifier_v1,Test_222,data/New_Data/csv_6x8_Case4/force_disp_Test_222.csv
6x8_223,-78.0,-48.0,8770.61738588107,2,6.0,8.0,6x8_new_data_curve_classifier_v1,Test_223,data/New_Data/csv_6x8_Case4/force_disp_Test_223.csv
6x8_224,-4.0,-43.0,6756.134135417976,3,6.0,8.0,6x8_new_data_curve_classifier_v1,Test_224,data/New_Data/csv_6x8_Case4/force_disp_Test_224.csv
6x8_225,2.0,-73.0,6553.797028649301,2,6.0,8.0,6x8_new_data_curve_classifier_v1,Test_225,data/New_Data/csv_6x8_Case4/force_disp_Test_225.csv
6x8_226,-42.0,80.0,8504.552723978,2,6.0,8.0,6x8_new_data_curve_classifier_v1,Test_226,data/New_Data/csv_6x8_Case4/force_disp_Test_226.csv
6x8_227,-42.0,-6.0,6687.500769842818,3,6.0,8.0,6x8_new_data_curve_classifier_v1,Test_227,data/New_Data/csv_6x8_Case4/force_disp_Test_227.csv
6x8_228,60.0,-31.0,8734.503444664257,2,6.0,8.0,6x8_new_data_curve_classifier_v1,Test_228,data/New_Data/csv_6x8_Case4/force_disp_Test_228.csv
6x8_229,42.0,86.0,8332.300372542817,2,6.0,8.0,6x8_new_data_curve_classifier_v1,Test_229,data/New_Data/csv_6x8_Case4/force_disp_Test_229.csv
6x8_230,-44.0,-30.0,8628.477266734028,2,6.0,8.0,6x8_new_data_curve_classifier_v1,Test_230,data/New_Data/csv_6x8_Case4/force_disp_Test_230.csv
6x8_231,-69.0,24.0,7851.701228449493,2,6.0,8.0,6x8_new_data_curve_classifier_v1,Test_231,data/New_Data/csv_6x8_Case4/force_disp_Test_231.csv
6x8_232,-8.0,-27.0,5854.452901889895,3,6.0,8.0,6x8_new_data_curve_classifier_v1,Test_232,data/New_Data/csv_6x8_Case4/force_disp_Test_232.csv
6x8_233,61.0,-20.0,7754.9070704342,2,6.0,8.0,6x8_new_data_curve_classifier_v1,Test_233,data/New_Data/csv_6x8_Case4/force_disp_Test_233.csv
6x8_234,-49.0,-40.0,9870.65127412545,2,6.0,8.0,6x8_new_data_curve_classifier_v1,Test_234,data/New_Data/csv_6x8_Case4/force_disp_Test_234.csv
6x8_235,-62.0,7.0,6933.2492408652315,2,6.0,8.0,6x8_new_data_curve_classifier_v1,Test_235,data/New_Data/csv_6x8_Case4/force_disp_Test_235.csv
6x8_236,16.0,-57.0,7618.114801552607,2,6.0,8.0,6x8_new_data_curve_classifier_v1,Test_236,data/New_Data/csv_6x8_Case4/force_disp_Test_236.csv
6x8_237,-32.0,66.0,8551.364840916036,2,6.0,8.0,6x8_new_data_curve_classifier_v1,Test_237,data/New_Data/csv_6x8_Case4/force_disp_Test_237.csv
6x8_238,64.0,-22.0,7883.04153052559,2,6.0,8.0,6x8_new_data_curve_classifier_v1,Test_238,data/New_Data/csv_6x8_Case4/force_disp_Test_238.csv
6x8_239,30.0,17.0,6745.651579757251,3,6.0,8.0,6x8_new_data_curve_classifier_v1,Test_239,data/New_Data/csv_6x8_Case4/force_disp_Test_239.csv
6x8_240,53.0,26.0,8282.711023932668,2,6.0,8.0,6x8_new_data_curve_classifier_v1,Test_240,data/New_Data/csv_6x8_Case4/force_disp_Test_240.csv
6x8_241,13.0,6.0,4712.504330772433,3,6.0,8.0,6x8_new_data_curve_classifier_v1,Test_241,data/New_Data/csv_6x8_Case4/force_disp_Test_241.csv
6x8_242,-31.0,60.0,8734.78748660295,2,6.0,8.0,6x8_new_data_curve_classifier_v1,Test_242,data/New_Data/csv_6x8_Case4/force_disp_Test_242.csv
6x8_243,-63.0,-63.0,7489.867644310873,1,6.0,8.0,6x8_new_data_curve_classifier_v1,Test_243,data/New_Data/csv_6x8_Case4/force_disp_Test_243.csv
6x8_244,85.0,-58.0,6585.13957749185,1,6.0,8.0,6x8_new_data_curve_classifier_v1,Test_244,data/New_Data/csv_6x8_Case4/force_disp_Test_244.csv
6x8_245,-34.0,-14.0,6645.13716517518,3,6.0,8.0,6x8_new_data_curve_classifier_v1,Test_245,data/New_Data/csv_6x8_Case4/force_disp_Test_245.csv
6x8_246,60.0,61.0,8016.524719105659,1,6.0,8.0,6x8_new_data_curve_classifier_v1,Test_246,data/New_Data/csv_6x8_Case4/force_disp_Test_246.csv
6x8_247,-83.0,78.0,3910.3576392995824,1,6.0,8.0,6x8_new_data_curve_classifier_v1,Test_247,data/New_Data/csv_6x8_Case4/force_disp_Test_247.csv
6x8_248,6.0,27.0,5791.436961737282,3,6.0,8.0,6x8_new_data_curve_classifier_v1,Test_248,data/New_Data/csv_6x8_Case4/force_disp_Test_248.csv
6x8_249,6.0,16.0,5014.3416237022275,3,6.0,8.0,6x8_new_data_curve_classifier_v1,Test_249,data/New_Data/csv_6x8_Case4/force_disp_Test_249.csv
6x8_250,-47.0,64.0,9693.143819672801,2,6.0,8.0,6x8_new_data_curve_classifier_v1,Test_250,data/New_Data/csv_6x8_Case4/force_disp_Test_250.csv
6x8_251,-69.0,0.0,6560.822273593419,2,6.0,8.0,6x8_new_data_curve_classifier_v1,Test_251,data/New_Data/csv_6x8_Case4/force_disp_Test_251.csv
6x8_252,-82.0,-45.0,8531.870916889393,2,6.0,8.0,6x8_new_data_curve_classifier_v1,Test_252,data/New_Data/csv_6x8_Case4/force_disp_Test_252.csv
6x8_253,56.0,-34.0,9073.869971416205,2,6.0,8.0,6x8_new_data_curve_classifier_v1,Test_253,data/New_Data/csv_6x8_Case4/force_disp_Test_253.csv
6x8_254,-75.0,-17.0,6987.70638296544,2,6.0,8.0,6x8_new_data_curve_classifier_v1,Test_254,data/New_Data/csv_6x8_Case4/force_disp_Test_254.csv
6x8_255,32.0,-60.0,8796.646424600342,2,6.0,8.0,6x8_new_data_curve_classifier_v1,Test_255,data/New_Data/csv_6x8_Case4/force_disp_Test_255.csv
6x8_256,-25.0,-11.0,5836.440591966097,3,6.0,8.0,6x8_new_data_curve_classifier_v1,Test_256,data/New_Data/csv_6x8_Case4/force_disp_Test_256.csv
6x8_257,65.0,80.0,5628.329122277541,1,6.0,8.0,6x8_new_data_curve_classifier_v1,Test_257,data/New_Data/csv_6x8_Case4/force_disp_Test_257.csv
6x8_258,54.0,-18.0,7719.553151008214,2,6.0,8.0,6x8_new_data_curve_classifier_v1,Test_258,data/New_Data/csv_6x8_Case4/force_disp_Test_258.csv
6x8_259,-6.0,38.0,6513.434386820206,3,6.0,8.0,6x8_new_data_curve_classifier_v1,Test_259,data/New_Data/csv_6x8_Case4/force_disp_Test_259.csv
6x8_260,-50.0,68.0,9565.940024932668,1,6.0,8.0,6x8_new_data_curve_classifier_v1,Test_260,data/New_Data/csv_6x8_Case4/force_disp_Test_260.csv
6x8_261,-14.0,-28.0,6248.642845926579,3,6.0,8.0,6x8_new_data_curve_classifier_v1,Test_261,data/New_Data/csv_6x8_Case4/force_disp_Test_261.csv
6x8_262,-57.0,76.0,7558.521585328418,1,6.0,8.0,6x8_new_data_curve_classifier_v1,Test_262,data/New_Data/csv_6x8_Case4/force_disp_Test_262.csv
6x8_263,-24.0,2.0,5480.171510131111,3,6.0,8.0,6x8_new_data_curve_classifier_v1,Test_263,data/New_Data/csv_6x8_Case4/force_disp_Test_263.csv
6x8_264,87.0,-65.0,5286.27500763011,1,6.0,8.0,6x8_new_data_curve_classifier_v1,Test_264,data/New_Data/csv_6x8_Case4/force_disp_Test_264.csv
6x8_265,-25.0,-84.0,7362.834359831665,2,6.0,8.0,6x8_new_data_curve_classifier_v1,Test_265,data/New_Data/csv_6x8_Case4/force_disp_Test_265.csv
6x8_266,-26.0,-39.0,7999.906321739766,2,6.0,8.0,6x8_new_data_curve_classifier_v1,Test_266,data/New_Data/csv_6x8_Case4/force_disp_Test_266.csv
6x8_267,-33.0,-46.0,9025.507685443468,2,6.0,8.0,6x8_new_data_curve_classifier_v1,Test_267,data/New_Data/csv_6x8_Case4/force_disp_Test_267.csv
6x8_268,-59.0,29.0,8528.921784722004,2,6.0,8.0,6x8_new_data_curve_classifier_v1,Test_268,data/New_Data/csv_6x8_Case4/force_disp_Test_268.csv
6x8_269,-60.0,60.0,8248.923787334112,1,6.0,8.0,6x8_new_data_curve_classifier_v1,Test_269,data/New_Data/csv_6x8_Case4/force_disp_Test_269.csv
6x8_270,10.0,76.0,6605.337987169939,2,6.0,8.0,6x8_new_data_curve_classifier_v1,Test_270,data/New_Data/csv_6x8_Case4/force_disp_Test_270.csv
6x8_271,-30.0,50.0,8798.518890412499,2,6.0,8.0,6x8_new_data_curve_classifier_v1,Test_271,data/New_Data/csv_6x8_Case4/force_disp_Test_271.csv
6x8_272,72.0,69.0,5881.108702172178,1,6.0,8.0,6x8_new_data_curve_classifier_v1,Test_272,data/New_Data/csv_6x8_Case4/force_disp_Test_272.csv
6x8_273,81.0,62.0,6032.558029957592,1,6.0,8.0,6x8_new_data_curve_classifier_v1,Test_273,data/New_Data/csv_6x8_Case4/force_disp_Test_273.csv
6x8_274,30.0,-25.0,7629.616753920288,3,6.0,8.0,6x8_new_data_curve_classifier_v1,Test_274,data/New_Data/csv_6x8_Case4/force_disp_Test_274.csv
6x8_275,80.0,-20.0,7028.847522719755,2,6.0,8.0,6x8_new_data_curve_classifier_v1,Test_275,data/New_Data/csv_6x8_Case4/force_disp_Test_275.csv
6x8_276,-88.0,70.0,4555.869102414041,1,6.0,8.0,6x8_new_data_curve_classifier_v1,Test_276,data/New_Data/csv_6x8_Case4/force_disp_Test_276.csv
6x8_277,57.0,88.0,6677.546177430286,1,6.0,8.0,6x8_new_data_curve_classifier_v1,Test_277,data/New_Data/csv_6x8_Case4/force_disp_Test_277.csv
6x8_278,18.0,78.0,6986.401290238939,2,6.0,8.0,6x8_new_data_curve_classifier_v1,Test_278,data/New_Data/csv_6x8_Case4/force_disp_Test_278.csv
6x8_279,-88.0,-89.0,3213.761617080221,1,6.0,8.0,6x8_new_data_curve_classifier_v1,Test_279,data/New_Data/csv_6x8_Case4/force_disp_Test_279.csv
6x8_280,-31.0,-12.0,6444.851030607163,3,6.0,8.0,6x8_new_data_curve_classifier_v1,Test_280,data/New_Data/csv_6x8_Case4/force_disp_Test_280.csv
6x8_281,-72.0,-17.0,7200.763124621847,2,6.0,8.0,6x8_new_data_curve_classifier_v1,Test_281,data/New_Data/csv_6x8_Case4/force_disp_Test_281.csv
6x8_282,25.0,-74.0,7657.1672168572795,2,6.0,8.0,6x8_new_data_curve_classifier_v1,Test_282,data/New_Data/csv_6x8_Case4/force_disp_Test_282.csv
6x8_283,34.0,-21.0,7306.768838299252,3,6.0,8.0,6x8_new_data_curve_classifier_v1,Test_283,data/New_Data/csv_6x8_Case4/force_disp_Test_283.csv
6x8_284,16.0,16.0,5663.779520126856,3,6.0,8.0,6x8_new_data_curve_classifier_v1,Test_284,data/New_Data/csv_6x8_Case4/force_disp_Test_284.csv
6x8_285,-21.0,55.0,7933.874078893078,2,6.0,8.0,6x8_new_data_curve_classifier_v1,Test_285,data/New_Data/csv_6x8_Case4/force_disp_Test_285.csv
6x8_286,40.0,-87.0,8252.835828434652,2,6.0,8.0,6x8_new_data_curve_classifier_v1,Test_286,data/New_Data/csv_6x8_Case4/force_disp_Test_286.csv
6x8_287,-77.0,22.0,7284.815639990839,2,6.0,8.0,6x8_new_data_curve_classifier_v1,Test_287,data/New_Data/csv_6x8_Case4/force_disp_Test_287.csv
6x8_288,37.0,70.0,8663.786558560198,2,6.0,8.0,6x8_new_data_curve_classifier_v1,Test_288,data/New_Data/csv_6x8_Case4/force_disp_Test_288.csv
6x8_289,-9.0,44.0,6906.107339208253,2,6.0,8.0,6x8_new_data_curve_classifier_v1,Test_289,data/New_Data/csv_6x8_Case4/force_disp_Test_289.csv
6x8_290,20.0,-82.0,7052.750141698297,2,6.0,8.0,6x8_new_data_curve_classifier_v1,Test_290,data/New_Data/csv_6x8_Case4/force_disp_Test_290.csv
6x8_291,26.0,5.0,5775.2654415921625,3,6.0,8.0,6x8_new_data_curve_classifier_v1,Test_291,data/New_Data/csv_6x8_Case4/force_disp_Test_291.csv
6x8_292,71.0,-88.0,4440.815415954187,1,6.0,8.0,6x8_new_data_curve_classifier_v1,Test_292,data/New_Data/csv_6x8_Case4/force_disp_Test_292.csv
6x8_293,-28.0,11.0,6159.111269899296,3,6.0,8.0,6x8_new_data_curve_classifier_v1,Test_293,data/New_Data/csv_6x8_Case4/force_disp_Test_293.csv
6x8_294,-71.0,-57.0,7786.067680964321,1,6.0,8.0,6x8_new_data_curve_classifier_v1,Test_294,data/New_Data/csv_6x8_Case4/force_disp_Test_294.csv
6x8_295,-84.0,-9.0,6279.295256327633,2,6.0,8.0,6x8_new_data_curve_classifier_v1,Test_295,data/New_Data/csv_6x8_Case4/force_disp_Test_295.csv
6x8_296,-48.0,82.0,8642.350030281408,2,6.0,8.0,6x8_new_data_curve_classifier_v1,Test_296,data/New_Data/csv_6x8_Case4/force_disp_Test_296.csv
6x8_297,-13.0,-4.0,4755.711890487717,3,6.0,8.0,6x8_new_data_curve_classifier_v1,Test_297,data/New_Data/csv_6x8_Case4/force_disp_Test_297.csv
6x8_298,-19.0,-23.0,6383.194555592167,3,6.0,8.0,6x8_new_data_curve_classifier_v1,Test_298,data/New_Data/csv_6x8_Case4/force_disp_Test_298.csv
6x8_299,5.0,-32.0,6165.130861327447,3,6.0,8.0,6x8_new_data_curve_classifier_v1,Test_299,data/New_Data/csv_6x8_Case4/force_disp_Test_299.csv
6x8_300,51.0,46.0,10588.056327098047,1,6.0,8.0,6x8_new_data_curve_classifier_v1,Test_300,data/New_Data/csv_6x8_Case4/force_disp_Test_300.csv
