case_id,family,geometry_id,process_id,L_mm,W_mm,t_mm,D_mm,R_mm,gate_type,gate_size_width_mm,gate_size_height_mm,melt_temp_C,mold_temp_C,injection_time_s,packing_pressure_MPa,packing_time_s
S-V02-001,V02_long_thin,G31,P11,145,60,1.45,20,10,edge_gate,10,1.5,224,44,1.35,80,4.5
S-V02-002,V02_long_thin,G31,P12,145,60,1.45,20,10,edge_gate,10,1.5,228,50,1.55,88,5.2
S-V02-003,V02_long_thin,G31,P13,145,60,1.45,20,10,edge_gate,10,1.5,232,42,1.75,92,5.8
S-V02-004,V02_long_thin,G31,P14,145,60,1.45,20,10,edge_gate,10,1.5,220,55,1.25,76,4.2
S-V02-005,V02_long_thin,G31,P15,145,60,1.45,20,10,edge_gate,10,1.5,235,47,1.45,84,5.5
S-V02-006,V02_long_thin,G32,P11,155,55,1.60,22.5,11.25,edge_gate,10,1.5,224,44,1.35,80,4.5
S-V02-007,V02_long_thin,G32,P12,155,55,1.60,22.5,11.25,edge_gate,10,1.5,228,50,1.55,88,5.2
S-V02-008,V02_long_thin,G32,P13,155,55,1.60,22.5,11.25,edge_gate,10,1.5,232,42,1.75,92,5.8
S-V02-009,V02_long_thin,G32,P14,155,55,1.60,22.5,11.25,edge_gate,10,1.5,220,55,1.25,76,4.2
S-V02-010,V02_long_thin,G32,P15,155,55,1.60,22.5,11.25,edge_gate,10,1.5,235,47,1.45,84,5.5
S-V02-011,V02_long_thin,G33,P11,165,50,1.35,18.5,9.25,edge_gate,10,1.5,224,44,1.35,80,4.5
S-V02-012,V02_long_thin,G33,P12,165,50,1.35,18.5,9.25,edge_gate,10,1.5,228,50,1.55,88,5.2
S-V02-013,V02_long_thin,G33,P13,165,50,1.35,18.5,9.25,edge_gate,10,1.5,232,42,1.75,92,5.8
S-V02-014,V02_long_thin,G33,P14,165,50,1.35,18.5,9.25,edge_gate,10,1.5,220,55,1.25,76,4.2
S-V02-015,V02_long_thin,G33,P15,165,50,1.35,18.5,9.25,edge_gate,10,1.5,235,47,1.45,84,5.5
S-V02-016,V02_long_thin,G34,P11,150,62,1.75,24.5,12.25,edge_gate,10,1.5,224,44,1.35,80,4.5
S-V02-017,V02_long_thin,G34,P12,150,62,1.75,24.5,12.25,edge_gate,10,1.5,228,50,1.55,88,5.2
S-V02-018,V02_long_thin,G34,P13,150,62,1.75,24.5,12.25,edge_gate,10,1.5,232,42,1.75,92,5.8
S-V02-019,V02_long_thin,G34,P14,150,62,1.75,24.5,12.25,edge_gate,10,1.5,220,55,1.25,76,4.2
S-V02-020,V02_long_thin,G34,P15,150,62,1.75,24.5,12.25,edge_gate,10,1.5,235,47,1.45,84,5.5
S-V03-001,V03_short_thick,G35,P16,85,75,2.60,19,9.5,edge_gate,10,1.5,238,60,0.60,50,2.5
S-V03-002,V03_short_thick,G35,P17,85,75,2.60,19,9.5,edge_gate,10,1.5,242,65,0.75,60,3.2
S-V03-003,V03_short_thick,G35,P18,85,75,2.60,19,9.5,edge_gate,10,1.5,245,70,0.85,70,4.5
S-V03-004,V03_short_thick,G35,P19,85,75,2.60,19,9.5,edge_gate,10,1.5,235,58,0.68,45,3.8
S-V03-005,V03_short_thick,G35,P20,85,75,2.60,19,9.5,edge_gate,10,1.5,240,62,0.90,75,5.0
S-V03-006,V03_short_thick,G36,P16,90,85,2.80,23,11.5,edge_gate,10,1.5,238,60,0.60,50,2.5
S-V03-007,V03_short_thick,G36,P17,90,85,2.80,23,11.5,edge_gate,10,1.5,242,65,0.75,60,3.2
S-V03-008,V03_short_thick,G36,P18,90,85,2.80,23,11.5,edge_gate,10,1.5,245,70,0.85,70,4.5
S-V03-009,V03_short_thick,G36,P19,90,85,2.80,23,11.5,edge_gate,10,1.5,235,58,0.68,45,3.8
S-V03-010,V03_short_thick,G36,P20,90,85,2.80,23,11.5,edge_gate,10,1.5,240,62,0.90,75,5.0
S-V03-011,V03_short_thick,G37,P16,100,80,3.00,22,11,edge_gate,10,1.5,238,60,0.60,50,2.5
S-V03-012,V03_short_thick,G37,P17,100,80,3.00,22,11,edge_gate,10,1.5,242,65,0.75,60,3.2
S-V03-013,V03_short_thick,G37,P18,100,80,3.00,22,11,edge_gate,10,1.5,245,70,0.85,70,4.5
S-V03-014,V03_short_thick,G37,P19,100,80,3.00,22,11,edge_gate,10,1.5,235,58,0.68,45,3.8
S-V03-015,V03_short_thick,G37,P20,100,80,3.00,22,11,edge_gate,10,1.5,240,62,0.90,75,5.0
S-V03-016,V03_short_thick,G38,P16,105,90,2.70,25,12.5,edge_gate,10,1.5,238,60,0.60,50,2.5
S-V03-017,V03_short_thick,G38,P17,105,90,2.70,25,12.5,edge_gate,10,1.5,242,65,0.75,60,3.2
S-V03-018,V03_short_thick,G38,P18,105,90,2.70,25,12.5,edge_gate,10,1.5,245,70,0.85,70,4.5
S-V03-019,V03_short_thick,G38,P19,105,90,2.70,25,12.5,edge_gate,10,1.5,235,58,0.68,45,3.8
S-V03-020,V03_short_thick,G38,P20,105,90,2.70,25,12.5,edge_gate,10,1.5,240,62,0.90,75,5.0
S-V03-021,V03_short_thick,G39,P16,82,92,3.30,20,10,edge_gate,10,1.5,238,60,0.60,50,2.5
S-V03-022,V03_short_thick,G39,P17,82,92,3.30,20,10,edge_gate,10,1.5,242,65,0.75,60,3.2
S-V03-023,V03_short_thick,G39,P18,82,92,3.30,20,10,edge_gate,10,1.5,245,70,0.85,70,4.5
S-V03-024,V03_short_thick,G39,P19,82,92,3.30,20,10,edge_gate,10,1.5,235,58,0.68,45,3.8
S-V03-025,V03_short_thick,G39,P20,82,92,3.30,20,10,edge_gate,10,1.5,240,62,0.90,75,5.0
S-V03-026,V03_short_thick,G40,P16,110,70,2.50,18,9,edge_gate,10,1.5,238,60,0.60,50,2.5
S-V03-027,V03_short_thick,G40,P17,110,70,2.50,18,9,edge_gate,10,1.5,242,65,0.75,60,3.2
S-V03-028,V03_short_thick,G40,P18,110,70,2.50,18,9,edge_gate,10,1.5,245,70,0.85,70,4.5
S-V03-029,V03_short_thick,G40,P19,110,70,2.50,18,9,edge_gate,10,1.5,235,58,0.68,45,3.8
S-V03-030,V03_short_thick,G40,P20,110,70,2.50,18,9,edge_gate,10,1.5,240,62,0.90,75,5.0
S-V03-031,V03_short_thick,G41,P16,95,88,3.50,26,13,edge_gate,10,1.5,238,60,0.60,50,2.5
S-V03-032,V03_short_thick,G41,P17,95,88,3.50,26,13,edge_gate,10,1.5,242,65,0.75,60,3.2
S-V03-033,V03_short_thick,G41,P18,95,88,3.50,26,13,edge_gate,10,1.5,245,70,0.85,70,4.5
S-V03-034,V03_short_thick,G41,P19,95,88,3.50,26,13,edge_gate,10,1.5,235,58,0.68,45,3.8
S-V03-035,V03_short_thick,G41,P20,95,88,3.50,26,13,edge_gate,10,1.5,240,62,0.90,75,5.0
S-V03-036,V03_short_thick,G42,P16,102,78,3.10,24,12,edge_gate,10,1.5,238,60,0.60,50,2.5
S-V03-037,V03_short_thick,G42,P17,102,78,3.10,24,12,edge_gate,10,1.5,242,65,0.75,60,3.2
S-V03-038,V03_short_thick,G42,P18,102,78,3.10,24,12,edge_gate,10,1.5,245,70,0.85,70,4.5
S-V03-039,V03_short_thick,G42,P19,102,78,3.10,24,12,edge_gate,10,1.5,235,58,0.68,45,3.8
S-V03-040,V03_short_thick,G42,P20,102,78,3.10,24,12,edge_gate,10,1.5,240,62,0.90,75,5.0
