Test_ID,theta1,theta2,Pt,type
001,65.0,19.0,19662.338495438697,2
002,40.0,-51.0,15516.468243569163,1
003,-44.0,65.0,15283.103421466823,1
004,49.0,48.0,14685.038124618122,1
005,-52.0,20.0,19017.402658062972,2
006,-15.0,-74.0,20754.70106893895,2
007,51.0,-83.0,11050.763333309067,1
008,86.0,9.0,21473.947435573413,2
009,-63.0,21.0,19810.341364807206,2
010,-74.0,83.0,6475.1691437324325,1
011,-39.0,-9.0,20453.97685275137,2
012,-56.0,9.0,21548.379771521366,2
013,61.0,33.0,16122.42566552643,2
014,19.0,79.0,20603.663841197562,2
015,35.0,60.0,15944.291849701582,2
016,75.0,-61.0,9605.86968700014,1
017,-30.0,66.0,17554.893196468318,2
018,-53.0,31.0,16200.86354226923,2
019,-79.0,29.0,18047.277970699313,2
020,-2.0,48.0,22366.67657833105,2
021,-49.0,-67.0,13241.473727550778,1
022,43.0,-33.0,15881.001246662378,2
023,62.0,-67.0,10922.264530441522,1
024,30.0,75.0,17917.135662089717,2
025,80.0,-80.0,5972.071636344868,1
026,-81.0,73.0,6739.4461962730475,1
027,54.0,-38.0,15371.954601045092,1
028,36.0,-31.0,16320.794939680867,2
029,52.0,-41.0,15273.761643841104,1
030,15.0,-12.0,18261.513326122706,3
031,-55.0,-62.0,12519.355773543584,1
032,-19.0,-7.0,18252.393554508428,3
033,-61.0,86.0,8663.530557652,1
034,-43.0,-15.0,20160.04950343554,2
035,70.0,81.0,7250.725122793007,1
036,8.0,25.0,19258.694031637977,3
037,-85.0,67.0,7423.061614736801,1
038,-56.0,52.0,13779.68239296741,1
039,64.0,42.0,15101.636430104876,1
040,-27.0,-54.0,17635.6244604274,2
041,-2.0,-68.0,22256.993284960623,2
042,84.0,51.0,10880.446089157313,1
043,79.0,-71.0,7260.875534046547,1
044,59.0,-56.0,13010.057232788411,1
045,-18.0,-35.0,19920.166232535616,2
046,-76.0,-77.0,6781.751740967857,1
047,42.0,27.0,17036.221717934684,2
048,1.0,71.0,22383.690349189837,2
049,-37.0,22.0,18357.4640474759,2
050,-16.0,44.0,20756.070138869356,2
051,28.0,57.0,17712.049589651342,2
052,-79.0,34.0,16870.336402522025,2
053,3.0,87.0,22248.78642704942,2
054,-17.0,-44.0,19730.01039931261,2
055,44.0,-49.0,15976.463339044598,1
056,67.0,-19.0,19769.131113534422,2
057,2.0,74.0,22340.2490678272,2
058,82.0,19.0,20342.67136165196,2
059,14.0,3.0,17257.710775301333,3
060,44.0,-84.0,12937.180943069954,1
061,0.0,-52.0,22306.408156250967,2
062,33.0,26.0,17984.52330299771,2
063,-75.0,38.0,16001.171126272333,2
064,-20.0,55.0,19963.39258921645,2
065,72.0,31.0,17401.565138733276,2
066,75.0,72.0,7640.143350666693,1
067,-83.0,68.0,7375.888626669171,1
068,-26.0,-1.0,19456.305973491017,3
069,-36.0,57.0,16012.499820929535,2
070,-89.0,-51.0,10759.603122866465,1
071,-45.0,-29.0,16177.961790320023,2
072,-29.0,13.0,20710.241629599408,3
073,-22.0,46.0,18878.0105001635,2
074,-1.0,-8.0,17026.160511303562,3
075,-22.0,82.0,20009.09898157673,2
076,50.0,5.0,21885.93175823237,2
077,-64.0,20.0,19538.7897396166,2
078,29.0,-79.0,18246.36351476399,2
079,-67.0,39.0,15713.299234921931,2
080,-53.0,-64.0,13114.080150028736,1
081,-38.0,-72.0,16048.612139956382,2
082,85.0,48.0,11621.81100951362,1
083,-12.0,85.0,21304.411023413217,2
084,77.0,-48.0,12216.006785058336,1
085,45.0,75.0,12644.76230239052,1
086,-41.0,-54.0,15334.76214970965,1
087,-38.0,89.0,16110.326157228694,2
088,23.0,33.0,18667.182044892546,3
089,18.0,-35.0,20004.824334374945,2
090,-65.0,24.0,19166.219234683158,2
091,11.0,36.0,21814.638817993655,2
092,-38.0,-40.0,16069.93561325196,1
093,-70.0,-78.0,7570.430723745265,1
094,73.0,-55.0,11130.10844688354,1
095,68.0,-30.0,17574.428229042365,2
096,84.0,-52.0,10765.94834339393,1
097,-46.0,-23.0,17815.678284165737,2
098,-1.0,36.0,21657.29273727099,3
099,90.0,40.0,12347.284819586124,1
100,69.0,62.0,10335.948527733512,1
101,48.0,15.0,20117.588072242153,2
102,76.0,-24.0,19209.213496979915,2
103,66.0,14.0,20725.43237640009,2
104,83.0,3.0,21975.393590152078,2
105,89.0,-77.0,5742.907653147176,1
106,-12.0,43.0,21828.546895226827,2
107,69.0,8.0,21621.816505972165,2
108,46.0,-72.0,12968.26670199502,1
109,-69.0,17.0,21042.62463381931,2
110,-51.0,1.0,22174.53314878391,2
111,7.0,87.0,21974.814743022594,2
112,21.0,-8.0,18812.197482628868,3
113,35.0,-2.0,21502.654428246453,3
114,-35.0,-78.0,16641.048662185567,2
115,22.0,74.0,19382.289896574675,2
116,12.0,-85.0,21318.920308209603,2
117,-87.0,33.0,16964.578443697086,2
118,54.0,-88.0,10111.479383002628,1
119,31.0,-10.0,21139.901650976884,3
120,-58.0,-26.0,17659.519380381615,2
121,-50.0,14.0,21062.79375991071,2
122,20.0,-73.0,20426.1417112616,2
123,76.0,4.0,21923.73339124474,2
124,42.0,-66.0,15417.937098843093,1
125,-3.0,72.0,22322.264683286012,2
126,-8.0,18.0,17949.699023275294,3
127,-66.0,77.0,8428.451427525222,1
128,59.0,-70.0,10891.370894468742,1
129,24.0,11.0,19785.482958492543,3
130,-59.0,12.0,21120.917328111533,2
131,41.0,53.0,15387.775916572398,1
132,38.0,35.0,15773.538665372627,2
133,-21.0,37.0,18855.466306479895,2
134,-56.0,37.0,15585.449355990706,1
135,39.0,-76.0,15966.862495721263,2
136,8.0,-68.0,21869.668232739932,2
137,68.0,53.0,12281.321152881383,1
138,-28.0,-75.0,18208.514740433136,2
139,-52.0,-36.0,15511.808244009047,1
140,1.0,-3.0,16892.48376444766,3
141,79.0,49.0,11723.05325713485,1
142,56.0,10.0,21287.038098368255,2
143,39.0,-35.0,15779.242510477306,2
144,-86.0,-39.0,15505.565310891709,2
145,29.0,32.0,17380.510566070083,1
146,-41.0,-28.0,16406.185672703003,2
147,47.0,23.0,17810.62882268262,2
148,46.0,-62.0,15105.283301093265,1
149,24.0,-59.0,18987.420898164553,2
150,15.0,-47.0,20352.354050625985,2
151,-66.0,-82.0,7852.607715837323,1
152,-23.0,-66.0,18913.29779648672,2
153,50.0,-62.0,14258.02576510243,1
154,-65.0,-65.0,10642.305491634826,1
155,11.0,-32.0,20998.13037174053,3
156,70.0,-86.0,6916.165492716169,1
157,78.0,-26.0,18245.925346530516,2
158,17.0,-43.0,19805.97391087323,2
159,-9.0,-4.0,16942.796513979963,3
160,47.0,-13.0,20645.094612575558,2
161,-43.0,-45.0,15059.704239150913,1
162,-71.0,-11.0,21359.741658313826,2
163,-84.0,28.0,18338.955396095836,2
164,-16.0,-5.0,17864.734028392748,3
165,-5.0,10.0,17074.09801002604,3
166,-61.0,-3.0,22144.237823452062,2
167,-4.0,-6.0,34578.323502431216,3
168,-5.0,-1.0,16752.135414763357,3
169,58.0,-70.0,11082.860934759608,1
170,-35.0,-50.0,15724.71411011459,1
171,-6.0,-18.0,17771.939868934987,3
172,-68.0,5.0,22034.00690293698,2
173,82.0,-55.0,10156.859176763548,1
174,-76.0,51.0,11659.888567397536,1
175,-73.0,85.0,6422.7368016769005,1
176,-36.0,30.0,16474.161043303182,1
177,25.0,-81.0,19280.614771827895,2
178,27.0,63.0,18243.915034447313,2
179,73.0,-44.0,15034.989451880107,1
180,-14.0,88.0,20947.33439592328,2
181,88.0,45.0,12554.388123116472,1
182,-14.0,42.0,21339.96697323502,2
183,37.0,63.0,16022.572187764572,1
184,83.0,43.0,11967.243096667527,1
185,-18.0,49.0,19636.75276331284,2
186,-54.0,1.0,22178.47555914894,2
187,-47.0,-37.0,15392.392221167545,1
188,-40.0,56.0,15530.04730188103,1
189,34.0,0.0,21648.185159222492,3
190,-80.0,40.0,15621.070129048341,2
191,-75.0,6.0,22399.994698017577,2
192,89.0,-86.0,4916.256448855694,1
193,48.0,41.0,15391.811911449251,1
194,-11.0,-16.0,17995.32653778174,3
195,12.0,71.0,21609.72681903185,2
196,-32.0,84.0,17057.653938905187,2
197,-80.0,-38.0,15949.267921322184,2
198,-82.0,-53.0,10525.87463552392,1
199,-45.0,82.0,12868.27896151428,1
200,88.0,-42.0,11945.11328635953,1
201,-73.0,-27.0,18396.69650336068,2
202,-24.0,-76.0,19436.889317435416,2
203,33.0,58.0,16481.520967262808,2
204,27.0,-22.0,20169.219416635045,3
205,-58.0,-50.0,15058.90222602965,1
206,4.0,90.0,10033.736811180552,2
207,19.0,-83.0,20718.630788170623,2
208,-87.0,47.0,11985.412902705066,1
209,58.0,-69.0,11262.7522869744,1
210,-10.0,23.0,18592.485941262126,3
211,55.0,-59.0,13082.073949807596,1
212,-63.0,54.0,13149.642813456412,1
213,67.0,-42.0,15238.461765495984,1
214,63.0,-14.0,21252.83674905893,2
215,9.0,13.0,17835.088760201925,3
216,-10.0,59.0,21647.50111512341,2
217,21.0,56.0,19609.78370155998,2
218,5.0,-15.0,17291.633850273225,3
219,-7.0,65.0,22070.77677141205,2
220,14.0,-23.0,19368.438682776316,3
221,74.0,-56.0,10774.798576776451,1
222,7.0,-80.0,21939.181417166652,2
223,-78.0,-48.0,12092.550507205471,1
224,-4.0,-43.0,22327.81469540721,2
225,2.0,-73.0,22243.855918504287,2
226,-42.0,80.0,12636.501192716887,1
227,-42.0,-6.0,22027.314876317232,2
228,60.0,-31.0,16943.9259793842,2
229,42.0,86.0,12147.201106459304,1
230,-44.0,-30.0,16292.770338829978,1
231,-69.0,24.0,19228.988106973306,2
232,-8.0,-27.0,20445.4605050078,3
233,61.0,-20.0,19368.7626984714,2
234,-49.0,-40.0,15305.524143283565,1
235,-62.0,7.0,21858.485639555445,2
236,16.0,-57.0,20380.704515986185,2
237,-32.0,66.0,17161.738009005196,2
238,64.0,-22.0,19569.55455635698,2
239,30.0,17.0,19618.045851961564,3
240,53.0,26.0,17742.89028742882,2
241,13.0,6.0,17186.14571104635,3
242,-31.0,60.0,17150.369386403705,2
243,-63.0,-63.0,11513.413895177378,1
244,85.0,-58.0,9226.505402181536,1
245,-34.0,-14.0,19856.71831950007,3
246,60.0,61.0,12124.704993225623,1
247,-83.0,78.0,5901.031192304986,1
248,6.0,27.0,19856.12344991926,3
249,6.0,16.0,17514.902048012034,3
250,-47.0,64.0,15090.812055075732,1
251,-69.0,0.0,22201.525456809683,2
252,-82.0,-45.0,12763.099799450643,1
253,56.0,-34.0,15738.299968085543,2
254,-75.0,-17.0,20296.055254171773,2
255,32.0,-60.0,16888.94951834212,1
256,-25.0,-11.0,19544.900116467492,3
257,65.0,80.0,8230.341289271644,1
258,54.0,-18.0,20169.55595728981,2
259,-6.0,38.0,21158.46303928862,3
260,-50.0,68.0,12916.439480898927,1
261,-14.0,-28.0,20763.839450044543,3
262,-57.0,76.0,10374.91503648878,1
263,-24.0,2.0,19570.39536599779,3
264,87.0,-65.0,7712.739051064256,1
265,-25.0,-84.0,19152.831678599323,2
266,-26.0,-39.0,17127.531263806726,2
267,-33.0,-46.0,15671.874617300973,1
268,-59.0,29.0,17032.334444544056,2
269,-60.0,60.0,12347.987714725065,1
270,10.0,76.0,21674.54326783603,2
271,-30.0,50.0,16716.32705618474,2
272,72.0,69.0,8584.556018685464,1
273,81.0,62.0,8688.00910600487,1
274,30.0,-25.0,18587.120373728012,3
275,80.0,-20.0,20160.33761725802,2
276,-88.0,70.0,6781.832437735399,1
277,57.0,88.0,9410.122436155292,1
278,18.0,78.0,20980.223802292832,2
279,-88.0,-89.0,4911.513135183643,1
280,-31.0,-12.0,20727.153056757856,3
281,-72.0,-17.0,20293.4445489537,2
282,25.0,-74.0,19086.397246924498,2
283,34.0,-21.0,19004.433446355994,2
284,16.0,16.0,18209.758475005117,3
285,-21.0,55.0,19091.416500846422,2
286,40.0,-87.0,12546.509245976511,1
287,-77.0,22.0,19682.419178480406,2
288,37.0,70.0,16209.4467206728,2
289,-9.0,44.0,21714.82087123156,2
290,20.0,-82.0,20522.18521869169,2
291,26.0,5.0,19902.574046667247,3
292,71.0,-88.0,6680.707967500501,1
293,-28.0,11.0,19614.779213469814,3
294,-71.0,-57.0,10964.727394088353,1
295,-84.0,-9.0,21555.485153170084,2
296,-48.0,82.0,11880.68588063415,1
297,-13.0,-4.0,17336.19490492257,3
298,-19.0,-23.0,19757.553204401796,3
299,5.0,-32.0,21877.266309314433,3
300,51.0,46.0,15619.052271961038,1
