case,test_id,theta1,theta2,pt,predicted_type,confidence,type1_probability,type2_probability,type3_probability,review_priority,csv_path,plot_path
Case4,Test_001,65.0,19.0,7534.715071405816,2,0.72,0.085,0.72,0.195,medium,data/New_Data/csv_6x8_Case4/force_disp_Test_001.csv,data/New_Data/6x8_Case4/Original/plot_Test_001_original.png
Case4,Test_002,40.0,-51.0,9914.920416991428,2,0.54,0.44333333333333336,0.54,0.016666666666666666,high,data/New_Data/csv_6x8_Case4/force_disp_Test_002.csv,data/New_Data/6x8_Case4/Original/plot_Test_002_original.png
Case4,Test_003,-44.0,65.0,9432.477883311005,2,0.5766666666666667,0.4083333333333333,0.5766666666666667,0.015,high,data/New_Data/csv_6x8_Case4/force_disp_Test_003.csv,data/New_Data/6x8_Case4/Original/plot_Test_003_original.png
Case4,Test_005,-52.0,20.0,7813.979543973258,2,0.7366666666666667,0.07666666666666666,0.7366666666666667,0.18666666666666668,medium,data/New_Data/csv_6x8_Case4/force_disp_Test_005.csv,data/New_Data/6x8_Case4/Original/plot_Test_005_original.png
Case4,Test_006,-15.0,-74.0,6880.468260381428,2,0.75,0.06333333333333334,0.75,0.18666666666666668,medium,data/New_Data/csv_6x8_Case4/force_disp_Test_006.csv,data/New_Data/6x8_Case4/Original/plot_Test_006_original.png
Case4,Test_008,86.0,9.0,6282.417083502739,2,0.6383333333333333,0.09,0.6383333333333333,0.27166666666666667,high,data/New_Data/csv_6x8_Case4/force_disp_Test_008.csv,data/New_Data/6x8_Case4/Original/plot_Test_008_original.png
Case4,Test_009,-63.0,21.0,7789.657812953683,2,0.775,0.075,0.775,0.15,medium,data/New_Data/csv_6x8_Case4/force_disp_Test_009.csv,data/New_Data/6x8_Case4/Original/plot_Test_009_original.png
Case4,Test_012,-56.0,9.0,7211.061770148175,2,0.685,0.05333333333333334,0.685,0.26166666666666666,high,data/New_Data/csv_6x8_Case4/force_disp_Test_012.csv,data/New_Data/6x8_Case4/Original/plot_Test_012_original.png
Case4,Test_013,61.0,33.0,8742.194851189088,2,0.6833333333333333,0.21,0.6833333333333333,0.10666666666666667,high,data/New_Data/csv_6x8_Case4/force_disp_Test_013.csv,data/New_Data/6x8_Case4/Original/plot_Test_013_original.png
Case4,Test_014,19.0,79.0,6960.1225870275575,2,0.8366666666666667,0.065,0.8366666666666667,0.09833333333333333,medium,data/New_Data/csv_6x8_Case4/force_disp_Test_014.csv,data/New_Data/6x8_Case4/Original/plot_Test_014_original.png
Case4,Test_015,35.0,60.0,8937.893070147522,2,0.6466666666666666,0.255,0.6466666666666666,0.09833333333333333,high,data/New_Data/csv_6x8_Case4/force_disp_Test_015.csv,data/New_Data/6x8_Case4/Original/plot_Test_015_original.png
Case4,Test_017,-30.0,66.0,8414.677848720406,2,0.7816666666666666,0.14166666666666666,0.7816666666666666,0.07666666666666666,medium,data/New_Data/csv_6x8_Case4/force_disp_Test_017.csv,data/New_Data/6x8_Case4/Original/plot_Test_017_original.png
Case4,Test_018,-53.0,31.0,8868.372983953357,2,0.72,0.17666666666666667,0.72,0.10333333333333333,medium,data/New_Data/csv_6x8_Case4/force_disp_Test_018.csv,data/New_Data/6x8_Case4/Original/plot_Test_018_original.png
Case4,Test_019,-79.0,29.0,7800.330377543276,2,0.7716666666666666,0.12,0.7716666666666666,0.10833333333333334,medium,data/New_Data/csv_6x8_Case4/force_disp_Test_019.csv,data/New_Data/6x8_Case4/Original/plot_Test_019_original.png
Case4,Test_020,-2.0,48.0,6916.845392701806,2,0.6566666666666666,0.03166666666666667,0.6566666666666666,0.31166666666666665,high,data/New_Data/csv_6x8_Case4/force_disp_Test_020.csv,data/New_Data/6x8_Case4/Original/plot_Test_020_original.png
Case4,Test_022,43.0,-33.0,9081.458872312436,2,0.595,0.275,0.595,0.13,high,data/New_Data/csv_6x8_Case4/force_disp_Test_022.csv,data/New_Data/6x8_Case4/Original/plot_Test_022_original.png
Case4,Test_024,30.0,75.0,7933.859772224845,2,0.7766666666666666,0.135,0.7766666666666666,0.08833333333333333,medium,data/New_Data/csv_6x8_Case4/force_disp_Test_024.csv,data/New_Data/6x8_Case4/Original/plot_Test_024_original.png
Case4,Test_027,54.0,-38.0,9565.27168420092,2,0.5716666666666667,0.36,0.5716666666666667,0.06833333333333333,high,data/New_Data/csv_6x8_Case4/force_disp_Test_027.csv,data/New_Data/6x8_Case4/Original/plot_Test_027_original.png
Case4,Test_028,36.0,-31.0,8694.219410304984,2,0.6066666666666667,0.17666666666666667,0.6066666666666667,0.21666666666666667,high,data/New_Data/csv_6x8_Case4/force_disp_Test_028.csv,data/New_Data/6x8_Case4/Original/plot_Test_028_original.png
Case4,Test_029,52.0,-41.0,9981.447883419944,2,0.5266666666666666,0.46166666666666667,0.5266666666666666,0.011666666666666667,high,data/New_Data/csv_6x8_Case4/force_disp_Test_029.csv,data/New_Data/6x8_Case4/Original/plot_Test_029_original.png
Case4,Test_034,-43.0,-15.0,7190.763504882399,2,0.53,0.05333333333333334,0.53,0.4166666666666667,high,data/New_Data/csv_6x8_Case4/force_disp_Test_034.csv,data/New_Data/6x8_Case4/Original/plot_Test_034_original.png
Case4,Test_039,64.0,42.0,9278.336349474816,2,0.5816666666666667,0.37666666666666665,0.5816666666666667,0.041666666666666664,high,data/New_Data/csv_6x8_Case4/force_disp_Test_039.csv,data/New_Data/6x8_Case4/Original/plot_Test_039_original.png
Case4,Test_040,-27.0,-54.0,8424.713745640005,2,0.69,0.13666666666666666,0.69,0.17333333333333334,high,data/New_Data/csv_6x8_Case4/force_disp_Test_040.csv,data/New_Data/6x8_Case4/Original/plot_Test_040_original.png
Case4,Test_041,-2.0,-68.0,6692.884215057182,2,0.7216666666666667,0.04833333333333333,0.7216666666666667,0.23,medium,data/New_Data/csv_6x8_Case4/force_disp_Test_041.csv,data/New_Data/6x8_Case4/Original/plot_Test_041_original.png
Case4,Test_047,42.0,27.0,8206.135290238222,2,0.6333333333333333,0.13166666666666665,0.6333333333333333,0.235,high,data/New_Data/csv_6x8_Case4/force_disp_Test_047.csv,data/New_Data/6x8_Case4/Original/plot_Test_047_original.png
Case4,Test_048,1.0,71.0,6563.388039393604,2,0.7983333333333333,0.03833333333333333,0.7983333333333333,0.16333333333333333,medium,data/New_Data/csv_6x8_Case4/force_disp_Test_048.csv,data/New_Data/6x8_Case4/Original/plot_Test_048_original.png
Case4,Test_049,-37.0,22.0,7640.056383316708,2,0.555,0.10666666666666667,0.555,0.3383333333333333,high,data/New_Data/csv_6x8_Case4/force_disp_Test_049.csv,data/New_Data/6x8_Case4/Original/plot_Test_049_original.png
Case4,Test_050,-16.0,44.0,7421.293317093813,2,0.665,0.07333333333333333,0.665,0.26166666666666666,high,data/New_Data/csv_6x8_Case4/force_disp_Test_050.csv,data/New_Data/6x8_Case4/Original/plot_Test_050_original.png
Case4,Test_051,28.0,57.0,8468.996858937608,2,0.7183333333333334,0.15666666666666668,0.7183333333333334,0.125,medium,data/New_Data/csv_6x8_Case4/force_disp_Test_051.csv,data/New_Data/6x8_Case4/Original/plot_Test_051_original.png
Case4,Test_052,-79.0,34.0,8096.135686112949,2,0.7516666666666667,0.165,0.7516666666666667,0.08333333333333333,medium,data/New_Data/csv_6x8_Case4/force_disp_Test_052.csv,data/New_Data/6x8_Case4/Original/plot_Test_052_original.png
Case4,Test_053,3.0,87.0,6096.586330399429,2,0.69,0.07166666666666667,0.69,0.23833333333333334,high,data/New_Data/csv_6x8_Case4/force_disp_Test_053.csv,data/New_Data/6x8_Case4/Original/plot_Test_053_original.png
Case4,Test_054,-17.0,-44.0,7424.493099337768,2,0.5916666666666667,0.06166666666666667,0.5916666666666667,0.3466666666666667,high,data/New_Data/csv_6x8_Case4/force_disp_Test_054.csv,data/New_Data/6x8_Case4/Original/plot_Test_054_original.png
Case4,Test_056,67.0,-19.0,7464.384582603821,2,0.7233333333333334,0.09,0.7233333333333334,0.18666666666666668,medium,data/New_Data/csv_6x8_Case4/force_disp_Test_056.csv,data/New_Data/6x8_Case4/Original/plot_Test_056_original.png
Case4,Test_057,2.0,74.0,6406.265356381364,2,0.77,0.04833333333333333,0.77,0.18166666666666667,medium,data/New_Data/csv_6x8_Case4/force_disp_Test_057.csv,data/New_Data/6x8_Case4/Original/plot_Test_057_original.png
Case4,Test_058,82.0,19.0,6870.007684597509,2,0.7183333333333334,0.10166666666666667,0.7183333333333334,0.18,medium,data/New_Data/csv_6x8_Case4/force_disp_Test_058.csv,data/New_Data/6x8_Case4/Original/plot_Test_058_original.png
Case4,Test_060,44.0,-84.0,8477.213186269419,2,0.5183333333333333,0.4116666666666667,0.5183333333333333,0.07,high,data/New_Data/csv_6x8_Case4/force_disp_Test_060.csv,data/New_Data/6x8_Case4/Original/plot_Test_060_original.png
Case4,Test_061,0.0,-52.0,6987.518535161345,2,0.6466666666666666,0.03833333333333333,0.6466666666666666,0.315,high,data/New_Data/csv_6x8_Case4/force_disp_Test_061.csv,data/New_Data/6x8_Case4/Original/plot_Test_061_original.png
Case4,Test_062,33.0,26.0,7827.58928641721,2,0.49333333333333335,0.10666666666666667,0.49333333333333335,0.4,high,data/New_Data/csv_6x8_Case4/force_disp_Test_062.csv,data/New_Data/6x8_Case4/Original/plot_Test_062_original.png
Case4,Test_063,-75.0,38.0,8508.498726557214,2,0.6866666666666666,0.22666666666666666,0.6866666666666666,0.08666666666666667,high,data/New_Data/csv_6x8_Case4/force_disp_Test_063.csv,data/New_Data/6x8_Case4/Original/plot_Test_063_original.png
Case4,Test_064,-20.0,55.0,7897.68401295813,2,0.8066666666666666,0.06666666666666667,0.8066666666666666,0.12666666666666668,medium,data/New_Data/csv_6x8_Case4/force_disp_Test_064.csv,data/New_Data/6x8_Case4/Original/plot_Test_064_original.png
Case4,Test_065,72.0,31.0,8148.871497925377,2,0.7166666666666667,0.17166666666666666,0.7166666666666667,0.11166666666666666,medium,data/New_Data/csv_6x8_Case4/force_disp_Test_065.csv,data/New_Data/6x8_Case4/Original/plot_Test_065_original.png
Case4,Test_069,-36.0,57.0,9269.875387253875,2,0.6283333333333333,0.2916666666666667,0.6283333333333333,0.08,high,data/New_Data/csv_6x8_Case4/force_disp_Test_069.csv,data/New_Data/6x8_Case4/Original/plot_Test_069_original.png
Case4,Test_071,-45.0,-29.0,8522.70335144116,2,0.6566666666666666,0.15833333333333333,0.6566666666666666,0.185,high,data/New_Data/csv_6x8_Case4/force_disp_Test_071.csv,data/New_Data/6x8_Case4/Original/plot_Test_071_original.png
Case4,Test_073,-22.0,46.0,7986.551751007632,2,0.7433333333333333,0.095,0.7433333333333333,0.16166666666666665,medium,data/New_Data/csv_6x8_Case4/force_disp_Test_073.csv,data/New_Data/6x8_Case4/Original/plot_Test_073_original.png
Case4,Test_075,-22.0,82.0,7143.206077416182,2,0.855,0.06666666666666667,0.855,0.07833333333333334,low,data/New_Data/csv_6x8_Case4/force_disp_Test_075.csv,data/New_Data/6x8_Case4/Original/plot_Test_075_original.png
Case4,Test_076,50.0,5.0,6882.240635812853,2,0.575,0.043333333333333335,0.575,0.38166666666666665,high,data/New_Data/csv_6x8_Case4/force_disp_Test_076.csv,data/New_Data/6x8_Case4/Original/plot_Test_076_original.png
Case4,Test_077,-64.0,20.0,7737.312632660686,2,0.77,0.07166666666666667,0.77,0.15833333333333333,medium,data/New_Data/csv_6x8_Case4/force_disp_Test_077.csv,data/New_Data/6x8_Case4/Original/plot_Test_077_original.png
Case4,Test_078,29.0,-79.0,7803.462007931789,2,0.78,0.12,0.78,0.1,medium,data/New_Data/csv_6x8_Case4/force_disp_Test_078.csv,data/New_Data/6x8_Case4/Original/plot_Test_078_original.png
Case4,Test_079,-67.0,39.0,8982.995305747301,2,0.6383333333333333,0.2866666666666667,0.6383333333333333,0.075,high,data/New_Data/csv_6x8_Case4/force_disp_Test_079.csv,data/New_Data/6x8_Case4/Original/plot_Test_079_original.png
Case4,Test_081,-38.0,-72.0,8627.018592297212,2,0.64,0.255,0.64,0.105,high,data/New_Data/csv_6x8_Case4/force_disp_Test_081.csv,data/New_Data/6x8_Case4/Original/plot_Test_081_original.png
Case4,Test_082,85.0,48.0,8544.433939422363,2,0.5533333333333333,0.40166666666666667,0.5533333333333333,0.045,high,data/New_Data/csv_6x8_Case4/force_disp_Test_082.csv,data/New_Data/6x8_Case4/Original/plot_Test_082_original.png
Case4,Test_083,-12.0,85.0,6471.801341815617,2,0.82,0.056666666666666664,0.82,0.12333333333333334,medium,data/New_Data/csv_6x8_Case4/force_disp_Test_083.csv,data/New_Data/6x8_Case4/Original/plot_Test_083_original.png
Case4,Test_084,77.0,-48.0,8872.342836870366,2,0.49,0.485,0.49,0.025,high,data/New_Data/csv_6x8_Case4/force_disp_Test_084.csv,data/New_Data/6x8_Case4/Original/plot_Test_084_original.png
Case4,Test_085,45.0,75.0,8820.118349899549,2,0.555,0.3983333333333333,0.555,0.04666666666666667,high,data/New_Data/csv_6x8_Case4/force_disp_Test_085.csv,data/New_Data/6x8_Case4/Original/plot_Test_085_original.png
Case4,Test_086,-41.0,-54.0,9785.106877733755,2,0.5666666666666667,0.41833333333333333,0.5666666666666667,0.015,high,data/New_Data/csv_6x8_Case4/force_disp_Test_086.csv,data/New_Data/6x8_Case4/Original/plot_Test_086_original.png
Case4,Test_087,-38.0,89.0,8152.117779680076,2,0.6933333333333334,0.24166666666666667,0.6933333333333334,0.065,high,data/New_Data/csv_6x8_Case4/force_disp_Test_087.csv,data/New_Data/6x8_Case4/Original/plot_Test_087_original.png
Case4,Test_088,23.0,33.0,7461.225603669868,2,0.45166666666666666,0.09666666666666666,0.45166666666666666,0.45166666666666666,high,data/New_Data/csv_6x8_Case4/force_disp_Test_088.csv,data/New_Data/6x8_Case4/Original/plot_Test_088_original.png
Case4,Test_090,-65.0,24.0,7976.981791930181,2,0.7766666666666666,0.08666666666666667,0.7766666666666666,0.13666666666666666,medium,data/New_Data/csv_6x8_Case4/force_disp_Test_090.csv,data/New_Data/6x8_Case4/Original/plot_Test_090_original.png
Case4,Test_092,-38.0,-40.0,9702.760328515584,2,0.53,0.37666666666666665,0.53,0.09333333333333334,high,data/New_Data/csv_6x8_Case4/force_disp_Test_092.csv,data/New_Data/6x8_Case4/Original/plot_Test_092_original.png
Case4,Test_095,68.0,-30.0,8337.406838288463,2,0.7416666666666667,0.14333333333333334,0.7416666666666667,0.115,medium,data/New_Data/csv_6x8_Case4/force_disp_Test_095.csv,data/New_Data/6x8_Case4/Original/plot_Test_095_original.png
Case4,Test_097,-46.0,-23.0,7984.983347223492,2,0.6483333333333333,0.09666666666666666,0.6483333333333333,0.255,high,data/New_Data/csv_6x8_Case4/force_disp_Test_097.csv,data/New_Data/6x8_Case4/Original/plot_Test_097_original.png
Case4,Test_099,90.0,40.0,8219.557921999232,2,0.5683333333333334,0.3466666666666667,0.5683333333333334,0.085,high,data/New_Data/csv_6x8_Case4/force_disp_Test_099.csv,data/New_Data/6x8_Case4/Original/plot_Test_099_original.png
Case4,Test_101,48.0,15.0,7301.068736934463,2,0.6183333333333333,0.055,0.6183333333333333,0.32666666666666666,high,data/New_Data/csv_6x8_Case4/force_disp_Test_101.csv,data/New_Data/6x8_Case4/Original/plot_Test_101_original.png
Case4,Test_102,76.0,-24.0,7559.699790121312,2,0.755,0.1,0.755,0.145,medium,data/New_Data/csv_6x8_Case4/force_disp_Test_102.csv,data/New_Data/6x8_Case4/Original/plot_Test_102_original.png
Case4,Test_103,66.0,14.0,7188.988053844833,2,0.6933333333333334,0.07166666666666667,0.6933333333333334,0.235,high,data/New_Data/csv_6x8_Case4/force_disp_Test_103.csv,data/New_Data/6x8_Case4/Original/plot_Test_103_original.png
Case4,Test_104,83.0,3.0,6097.975702163886,2,0.525,0.105,0.525,0.37,high,data/New_Data/csv_6x8_Case4/force_disp_Test_104.csv,data/New_Data/6x8_Case4/Original/plot_Test_104_original.png
Case4,Test_106,-12.0,43.0,7095.8887279968985,2,0.5966666666666667,0.06166666666666667,0.5966666666666667,0.3416666666666667,high,data/New_Data/csv_6x8_Case4/force_disp_Test_106.csv,data/New_Data/6x8_Case4/Original/plot_Test_106_original.png
Case4,Test_107,69.0,8.0,6732.279195085798,2,0.6683333333333333,0.07666666666666666,0.6683333333333333,0.255,high,data/New_Data/csv_6x8_Case4/force_disp_Test_107.csv,data/New_Data/6x8_Case4/Original/plot_Test_107_original.png
Case4,Test_108,46.0,-72.0,9086.16488647708,2,0.51,0.465,0.51,0.025,high,data/New_Data/csv_6x8_Case4/force_disp_Test_108.csv,data/New_Data/6x8_Case4/Original/plot_Test_108_original.png
Case4,Test_109,-69.0,17.0,7278.778854284408,2,0.76,0.065,0.76,0.175,medium,data/New_Data/csv_6x8_Case4/force_disp_Test_109.csv,data/New_Data/6x8_Case4/Original/plot_Test_109_original.png
Case4,Test_110,-51.0,1.0,6852.670701511454,2,0.6116666666666667,0.03333333333333333,0.6116666666666667,0.355,high,data/New_Data/csv_6x8_Case4/force_disp_Test_110.csv,data/New_Data/6x8_Case4/Original/plot_Test_110_original.png
Case4,Test_111,7.0,87.0,6102.399929010011,2,0.7516666666666667,0.06166666666666667,0.7516666666666667,0.18666666666666668,medium,data/New_Data/csv_6x8_Case4/force_disp_Test_111.csv,data/New_Data/6x8_Case4/Original/plot_Test_111_original.png
Case4,Test_114,-35.0,-78.0,8154.096991937224,2,0.7133333333333334,0.18666666666666668,0.7133333333333334,0.1,medium,data/New_Data/csv_6x8_Case4/force_disp_Test_114.csv,data/New_Data/6x8_Case4/Original/plot_Test_114_original.png
Case4,Test_115,22.0,74.0,7451.756926284188,2,0.835,0.06666666666666667,0.835,0.09833333333333333,medium,data/New_Data/csv_6x8_Case4/force_disp_Test_115.csv,data/New_Data/6x8_Case4/Original/plot_Test_115_original.png
Case4,Test_116,12.0,-85.0,6463.706076030276,2,0.74,0.07,0.74,0.19,medium,data/New_Data/csv_6x8_Case4/force_disp_Test_116.csv,data/New_Data/6x8_Case4/Original/plot_Test_116_original.png
Case4,Test_117,-87.0,33.0,7845.6568553549905,2,0.755,0.15666666666666668,0.755,0.08833333333333333,medium,data/New_Data/csv_6x8_Case4/force_disp_Test_117.csv,data/New_Data/6x8_Case4/Original/plot_Test_117_original.png
Case4,Test_120,-58.0,-26.0,8291.989442905944,2,0.7116666666666667,0.11833333333333333,0.7116666666666667,0.17,medium,data/New_Data/csv_6x8_Case4/force_disp_Test_120.csv,data/New_Data/6x8_Case4/Original/plot_Test_120_original.png
Case4,Test_121,-50.0,14.0,7349.083490589079,2,0.6716666666666666,0.058333333333333334,0.6716666666666666,0.27,high,data/New_Data/csv_6x8_Case4/force_disp_Test_121.csv,data/New_Data/6x8_Case4/Original/plot_Test_121_original.png
Case4,Test_122,20.0,-73.0,7388.882997730079,2,0.785,0.07333333333333333,0.785,0.14166666666666666,medium,data/New_Data/csv_6x8_Case4/force_disp_Test_122.csv,data/New_Data/6x8_Case4/Original/plot_Test_122_original.png
Case4,Test_123,76.0,4.0,6353.228650931616,2,0.6116666666666667,0.08166666666666667,0.6116666666666667,0.30666666666666664,high,data/New_Data/csv_6x8_Case4/force_disp_Test_123.csv,data/New_Data/6x8_Case4/Original/plot_Test_123_original.png
Case4,Test_124,42.0,-66.0,9239.133954507131,2,0.5633333333333334,0.38666666666666666,0.5633333333333334,0.05,high,data/New_Data/csv_6x8_Case4/force_disp_Test_124.csv,data/New_Data/6x8_Case4/Original/plot_Test_124_original.png
Case4,Test_125,-3.0,72.0,6528.593395970822,2,0.8066666666666666,0.04,0.8066666666666666,0.15333333333333332,medium,data/New_Data/csv_6x8_Case4/force_disp_Test_125.csv,data/New_Data/6x8_Case4/Original/plot_Test_125_original.png
Case4,Test_130,-59.0,12.0,7269.536334397416,2,0.71,0.06,0.71,0.23,medium,data/New_Data/csv_6x8_Case4/force_disp_Test_130.csv,data/New_Data/6x8_Case4/Original/plot_Test_130_original.png
Case4,Test_131,41.0,53.0,9829.567362078002,2,0.5583333333333333,0.4266666666666667,0.5583333333333333,0.015,high,data/New_Data/csv_6x8_Case4/force_disp_Test_131.csv,data/New_Data/6x8_Case4/Original/plot_Test_131_original.png
Case4,Test_132,38.0,35.0,9210.012389276973,2,0.5366666666666666,0.2966666666666667,0.5366666666666666,0.16666666666666666,high,data/New_Data/csv_6x8_Case4/force_disp_Test_132.csv,data/New_Data/6x8_Case4/Original/plot_Test_132_original.png
Case4,Test_133,-21.0,37.0,7463.232752412636,2,0.5516666666666666,0.09666666666666666,0.5516666666666666,0.3516666666666667,high,data/New_Data/csv_6x8_Case4/force_disp_Test_133.csv,data/New_Data/6x8_Case4/Original/plot_Test_133_original.png
Case4,Test_134,-56.0,37.0,9356.261202620251,2,0.6366666666666667,0.295,0.6366666666666667,0.06833333333333333,high,data/New_Data/csv_6x8_Case4/force_disp_Test_134.csv,data/New_Data/6x8_Case4/Original/plot_Test_134_original.png
Case4,Test_135,39.0,-76.0,8532.372438883216,2,0.6266666666666667,0.2816666666666667,0.6266666666666667,0.09166666666666666,high,data/New_Data/csv_6x8_Case4/force_disp_Test_135.csv,data/New_Data/6x8_Case4/Original/plot_Test_135_original.png
Case4,Test_136,8.0,-68.0,6876.527845280246,2,0.75,0.05,0.75,0.2,medium,data/New_Data/csv_6x8_Case4/force_disp_Test_136.csv,data/New_Data/6x8_Case4/Original/plot_Test_136_original.png
Case4,Test_138,-28.0,-75.0,7787.798763569689,2,0.7433333333333333,0.12166666666666667,0.7433333333333333,0.135,medium,data/New_Data/csv_6x8_Case4/force_disp_Test_138.csv,data/New_Data/6x8_Case4/Original/plot_Test_138_original.png
Case4,Test_139,-52.0,-36.0,9305.793114337961,2,0.6133333333333333,0.2916666666666667,0.6133333333333333,0.095,high,data/New_Data/csv_6x8_Case4/force_disp_Test_139.csv,data/New_Data/6x8_Case4/Original/plot_Test_139_original.png
Case4,Test_141,79.0,49.0,8774.357101799495,2,0.5716666666666667,0.4066666666666667,0.5716666666666667,0.021666666666666667,high,data/New_Data/csv_6x8_Case4/force_disp_Test_141.csv,data/New_Data/6x8_Case4/Original/plot_Test_141_original.png
Case4,Test_142,56.0,10.0,7098.562548082026,2,0.655,0.055,0.655,0.29,high,data/New_Data/csv_6x8_Case4/force_disp_Test_142.csv,data/New_Data/6x8_Case4/Original/plot_Test_142_original.png
Case4,Test_143,39.0,-35.0,9348.751601905826,2,0.5366666666666666,0.325,0.5366666666666666,0.13833333333333334,high,data/New_Data/csv_6x8_Case4/force_disp_Test_143.csv,data/New_Data/6x8_Case4/Original/plot_Test_143_original.png
Case4,Test_144,-86.0,-39.0,8188.0332908818,2,0.6383333333333333,0.265,0.6383333333333333,0.09666666666666666,high,data/New_Data/csv_6x8_Case4/force_disp_Test_144.csv,data/New_Data/6x8_Case4/Original/plot_Test_144_original.png
Case4,Test_145,29.0,32.0,8133.6579178682105,2,0.5083333333333333,0.13,0.5083333333333333,0.3616666666666667,high,data/New_Data/csv_6x8_Case4/force_disp_Test_145.csv,data/New_Data/6x8_Case4/Original/plot_Test_145_original.png
Case4,Test_146,-41.0,-28.0,8355.232193454245,2,0.615,0.135,0.615,0.25,high,data/New_Data/csv_6x8_Case4/force_disp_Test_146.csv,data/New_Data/6x8_Case4/Original/plot_Test_146_original.png
Case4,Test_147,47.0,23.0,7994.233175780046,2,0.675,0.10166666666666667,0.675,0.22333333333333333,high,data/New_Data/csv_6x8_Case4/force_disp_Test_147.csv,data/New_Data/6x8_Case4/Original/plot_Test_147_original.png
Case4,Test_149,24.0,-59.0,8161.766026699633,2,0.7583333333333333,0.09,0.7583333333333333,0.15166666666666667,medium,data/New_Data/csv_6x8_Case4/force_disp_Test_149.csv,data/New_Data/6x8_Case4/Original/plot_Test_149_original.png
Case4,Test_150,15.0,-47.0,7448.043010883276,2,0.6533333333333333,0.058333333333333334,0.6533333333333333,0.28833333333333333,high,data/New_Data/csv_6x8_Case4/force_disp_Test_150.csv,data/New_Data/6x8_Case4/Original/plot_Test_150_original.png
Case4,Test_152,-23.0,-66.0,7805.297601571619,2,0.745,0.08666666666666667,0.745,0.16833333333333333,medium,data/New_Data/csv_6x8_Case4/force_disp_Test_152.csv,data/New_Data/6x8_Case4/Original/plot_Test_152_original.png
Case4,Test_157,78.0,-26.0,7610.389501731962,2,0.7433333333333333,0.11666666666666667,0.7433333333333333,0.14,medium,data/New_Data/csv_6x8_Case4/force_disp_Test_157.csv,data/New_Data/6x8_Case4/Original/plot_Test_157_original.png
Case4,Test_158,17.0,-43.0,7455.810587404853,2,0.6033333333333334,0.06666666666666667,0.6033333333333334,0.33,high,data/New_Data/csv_6x8_Case4/force_disp_Test_158.csv,data/New_Data/6x8_Case4/Original/plot_Test_158_original.png
Case4,Test_160,47.0,-13.0,7323.433927324804,2,0.59,0.056666666666666664,0.59,0.35333333333333333,high,data/New_Data/csv_6x8_Case4/force_disp_Test_160.csv,data/New_Data/6x8_Case4/Original/plot_Test_160_original.png
Case4,Test_162,-71.0,-11.0,6772.271893460154,2,0.6983333333333334,0.07166666666666667,0.6983333333333334,0.23,high,data/New_Data/csv_6x8_Case4/force_disp_Test_162.csv,data/New_Data/6x8_Case4/Original/plot_Test_162_original.png
Case4,Test_163,-84.0,28.0,7571.172369407428,2,0.7733333333333333,0.11166666666666666,0.7733333333333333,0.115,medium,data/New_Data/csv_6x8_Case4/force_disp_Test_163.csv,data/New_Data/6x8_Case4/Original/plot_Test_163_original.png
Case4,Test_166,-61.0,-3.0,6840.473835881717,2,0.6733333333333333,0.04666666666666667,0.6733333333333333,0.28,high,data/New_Data/csv_6x8_Case4/force_disp_Test_166.csv,data/New_Data/6x8_Case4/Original/plot_Test_166_original.png
Case4,Test_170,-35.0,-50.0,9210.473663926265,2,0.5816666666666667,0.29833333333333334,0.5816666666666667,0.12,high,data/New_Data/csv_6x8_Case4/force_disp_Test_170.csv,data/New_Data/6x8_Case4/Original/plot_Test_170_original.png
Case4,Test_172,-68.0,5.0,6756.282934545184,2,0.705,0.05333333333333334,0.705,0.24166666666666667,medium,data/New_Data/csv_6x8_Case4/force_disp_Test_172.csv,data/New_Data/6x8_Case4/Original/plot_Test_172_original.png
Case4,Test_174,-76.0,51.0,9017.341679504323,2,0.5133333333333333,0.47833333333333333,0.5133333333333333,0.008333333333333333,high,data/New_Data/csv_6x8_Case4/force_disp_Test_174.csv,data/New_Data/6x8_Case4/Original/plot_Test_174_original.png
Case4,Test_176,-36.0,30.0,8548.73040465072,2,0.6133333333333333,0.16833333333333333,0.6133333333333333,0.21833333333333332,high,data/New_Data/csv_6x8_Case4/force_disp_Test_176.csv,data/New_Data/6x8_Case4/Original/plot_Test_176_original.png
Case4,Test_177,25.0,-81.0,7427.862084587249,2,0.7983333333333333,0.08833333333333333,0.7983333333333333,0.11333333333333333,medium,data/New_Data/csv_6x8_Case4/force_disp_Test_177.csv,data/New_Data/6x8_Case4/Original/plot_Test_177_original.png
Case4,Test_178,27.0,63.0,8186.938122022841,2,0.7566666666666667,0.12666666666666668,0.7566666666666667,0.11666666666666667,medium,data/New_Data/csv_6x8_Case4/force_disp_Test_178.csv,data/New_Data/6x8_Case4/Original/plot_Test_178_original.png
Case4,Test_179,73.0,-44.0,8956.674580669807,2,0.5366666666666666,0.41,0.5366666666666666,0.05333333333333334,high,data/New_Data/csv_6x8_Case4/force_disp_Test_179.csv,data/New_Data/6x8_Case4/Original/plot_Test_179_original.png
Case4,Test_180,-14.0,88.0,6540.939492371669,2,0.8483333333333334,0.055,0.8483333333333334,0.09666666666666666,medium,data/New_Data/csv_6x8_Case4/force_disp_Test_180.csv,data/New_Data/6x8_Case4/Original/plot_Test_180_original.png
Case4,Test_181,88.0,45.0,8447.547484966599,2,0.595,0.34833333333333333,0.595,0.056666666666666664,high,data/New_Data/csv_6x8_Case4/force_disp_Test_181.csv,data/New_Data/6x8_Case4/Original/plot_Test_181_original.png
Case4,Test_182,-14.0,42.0,7184.729909020651,2,0.5966666666666667,0.065,0.5966666666666667,0.3383333333333333,high,data/New_Data/csv_6x8_Case4/force_disp_Test_182.csv,data/New_Data/6x8_Case4/Original/plot_Test_182_original.png
Case4,Test_183,37.0,63.0,9004.373983872552,2,0.62,0.2966666666666667,0.62,0.08333333333333333,high,data/New_Data/csv_6x8_Case4/force_disp_Test_183.csv,data/New_Data/6x8_Case4/Original/plot_Test_183_original.png
Case4,Test_184,83.0,43.0,8465.3020747716,2,0.5916666666666667,0.335,0.5916666666666667,0.07333333333333333,high,data/New_Data/csv_6x8_Case4/force_disp_Test_184.csv,data/New_Data/6x8_Case4/Original/plot_Test_184_original.png
Case4,Test_185,-18.0,49.0,7665.455632397459,2,0.7666666666666667,0.065,0.7666666666666667,0.16833333333333333,medium,data/New_Data/csv_6x8_Case4/force_disp_Test_185.csv,data/New_Data/6x8_Case4/Original/plot_Test_185_original.png
Case4,Test_186,-54.0,1.0,6943.000399302032,2,0.6333333333333333,0.041666666666666664,0.6333333333333333,0.325,high,data/New_Data/csv_6x8_Case4/force_disp_Test_186.csv,data/New_Data/6x8_Case4/Original/plot_Test_186_original.png
Case4,Test_187,-47.0,-37.0,9521.431627939932,2,0.5666666666666667,0.3616666666666667,0.5666666666666667,0.07166666666666667,high,data/New_Data/csv_6x8_Case4/force_disp_Test_187.csv,data/New_Data/6x8_Case4/Original/plot_Test_187_original.png
Case4,Test_188,-40.0,56.0,9673.450888141793,2,0.58,0.39666666666666667,0.58,0.023333333333333334,high,data/New_Data/csv_6x8_Case4/force_disp_Test_188.csv,data/New_Data/6x8_Case4/Original/plot_Test_188_original.png
Case4,Test_190,-80.0,40.0,8425.356405442357,2,0.665,0.26,0.665,0.075,high,data/New_Data/csv_6x8_Case4/force_disp_Test_190.csv,data/New_Data/6x8_Case4/Original/plot_Test_190_original.png
Case4,Test_191,-75.0,6.0,6429.327393041925,2,0.68,0.07,0.68,0.25,high,data/New_Data/csv_6x8_Case4/force_disp_Test_191.csv,data/New_Data/6x8_Case4/Original/plot_Test_191_original.png
Case4,Test_193,48.0,41.0,10046.174480990912,2,0.51,0.4816666666666667,0.51,0.008333333333333333,high,data/New_Data/csv_6x8_Case4/force_disp_Test_193.csv,data/New_Data/6x8_Case4/Original/plot_Test_193_original.png
Case4,Test_195,12.0,71.0,6946.349910892112,2,0.8216666666666667,0.05,0.8216666666666667,0.12833333333333333,medium,data/New_Data/csv_6x8_Case4/force_disp_Test_195.csv,data/New_Data/6x8_Case4/Original/plot_Test_195_original.png
Case4,Test_196,-32.0,84.0,7821.786440860429,2,0.7883333333333333,0.14166666666666666,0.7883333333333333,0.07,medium,data/New_Data/csv_6x8_Case4/force_disp_Test_196.csv,data/New_Data/6x8_Case4/Original/plot_Test_196_original.png
Case4,Test_197,-80.0,-38.0,8317.76013648186,2,0.655,0.245,0.655,0.1,high,data/New_Data/csv_6x8_Case4/force_disp_Test_197.csv,data/New_Data/6x8_Case4/Original/plot_Test_197_original.png
Case4,Test_199,-45.0,82.0,8574.72791292092,2,0.5516666666666666,0.4083333333333333,0.5516666666666666,0.04,high,data/New_Data/csv_6x8_Case4/force_disp_Test_199.csv,data/New_Data/6x8_Case4/Original/plot_Test_199_original.png
Case4,Test_200,88.0,-42.0,8316.444040223607,2,0.515,0.4,0.515,0.085,high,data/New_Data/csv_6x8_Case4/force_disp_Test_200.csv,data/New_Data/6x8_Case4/Original/plot_Test_200_original.png
Case4,Test_201,-73.0,-27.0,7831.371908690561,2,0.7333333333333333,0.11833333333333333,0.7333333333333333,0.14833333333333334,medium,data/New_Data/csv_6x8_Case4/force_disp_Test_201.csv,data/New_Data/6x8_Case4/Original/plot_Test_201_original.png
Case4,Test_202,-24.0,-76.0,7462.219246770399,2,0.765,0.09,0.765,0.145,medium,data/New_Data/csv_6x8_Case4/force_disp_Test_202.csv,data/New_Data/6x8_Case4/Original/plot_Test_202_original.png
Case4,Test_203,33.0,58.0,8859.81603558297,2,0.6766666666666666,0.215,0.6766666666666666,0.10833333333333334,high,data/New_Data/csv_6x8_Case4/force_disp_Test_203.csv,data/New_Data/6x8_Case4/Original/plot_Test_203_original.png
Case4,Test_206,4.0,90.0,6074.071427162674,2,0.7,0.075,0.7,0.225,medium,data/New_Data/csv_6x8_Case4/force_disp_Test_206.csv,data/New_Data/6x8_Case4/Original/plot_Test_206_original.png
Case4,Test_207,19.0,-83.0,6877.81567878057,2,0.78,0.08333333333333333,0.78,0.13666666666666666,medium,data/New_Data/csv_6x8_Case4/force_disp_Test_207.csv,data/New_Data/6x8_Case4/Original/plot_Test_207_original.png
Case4,Test_208,-87.0,47.0,8521.277528450852,2,0.5516666666666666,0.4083333333333333,0.5516666666666666,0.04,high,data/New_Data/csv_6x8_Case4/force_disp_Test_208.csv,data/New_Data/6x8_Case4/Original/plot_Test_208_original.png
Case4,Test_213,67.0,-42.0,9206.236256584609,2,0.5666666666666667,0.37333333333333335,0.5666666666666667,0.06,high,data/New_Data/csv_6x8_Case4/force_disp_Test_213.csv,data/New_Data/6x8_Case4/Original/plot_Test_213_original.png
Case4,Test_214,63.0,-14.0,7279.9161091390515,2,0.7,0.07,0.7,0.23,medium,data/New_Data/csv_6x8_Case4/force_disp_Test_214.csv,data/New_Data/6x8_Case4/Original/plot_Test_214_original.png
Case4,Test_216,-10.0,59.0,7242.66427212453,2,0.8,0.041666666666666664,0.8,0.15833333333333333,medium,data/New_Data/csv_6x8_Case4/force_disp_Test_216.csv,data/New_Data/6x8_Case4/Original/plot_Test_216_original.png
Case4,Test_217,21.0,56.0,7853.240550876927,2,0.7566666666666667,0.07833333333333334,0.7566666666666667,0.165,medium,data/New_Data/csv_6x8_Case4/force_disp_Test_217.csv,data/New_Data/6x8_Case4/Original/plot_Test_217_original.png
Case4,Test_219,-7.0,65.0,6932.388083725194,2,0.815,0.035,0.815,0.15,medium,data/New_Data/csv_6x8_Case4/force_disp_Test_219.csv,data/New_Data/6x8_Case4/Original/plot_Test_219_original.png
Case4,Test_222,7.0,-80.0,6386.412938996282,2,0.685,0.07333333333333333,0.685,0.24166666666666667,high,data/New_Data/csv_6x8_Case4/force_disp_Test_222.csv,data/New_Data/6x8_Case4/Original/plot_Test_222_original.png
Case4,Test_223,-78.0,-48.0,8770.61738588107,2,0.555,0.415,0.555,0.03,high,data/New_Data/csv_6x8_Case4/force_disp_Test_223.csv,data/New_Data/6x8_Case4/Original/plot_Test_223_original.png
Case4,Test_225,2.0,-73.0,6553.797028649301,2,0.69,0.065,0.69,0.245,high,data/New_Data/csv_6x8_Case4/force_disp_Test_225.csv,data/New_Data/6x8_Case4/Original/plot_Test_225_original.png
Case4,Test_226,-42.0,80.0,8504.552723978,2,0.6,0.33666666666666667,0.6,0.06333333333333334,high,data/New_Data/csv_6x8_Case4/force_disp_Test_226.csv,data/New_Data/6x8_Case4/Original/plot_Test_226_original.png
Case4,Test_228,60.0,-31.0,8734.503444664257,2,0.725,0.165,0.725,0.11,medium,data/New_Data/csv_6x8_Case4/force_disp_Test_228.csv,data/New_Data/6x8_Case4/Original/plot_Test_228_original.png
Case4,Test_229,42.0,86.0,8332.300372542817,2,0.5983333333333334,0.3416666666666667,0.5983333333333334,0.06,high,data/New_Data/csv_6x8_Case4/force_disp_Test_229.csv,data/New_Data/6x8_Case4/Original/plot_Test_229_original.png
Case4,Test_230,-44.0,-30.0,8628.477266734028,2,0.6483333333333333,0.17666666666666667,0.6483333333333333,0.175,high,data/New_Data/csv_6x8_Case4/force_disp_Test_230.csv,data/New_Data/6x8_Case4/Original/plot_Test_230_original.png
Case4,Test_231,-69.0,24.0,7851.701228449493,2,0.7816666666666666,0.09,0.7816666666666666,0.12833333333333333,medium,data/New_Data/csv_6x8_Case4/force_disp_Test_231.csv,data/New_Data/6x8_Case4/Original/plot_Test_231_original.png
Case4,Test_233,61.0,-20.0,7754.9070704342,2,0.7183333333333334,0.08833333333333333,0.7183333333333334,0.19333333333333333,medium,data/New_Data/csv_6x8_Case4/force_disp_Test_233.csv,data/New_Data/6x8_Case4/Original/plot_Test_233_original.png
Case4,Test_234,-49.0,-40.0,9870.65127412545,2,0.5366666666666666,0.45166666666666666,0.5366666666666666,0.011666666666666667,high,data/New_Data/csv_6x8_Case4/force_disp_Test_234.csv,data/New_Data/6x8_Case4/Original/plot_Test_234_original.png
Case4,Test_235,-62.0,7.0,6933.2492408652315,2,0.6983333333333334,0.051666666666666666,0.6983333333333334,0.25,high,data/New_Data/csv_6x8_Case4/force_disp_Test_235.csv,data/New_Data/6x8_Case4/Original/plot_Test_235_original.png
Case4,Test_236,16.0,-57.0,7618.114801552607,2,0.7416666666666667,0.06,0.7416666666666667,0.19833333333333333,medium,data/New_Data/csv_6x8_Case4/force_disp_Test_236.csv,data/New_Data/6x8_Case4/Original/plot_Test_236_original.png
Case4,Test_237,-32.0,66.0,8551.364840916036,2,0.7583333333333333,0.16166666666666665,0.7583333333333333,0.08,medium,data/New_Data/csv_6x8_Case4/force_disp_Test_237.csv,data/New_Data/6x8_Case4/Original/plot_Test_237_original.png
Case4,Test_238,64.0,-22.0,7883.04153052559,2,0.7466666666666667,0.085,0.7466666666666667,0.16833333333333333,medium,data/New_Data/csv_6x8_Case4/force_disp_Test_238.csv,data/New_Data/6x8_Case4/Original/plot_Test_238_original.png
Case4,Test_240,53.0,26.0,8282.711023932668,2,0.68,0.13166666666666665,0.68,0.18833333333333332,high,data/New_Data/csv_6x8_Case4/force_disp_Test_240.csv,data/New_Data/6x8_Case4/Original/plot_Test_240_original.png
Case4,Test_242,-31.0,60.0,8734.78748660295,2,0.755,0.16166666666666665,0.755,0.08333333333333333,medium,data/New_Data/csv_6x8_Case4/force_disp_Test_242.csv,data/New_Data/6x8_Case4/Original/plot_Test_242_original.png
Case4,Test_250,-47.0,64.0,9693.143819672801,2,0.525,0.4716666666666667,0.525,0.0033333333333333335,high,data/New_Data/csv_6x8_Case4/force_disp_Test_250.csv,data/New_Data/6x8_Case4/Original/plot_Test_250_original.png
Case4,Test_251,-69.0,0.0,6560.822273593419,2,0.68,0.055,0.68,0.265,high,data/New_Data/csv_6x8_Case4/force_disp_Test_251.csv,data/New_Data/6x8_Case4/Original/plot_Test_251_original.png
Case4,Test_252,-82.0,-45.0,8531.870916889393,2,0.5733333333333334,0.36333333333333334,0.5733333333333334,0.06333333333333334,high,data/New_Data/csv_6x8_Case4/force_disp_Test_252.csv,data/New_Data/6x8_Case4/Original/plot_Test_252_original.png
Case4,Test_253,56.0,-34.0,9073.869971416205,2,0.6433333333333333,0.24333333333333335,0.6433333333333333,0.11333333333333333,high,data/New_Data/csv_6x8_Case4/force_disp_Test_253.csv,data/New_Data/6x8_Case4/Original/plot_Test_253_original.png
Case4,Test_254,-75.0,-17.0,6987.70638296544,2,0.7083333333333334,0.08333333333333333,0.7083333333333334,0.20833333333333334,medium,data/New_Data/csv_6x8_Case4/force_disp_Test_254.csv,data/New_Data/6x8_Case4/Original/plot_Test_254_original.png
Case4,Test_255,32.0,-60.0,8796.646424600342,2,0.71,0.185,0.71,0.105,medium,data/New_Data/csv_6x8_Case4/force_disp_Test_255.csv,data/New_Data/6x8_Case4/Original/plot_Test_255_original.png
Case4,Test_258,54.0,-18.0,7719.553151008214,2,0.7066666666666667,0.075,0.7066666666666667,0.21833333333333332,medium,data/New_Data/csv_6x8_Case4/force_disp_Test_258.csv,data/New_Data/6x8_Case4/Original/plot_Test_258_original.png
Case4,Test_265,-25.0,-84.0,7362.834359831665,2,0.7616666666666667,0.09833333333333333,0.7616666666666667,0.14,medium,data/New_Data/csv_6x8_Case4/force_disp_Test_265.csv,data/New_Data/6x8_Case4/Original/plot_Test_265_original.png
Case4,Test_266,-26.0,-39.0,7999.906321739766,2,0.5783333333333334,0.12,0.5783333333333334,0.3016666666666667,high,data/New_Data/csv_6x8_Case4/force_disp_Test_266.csv,data/New_Data/6x8_Case4/Original/plot_Test_266_original.png
Case4,Test_267,-33.0,-46.0,9025.507685443468,2,0.585,0.2633333333333333,0.585,0.15166666666666667,high,data/New_Data/csv_6x8_Case4/force_disp_Test_267.csv,data/New_Data/6x8_Case4/Original/plot_Test_267_original.png
Case4,Test_268,-59.0,29.0,8528.921784722004,2,0.7616666666666667,0.135,0.7616666666666667,0.10333333333333333,medium,data/New_Data/csv_6x8_Case4/force_disp_Test_268.csv,data/New_Data/6x8_Case4/Original/plot_Test_268_original.png
Case4,Test_270,10.0,76.0,6605.337987169939,2,0.825,0.051666666666666666,0.825,0.12333333333333334,medium,data/New_Data/csv_6x8_Case4/force_disp_Test_270.csv,data/New_Data/6x8_Case4/Original/plot_Test_270_original.png
Case4,Test_271,-30.0,50.0,8798.518890412499,2,0.7033333333333334,0.18166666666666667,0.7033333333333334,0.115,medium,data/New_Data/csv_6x8_Case4/force_disp_Test_271.csv,data/New_Data/6x8_Case4/Original/plot_Test_271_original.png
Case4,Test_275,80.0,-20.0,7028.847522719755,2,0.725,0.10333333333333333,0.725,0.17166666666666666,medium,data/New_Data/csv_6x8_Case4/force_disp_Test_275.csv,data/New_Data/6x8_Case4/Original/plot_Test_275_original.png
Case4,Test_278,18.0,78.0,6986.401290238939,2,0.84,0.06,0.84,0.1,medium,data/New_Data/csv_6x8_Case4/force_disp_Test_278.csv,data/New_Data/6x8_Case4/Original/plot_Test_278_original.png
Case4,Test_281,-72.0,-17.0,7200.763124621847,2,0.7083333333333334,0.08166666666666667,0.7083333333333334,0.21,medium,data/New_Data/csv_6x8_Case4/force_disp_Test_281.csv,data/New_Data/6x8_Case4/Original/plot_Test_281_original.png
Case4,Test_282,25.0,-74.0,7657.1672168572795,2,0.795,0.085,0.795,0.12,medium,data/New_Data/csv_6x8_Case4/force_disp_Test_282.csv,data/New_Data/6x8_Case4/Original/plot_Test_282_original.png
Case4,Test_285,-21.0,55.0,7933.874078893078,2,0.81,0.06833333333333333,0.81,0.12166666666666667,medium,data/New_Data/csv_6x8_Case4/force_disp_Test_285.csv,data/New_Data/6x8_Case4/Original/plot_Test_285_original.png
Case4,Test_286,40.0,-87.0,8252.835828434652,2,0.5766666666666667,0.3416666666666667,0.5766666666666667,0.08166666666666667,high,data/New_Data/csv_6x8_Case4/force_disp_Test_286.csv,data/New_Data/6x8_Case4/Original/plot_Test_286_original.png
Case4,Test_287,-77.0,22.0,7284.815639990839,2,0.7833333333333333,0.09,0.7833333333333333,0.12666666666666668,medium,data/New_Data/csv_6x8_Case4/force_disp_Test_287.csv,data/New_Data/6x8_Case4/Original/plot_Test_287_original.png
Case4,Test_288,37.0,70.0,8663.786558560198,2,0.65,0.26166666666666666,0.65,0.08833333333333333,high,data/New_Data/csv_6x8_Case4/force_disp_Test_288.csv,data/New_Data/6x8_Case4/Original/plot_Test_288_original.png
Case4,Test_289,-9.0,44.0,6906.107339208253,2,0.6083333333333333,0.04833333333333333,0.6083333333333333,0.3433333333333333,high,data/New_Data/csv_6x8_Case4/force_disp_Test_289.csv,data/New_Data/6x8_Case4/Original/plot_Test_289_original.png
Case4,Test_290,20.0,-82.0,7052.750141698297,2,0.7833333333333333,0.08,0.7833333333333333,0.13666666666666666,medium,data/New_Data/csv_6x8_Case4/force_disp_Test_290.csv,data/New_Data/6x8_Case4/Original/plot_Test_290_original.png
Case4,Test_295,-84.0,-9.0,6279.295256327633,2,0.665,0.07833333333333334,0.665,0.25666666666666665,high,data/New_Data/csv_6x8_Case4/force_disp_Test_295.csv,data/New_Data/6x8_Case4/Original/plot_Test_295_original.png
Case4,Test_296,-48.0,82.0,8642.350030281408,2,0.505,0.4683333333333333,0.505,0.02666666666666667,high,data/New_Data/csv_6x8_Case4/force_disp_Test_296.csv,data/New_Data/6x8_Case4/Original/plot_Test_296_original.png
