batch,source_test_id,global_test_id,case,theta1,theta2,pt,original_type,model_predicted_type,final_type,model_confidence,p_type1,p_type2,p_type3,confidence,data_quality,review_note,post_r2,post_nrmse,abs_quad_a,slope_drift,post_slope_ratio,source_csv
201-250,Test_001,Test_201,Case3,-69.0,46.0,14713.458452542332,1,1,1,0.9998800163850821,0.9998800163850821,9.169854599094068e-05,2.8285068927057934e-05,high,ok,accepted_original_label,0.9976275547756047,0.01389626994050524,0.18177868925563023,0.3188268177048427,0.7330697660735139,data/datasets/DD_new/201-250/csv/force_disp_Test_001.csv
201-250,Test_002,Test_202,Case3,54.0,-51.0,14143.002232421039,1,1,1,0.9999969759343269,0.9999969759343269,1.7204805433332576e-06,1.3035851298789109e-06,high,ok,accepted_original_label,0.999904120120163,0.0028297267793204045,0.03687753713593199,0.07010460820344383,0.9326122802649345,data/datasets/DD_new/201-250/csv/force_disp_Test_002.csv
201-250,Test_003,Test_203,Case3,-41.0,-60.0,14736.805194996587,1,1,1,0.9997215382309148,0.9997215382309148,0.00021423116731112974,6.423060177387251e-05,high,ok,accepted_original_label,0.9975158817950114,0.014204214245611472,0.18580133926581294,0.3287780023754964,0.7262611147234899,data/datasets/DD_new/201-250/csv/force_disp_Test_003.csv
201-250,Test_004,Test_204,Case3,70.0,64.0,9777.939278325674,1,1,1,0.9999990341363253,0.9999990341363253,5.436357971725516e-07,4.2222787754578014e-07,high,ok,accepted_original_label,0.9995003555172554,0.006409855034736103,0.08237354940275672,0.15664064911923523,0.8575512984511311,data/datasets/DD_new/201-250/csv/force_disp_Test_004.csv
201-250,Test_005,Test_205,Case3,28.0,0.0,8084.542530732115,3,3,3,0.999977122172171,1.664743255061921e-06,2.1213084573855638e-05,0.999977122172171,high,ok,accepted_original_label,0.9745980314530373,0.0445205068611331,0.5849623325271318,1.0227341508875676,0.36788235074790737,data/datasets/DD_new/201-250/csv/force_disp_Test_005.csv
201-250,Test_006,Test_206,Case3,-88.0,-74.0,5930.519163558732,1,1,1,0.9999916759457875,0.9999916759457875,5.8620896287363e-06,2.4619645836527217e-06,high,ok,accepted_original_label,0.9995971962067405,0.005759859575893301,0.07540092856018137,0.14144442300445773,0.8696464235718907,data/datasets/DD_new/201-250/csv/force_disp_Test_006.csv
201-250,Test_007,Test_207,Case3,64.0,84.0,7912.426499877921,1,1,1,0.9999989939889631,0.9999989939889631,5.762984431167238e-07,4.297125938057488e-07,high,ok,accepted_original_label,0.9995288193742577,0.006222133876115638,0.08088866801068498,0.1542485536012638,0.8591292879827763,data/datasets/DD_new/201-250/csv/force_disp_Test_007.csv
201-250,Test_008,Test_208,Case3,-76.0,80.0,6276.112739909518,1,1,1,0.9999923263128162,0.9999923263128162,5.8068035192936746e-06,1.8668836644078554e-06,high,ok,accepted_original_label,0.9997609834202779,0.0044591935053421555,0.05935979660319896,0.10106043365319155,0.9041960491070437,data/datasets/DD_new/201-250/csv/force_disp_Test_008.csv
201-250,Test_009,Test_209,Case3,-5.0,73.0,10943.177778945648,2,2,2,0.9999965532354527,2.3048762930052288e-06,0.9999965532354527,1.1418882541946907e-06,high,ok,accepted_original_label,0.9888257536783419,0.029922090620641887,0.3961576972549739,0.6692266095874271,0.518831985868152,data/datasets/DD_new/201-250/csv/force_disp_Test_009.csv
201-250,Test_010,Test_210,Case3,81.0,-19.0,11496.651757355809,2,2,2,0.9999891699677657,8.802582660941245e-06,0.9999891699677657,2.027449573201688e-06,high,ok,accepted_original_label,0.9922056764150671,0.02505129049443533,0.33206349134829305,0.5680006552466337,0.5726427417140298,data/datasets/DD_new/201-250/csv/force_disp_Test_010.csv
201-250,Test_011,Test_211,Case3,-54.0,25.0,12588.99030627842,2,2,2,0.9999996670375436,1.3584123928989155e-07,0.9999996670375436,1.9712121729646677e-07,high,ok,accepted_original_label,0.9943592411253727,0.021217567636484535,0.27859767738975144,0.5066581646648113,0.6121677509148299,data/datasets/DD_new/201-250/csv/force_disp_Test_011.csv
201-250,Test_012,Test_212,Case3,-85.0,-39.0,13228.445871351945,2,2,2,0.9999997350230843,1.0423038438181578e-07,0.9999997350230843,1.6074653117438812e-07,high,ok,accepted_original_label,0.9962438180258252,0.017337043739245446,0.22599990136266643,0.41976567785556346,0.666860340326626,data/datasets/DD_new/201-250/csv/force_disp_Test_012.csv
201-250,Test_013,Test_213,Case3,6.0,-80.0,10757.822418172016,2,2,2,0.9999984805575911,1.1753753612744536e-06,0.9999984805575911,3.4406704753289756e-07,high,ok,accepted_original_label,0.9884190093666961,0.030534185298764102,0.40502211352390743,0.6715746656537478,0.5162310434335541,data/datasets/DD_new/201-250/csv/force_disp_Test_013.csv
201-250,Test_014,Test_214,Case3,88.0,-56.0,9368.074502345467,1,1,1,0.9999990567353536,0.9999990567353536,5.292630573982332e-07,4.140015889731263e-07,high,ok,accepted_original_label,0.9992187339351574,0.007992247585371313,0.10382687002396611,0.19722370320379629,0.8242621756367167,data/datasets/DD_new/201-250/csv/force_disp_Test_014.csv
201-250,Test_015,Test_215,Case3,-15.0,-1.0,6249.069054664691,3,3,3,0.9999766017658546,2.185160611284893e-06,2.121307353417987e-05,0.9999766017658546,high,ok,accepted_original_label,0.9594187447951126,0.056071145214950484,0.7372154073425514,1.3271232970621112,0.26054165855123634,data/datasets/DD_new/201-250/csv/force_disp_Test_015.csv
201-250,Test_016,Test_216,Case3,-45.0,-46.0,15012.716397063046,1,1,1,0.9999067247966889,0.9999067247966889,7.107782480737169e-05,2.219737850394466e-05,high,ok,accepted_original_label,0.9996297278907539,0.005525815306821819,0.07160939792562868,0.13580183360394885,0.8748201820497028,data/datasets/DD_new/201-250/csv/force_disp_Test_016.csv
201-250,Test_017,Test_217,Case3,71.0,1.0,10643.639379658618,2,2,2,0.9999883441534277,9.552604819820044e-06,0.9999883441534277,2.1032417525189346e-06,high,ok,accepted_original_label,0.9885715088167721,0.030214499022933834,0.39962088257115264,0.6795361854503077,0.5143297813946001,data/datasets/DD_new/201-250/csv/force_disp_Test_017.csv
201-250,Test_018,Test_218,Case3,-14.0,24.0,8714.766897599478,3,3,3,0.9999776643837945,1.664744157725715e-06,2.0670872047690464e-05,0.9999776643837945,high,ok,accepted_original_label,0.976390182770262,0.043130391148672724,0.5682345989654981,0.9769838627582016,0.38309517866469533,data/datasets/DD_new/201-250/csv/force_disp_Test_018.csv
201-250,Test_019,Test_219,Case3,47.0,-76.0,12825.238490613583,1,1,1,0.9999958845684893,0.9999958845684893,3.2128839778012343e-06,9.02547532895627e-07,high,ok,accepted_original_label,0.9996094843208755,0.005716271803126875,0.0763825969284145,0.11749327352637527,0.8888592635765271,data/datasets/DD_new/201-250/csv/force_disp_Test_019.csv
201-250,Test_020,Test_220,Case3,41.0,88.0,13172.001455984398,1,1,1,0.9998138632754313,0.9998138632754313,0.00016012681256034504,2.600991200843378e-05,high,ok,accepted_original_label,0.9988733926669444,0.009726953589013338,0.12989891217700344,0.19394132310920723,0.8233815790095514,data/datasets/DD_new/201-250/csv/force_disp_Test_020.csv
201-250,Test_021,Test_221,Case3,17.0,-80.0,11604.430674597255,2,2,2,0.9999988548094966,8.85870167893376e-07,0.9999988548094966,2.593203356194692e-07,high,ok,accepted_original_label,0.991759070616014,0.025779580664861124,0.34196838162191,0.5788637724152026,0.5662347036124195,data/datasets/DD_new/201-250/csv/force_disp_Test_021.csv
201-250,Test_022,Test_222,Case3,28.0,-80.0,12774.077002477265,2,2,2,0.9999988548094966,8.85870167893376e-07,0.9999988548094966,2.593203356194692e-07,high,ok,accepted_original_label,0.9949420786409718,0.020201249786644875,0.26712463553544663,0.4686815430385806,0.6322948529390905,data/datasets/DD_new/201-250/csv/force_disp_Test_022.csv
201-250,Test_023,Test_223,Case3,31.0,71.0,13310.488571105028,2,2,2,0.9999870327314778,9.64903629346185e-06,0.9999870327314778,3.318232228769477e-06,high,ok,accepted_original_label,0.9957065664504694,0.018582505651542264,0.24449913548424215,0.43961250404327595,0.6520416341449891,data/datasets/DD_new/201-250/csv/force_disp_Test_023.csv
201-250,Test_024,Test_224,Case3,33.0,44.0,13663.76606943574,2,2,2,0.9990977927034393,0.0008208764814446247,0.9990977927034393,8.133081511610089e-05,high,ok,accepted_original_label,0.9962810856530223,0.01723399105684049,0.22359087722668927,0.4175288599835772,0.6694223768902018,data/datasets/DD_new/201-250/csv/force_disp_Test_024.csv
201-250,Test_025,Test_225,Case3,20.0,-27.0,9875.460779125502,2,2,2,0.9999986549703258,5.541395254387205e-07,0.9999986549703258,7.908901487946676e-07,high,ok,accepted_original_label,0.9839543050286808,0.03579363509183296,0.4732574971577811,0.79808455624839,0.4567805137719718,data/datasets/DD_new/201-250/csv/force_disp_Test_025.csv
201-250,Test_026,Test_226,Case3,-15.0,46.0,11216.497251565594,2,2,2,0.9999915616087429,6.638744784874841e-06,0.9999915616087429,1.7996464720471979e-06,high,ok,accepted_original_label,0.9899160778909157,0.02827986865651381,0.37233708117798386,0.6569275954099282,0.5288140829361108,data/datasets/DD_new/201-250/csv/force_disp_Test_026.csv
201-250,Test_027,Test_227,Case3,-72.0,0.0,10652.848465886913,2,2,2,0.9999996346028995,1.4907384893871834e-07,0.9999996346028995,2.1632325149183512e-07,high,ok,accepted_original_label,0.9885275080303474,0.03028793530850033,0.40071621859708967,0.679438900265062,0.514356089109148,data/datasets/DD_new/201-250/csv/force_disp_Test_027.csv
201-250,Test_028,Test_228,Case3,42.0,-83.0,13274.61560073786,1,1,1,0.999994803540009,0.999994803540009,4.3508984399371616e-06,8.455615510249292e-07,high,ok,accepted_original_label,0.9990799116039272,0.008795523898019878,0.11744100268361676,0.17296374650297508,0.840521424082492,data/datasets/DD_new/201-250/csv/force_disp_Test_028.csv
201-250,Test_029,Test_229,Case3,-83.0,61.0,8541.76355414934,1,1,1,0.9999861577557673,0.9999861577557673,1.1527005998896583e-05,2.3152382339434443e-06,high,ok,accepted_original_label,0.9992831533692426,0.00765431406669692,0.09881130624149723,0.19046608921161456,0.8299772835696297,data/datasets/DD_new/201-250/csv/force_disp_Test_029.csv
201-250,Test_030,Test_230,Case3,45.0,-74.0,13597.918917526575,1,1,1,0.999992256080278,0.999992256080278,6.48383867011255e-06,1.2600810518056962e-06,high,ok,accepted_original_label,0.9997119298729182,0.004991279179269531,0.06076188756488764,0.09543713825965196,0.949693296327218,data/datasets/DD_new/201-250/csv/force_disp_Test_030.csv
201-250,Test_031,Test_231,Case3,-27.0,38.0,12178.267462036712,2,2,2,0.9999897645777317,8.052524958438293e-06,0.9999897645777317,2.1828973099767562e-06,high,ok,accepted_original_label,0.9936054549196033,0.022605457582123022,0.2972580190779561,0.5310573315784988,0.5975608645080177,data/datasets/DD_new/201-250/csv/force_disp_Test_031.csv
201-250,Test_032,Test_232,Case3,-56.0,26.0,12806.645272403215,2,2,2,0.9999996808566413,1.3020335631600736e-07,0.9999996808566413,1.8894000251517778e-07,high,ok,accepted_original_label,0.9947354618279065,0.020517812679309015,0.26951191850511536,0.4893855486086378,0.6222216062379338,data/datasets/DD_new/201-250/csv/force_disp_Test_032.csv
201-250,Test_033,Test_233,Case3,52.0,-84.0,10522.919301695692,1,1,1,0.9999955277690595,0.9999955277690595,3.7445150460780236e-06,7.277158945230739e-07,high,ok,accepted_original_label,0.9993430393595032,0.007346831235116564,0.09646644833457259,0.17795170633755988,0.8390970034958595,data/datasets/DD_new/201-250/csv/force_disp_Test_033.csv
201-250,Test_034,Test_234,Case3,23.0,-68.0,12536.977169404388,2,2,2,0.9999995589857926,1.8169368922572242e-07,0.9999995589857926,2.5932051822691176e-07,high,ok,accepted_original_label,0.9938393745729679,0.022237494310196143,0.2937493120395424,0.5170739322713284,0.6037505615638579,data/datasets/DD_new/201-250/csv/force_disp_Test_034.csv
201-250,Test_035,Test_235,Case3,-63.0,2.0,10900.963455725785,2,2,2,0.9999996371316227,1.4804218645519933e-07,0.9999996371316227,2.1482619091101707e-07,high,ok,accepted_original_label,0.9889075347686522,0.02971885144672629,0.39239647339546474,0.6772373133175652,0.5167212075345966,data/datasets/DD_new/201-250/csv/force_disp_Test_035.csv
201-250,Test_036,Test_236,Case3,80.0,72.0,6800.7342949686545,1,1,1,0.9999993621179327,0.9999993621179327,3.567477523598807e-07,2.811343149827401e-07,high,ok,accepted_original_label,0.9995835035495224,0.0058566700576404744,0.07645585054516323,0.1436078709583544,0.8679198268728913,data/datasets/DD_new/201-250/csv/force_disp_Test_036.csv
201-250,Test_037,Test_237,Case3,11.0,46.0,10762.412190421956,2,2,2,0.9999867790949044,1.0771886606399533e-05,0.9999867790949044,2.449018489126891e-06,high,ok,accepted_original_label,0.9883897816538385,0.030305822639686425,0.39892282262688294,0.7010674692407295,0.5067397200579842,data/datasets/DD_new/201-250/csv/force_disp_Test_037.csv
201-250,Test_038,Test_238,Case3,75.0,55.0,10805.756997427523,1,1,1,0.9999991947748534,0.9999991947748534,4.5322049667373274e-07,3.5200464974173903e-07,high,ok,accepted_original_label,0.9994323215716377,0.006824165547328869,0.08824947016614988,0.16969213864123653,0.8466025685412507,data/datasets/DD_new/201-250/csv/force_disp_Test_038.csv
201-250,Test_039,Test_239,Case3,-31.0,-79.0,13044.4563544934,2,2,2,0.9999982196484123,1.3772034915036727e-06,0.9999982196484123,4.031480961621257e-07,high,ok,accepted_original_label,0.9954752912525622,0.019092421705738303,0.2517862618096823,0.4478352170324142,0.646171328941458,data/datasets/DD_new/201-250/csv/force_disp_Test_039.csv
201-250,Test_040,Test_240,Case3,2.0,-73.0,10949.033123462237,2,2,2,0.9999984805575911,1.1753753612744536e-06,0.9999984805575911,3.4406704753289756e-07,high,ok,accepted_original_label,0.9885667560712992,0.030272345022478626,0.40079701537807777,0.6754206711254735,0.5156204703102455,data/datasets/DD_new/201-250/csv/force_disp_Test_040.csv
201-250,Test_041,Test_241,Case3,40.0,-77.0,13778.777100072064,1,2,2,0.9999560044734409,4.165650254400132e-05,0.9999560044734409,2.3390240151437478e-06,model_high,ok,reclassified_by_current_csv_model,0.9965817705356425,0.01656314564728633,0.21571098655998644,0.3978880081517731,0.681030591424409,data/datasets/DD_new/201-250/csv/force_disp_Test_041.csv
201-250,Test_042,Test_242,Case3,16.0,-10.0,6878.539956701801,3,3,3,0.999977122172171,1.664743255061921e-06,2.1213084573855638e-05,0.999977122172171,high,ok,accepted_original_label,0.9652746926311092,0.051969004531284,0.683591383886392,1.2157858558576977,0.2965299885184377,data/datasets/DD_new/201-250/csv/force_disp_Test_042.csv
201-250,Test_043,Test_243,Case3,-47.0,65.0,15075.053667122389,1,1,1,0.9998800163850821,0.9998800163850821,9.169854599094068e-05,2.8285068927057934e-05,high,ok,accepted_original_label,0.9977797206835171,0.01348652081612543,0.17705775146951203,0.30142068438417907,0.7445332659515963,data/datasets/DD_new/201-250/csv/force_disp_Test_043.csv
201-250,Test_044,Test_244,Case3,21.0,-26.0,9959.225295265494,2,2,2,0.9999984373626938,6.356311063892479e-07,0.9999984373626938,9.270061997430783e-07,high,ok,accepted_original_label,0.9840225833658296,0.03574344317329397,0.47277744332647087,0.7954283203122983,0.4576298155108631,data/datasets/DD_new/201-250/csv/force_disp_Test_044.csv
201-250,Test_045,Test_245,Case3,38.0,-71.0,13935.672228476657,2,2,2,0.9999985516515025,5.835868967149351e-07,0.9999985516515025,8.647616008785587e-07,high,ok,accepted_original_label,0.99665876197716,0.016398040059421245,0.21422212201779928,0.3898631919069932,0.6857447983650549,data/datasets/DD_new/201-250/csv/force_disp_Test_045.csv
201-250,Test_046,Test_246,Case3,-41.0,87.0,13195.262819785383,1,1,1,0.9996780805706279,0.9996780805706279,0.0002769358504938378,4.4983578878215334e-05,high,ok,accepted_original_label,0.9988802300614292,0.009701451558532694,0.12954067553808057,0.1924261237851251,0.8244173038308835,data/datasets/DD_new/201-250/csv/force_disp_Test_046.csv
201-250,Test_047,Test_247,Case3,-81.0,-10.0,10702.513656016155,2,2,2,0.9999996371316227,1.4804218645519933e-07,0.9999996371316227,2.1482619091101707e-07,high,ok,accepted_original_label,0.9893647033771303,0.029252693566217274,0.387992428197219,0.6493737970153695,0.5277575876271995,data/datasets/DD_new/201-250/csv/force_disp_Test_047.csv
201-250,Test_048,Test_248,Case3,-77.0,51.0,11548.89476765034,1,1,1,0.999992199458037,0.999992199458037,6.4958320695541526e-06,1.304709893457799e-06,high,ok,accepted_original_label,0.9994905250379997,0.006484435022697604,0.0854383848657592,0.15438134927246305,0.8583992599950915,data/datasets/DD_new/201-250/csv/force_disp_Test_048.csv
201-250,Test_049,Test_249,Case3,-58.0,-27.0,12865.636529312418,2,2,2,0.9999996590304724,1.3910794524756096e-07,0.9999996590304724,2.0186158228644762e-07,high,ok,accepted_original_label,0.9949161332698698,0.020168551687281648,0.2649036142605259,0.4806772543967913,0.6274351879523692,data/datasets/DD_new/201-250/csv/force_disp_Test_049.csv
201-250,Test_050,Test_250,Case3,-51.0,-40.0,14825.609173017257,1,1,1,0.999883746104036,0.999883746104036,8.943851760569898e-05,2.6815378358248334e-05,high,ok,accepted_original_label,0.9977346636611021,0.013568470873591351,0.1770762843086926,0.3144157616378382,0.7365838519881966,data/datasets/DD_new/201-250/csv/force_disp_Test_050.csv
251-300,Test_001,Test_251,Case3,-49.0,-84.0,11286.898127813949,1,1,1,0.9999643059012095,0.9999643059012095,3.00622449403062e-05,5.631853850236645e-06,high,ok,accepted_original_label,0.9993108792626543,0.007542734010827883,0.09999306407710053,0.17483019511752992,0.8409538317360215,data/datasets/DD_new/251-300/csv/force_disp_Test_001.csv
251-300,Test_002,Test_252,Case3,65.0,34.0,13582.252125895568,2,2,2,0.9999270042176436,5.3061310029155396e-05,0.9999270042176436,1.9934472327295357e-05,high,ok,accepted_original_label,0.9962843228763698,0.017283400616255547,0.22632773056007888,0.4117063615892821,0.6709743705864158,data/datasets/DD_new/251-300/csv/force_disp_Test_002.csv
251-300,Test_003,Test_253,Case3,-32.0,69.0,13513.010847598163,2,2,2,0.9999886373143299,7.823215480574842e-06,0.9999886373143299,3.539470189442528e-06,high,ok,accepted_original_label,0.9959147968163111,0.01812431253046037,0.23813443867303669,0.43065544467266853,0.6580844648256765,data/datasets/DD_new/251-300/csv/force_disp_Test_003.csv
251-300,Test_004,Test_254,Case3,37.0,74.0,13705.921170573682,2,2,2,0.9999647807004911,2.6169050872307485e-05,0.9999647807004911,9.050248636629131e-06,high,ok,accepted_original_label,0.9964822618028116,0.016820578227210014,0.2200473595818575,0.4008435194095049,0.6781678175580305,data/datasets/DD_new/251-300/csv/force_disp_Test_004.csv
251-300,Test_005,Test_255,Case3,26.0,-62.0,13013.31352956362,2,2,2,0.9999995589857926,1.8169368922572242e-07,0.9999995589857926,2.5932051822691176e-07,high,ok,accepted_original_label,0.9948104582427284,0.02039892425749561,0.268640637639177,0.48197876759841557,0.6257514633723567,data/datasets/DD_new/251-300/csv/force_disp_Test_005.csv
251-300,Test_006,Test_256,Case3,-82.0,-54.0,10170.396436141264,1,1,1,0.9999831736801102,0.9999831736801102,1.3938590701759653e-05,2.887729187996643e-06,high,ok,accepted_original_label,0.9992852772835901,0.007652292171815376,0.09971165716170086,0.1878113379085438,0.8315877730378343,data/datasets/DD_new/251-300/csv/force_disp_Test_006.csv
251-300,Test_007,Test_257,Case3,6.0,36.0,9442.089410071765,2,2,2,0.9999978292470044,1.0716048306659417e-06,0.9999978292470044,1.0991481650801747e-06,high,ok,accepted_original_label,0.9821801545082476,0.037449815350750065,0.49265582830437255,0.8538630396473703,0.4361684302691009,data/datasets/DD_new/251-300/csv/force_disp_Test_007.csv
251-300,Test_008,Test_258,Case3,-45.0,-78.0,13161.048578714574,1,1,1,0.9999917633269955,0.9999917633269955,6.214005404484603e-06,2.0226675998196704e-06,high,ok,accepted_original_label,0.9994489115695443,0.0067953270207065574,0.09079205262968056,0.13758718822624477,0.8710823861744336,data/datasets/DD_new/251-300/csv/force_disp_Test_008.csv
251-300,Test_009,Test_259,Case3,-65.0,69.0,9961.528998168162,1,1,1,0.9999959122638774,0.9999959122638774,3.0896206249852665e-06,9.981154976984674e-07,high,ok,accepted_original_label,0.9999230642803375,0.002536930797477699,0.033719065067329586,0.056845216639539474,0.9447807047186731,data/datasets/DD_new/251-300/csv/force_disp_Test_009.csv
251-300,Test_010,Test_260,Case3,47.0,-18.0,11343.954739039043,2,2,2,0.9999979634487652,1.1157148079797304e-06,0.9999979634487652,9.208364267491672e-07,high,ok,accepted_original_label,0.9911857162482755,0.026446876273831757,0.34794171702881865,0.6194816675686421,0.5486961019231644,data/datasets/DD_new/251-300/csv/force_disp_Test_010.csv
251-300,Test_011,Test_261,Case3,-53.0,83.0,10375.560369980698,1,1,1,0.9999544581519002,0.9999544581519002,3.847043323921054e-05,7.071414860541318e-06,high,ok,accepted_original_label,0.9993711386374559,0.007186855058980687,0.09414694968553122,0.17517794209215412,0.841500699473266,data/datasets/DD_new/251-300/csv/force_disp_Test_011.csv
251-300,Test_012,Test_262,Case3,-4.0,70.0,10994.193476194127,2,2,2,0.9999965532354527,2.3048762930052288e-06,0.9999965532354527,1.1418882541946907e-06,high,ok,accepted_original_label,0.9888953126215572,0.029801049934369904,0.39424053638685175,0.6703957256199692,0.5188429406560746,data/datasets/DD_new/251-300/csv/force_disp_Test_012.csv
251-300,Test_013,Test_263,Case3,-23.0,-67.0,12565.097715033546,2,2,2,0.9999994650669554,2.2038736335403348e-07,0.9999994650669554,3.1454568135622285e-07,high,ok,accepted_original_label,0.9937997731984274,0.02230532926114923,0.2945951631624736,0.5188182608582121,0.6028056467147002,data/datasets/DD_new/251-300/csv/force_disp_Test_013.csv
251-300,Test_014,Test_264,Case3,76.0,48.0,12438.943589267314,1,1,1,0.9999992776025264,0.9999992776025264,4.0401461049708364e-07,3.183828629998944e-07,high,ok,accepted_original_label,0.9995618033780727,0.006038621228149861,0.0805491512409061,0.13248380080579697,0.8761798957670718,data/datasets/DD_new/251-300/csv/force_disp_Test_014.csv
251-300,Test_015,Test_265,Case3,-19.0,30.0,10008.791736465864,2,2,2,0.9999995234310675,1.9634190028665724e-07,0.9999995234310675,2.8022703236951214e-07,high,ok,accepted_original_label,0.9853246582454619,0.03421401501766628,0.4521955809270372,0.7663949652938031,0.47229569835663143,data/datasets/DD_new/251-300/csv/force_disp_Test_015.csv
251-300,Test_016,Test_266,Case3,38.0,-75.0,13749.65949381077,1,2,2,0.9999971651049548,2.174131431257348e-06,0.9999971651049548,6.607636140713837e-07,model_high,ok,reclassified_by_current_csv_model,0.9965399382436461,0.016679768653344716,0.21795451647739875,0.3980504008489227,0.6802253392585105,data/datasets/DD_new/251-300/csv/force_disp_Test_016.csv
251-300,Test_017,Test_267,Case3,49.0,53.0,14337.222344322878,1,1,1,0.9999983538323571,0.9999983538323571,9.335566709253637e-07,7.12610972093259e-07,high,ok,accepted_original_label,0.9998954441062121,0.00295594829765967,0.03899925830783096,0.069662906062967,0.9328858551572513,data/datasets/DD_new/251-300/csv/force_disp_Test_017.csv
251-300,Test_018,Test_268,Case3,2.0,72.0,10946.490445055522,2,2,2,0.9999965532354527,2.3048762930052288e-06,0.9999965532354527,1.1418882541946907e-06,high,ok,accepted_original_label,0.9886140549760511,0.03019460633367087,0.3996483082428806,0.6752826165505691,0.5161480769185188,data/datasets/DD_new/251-300/csv/force_disp_Test_018.csv
251-300,Test_019,Test_269,Case3,41.0,-22.0,11459.211497375773,2,2,2,0.9999992960191186,3.0132715849339386e-07,0.9999992960191186,4.026537230033957e-07,high,ok,accepted_original_label,0.991814791345965,0.025524484616519735,0.3359157958296738,0.5954998862502962,0.5613652244559212,data/datasets/DD_new/251-300/csv/force_disp_Test_019.csv
251-300,Test_020,Test_270,Case3,-21.0,8.0,7380.4506414278285,3,3,3,0.999977122172171,1.664743255061921e-06,2.1213084573855638e-05,0.999977122172171,high,ok,accepted_original_label,0.9693244922504863,0.0488644361412113,0.6423334285849971,1.133067247755777,0.3263308607473835,data/datasets/DD_new/251-300/csv/force_disp_Test_020.csv
251-300,Test_021,Test_271,Case3,-36.0,-11.0,9614.091444782245,2,2,2,0.9999992018229167,3.2884142161645564e-07,0.9999992018229167,4.6933566174725096e-07,high,ok,accepted_original_label,0.9840128027770322,0.03550725790845392,0.46748391996647015,0.8103028526659127,0.45491939825780076,data/datasets/DD_new/251-300/csv/force_disp_Test_021.csv
251-300,Test_022,Test_272,Case3,-65.0,36.0,13812.089506957973,1,2,2,0.9999994739448789,2.0986869359984352e-07,0.9999994739448789,3.161864274865091e-07,model_high,ok,reclassified_by_current_csv_model,0.996548118943136,0.0166667916052168,0.21792356199235968,0.3958479057595411,0.6816830386654761,data/datasets/DD_new/251-300/csv/force_disp_Test_022.csv
251-300,Test_023,Test_273,Case3,-21.0,30.0,10379.99993500586,2,2,2,0.9999995337971006,1.9207119244888345e-07,0.9999995337971006,2.741317069104567e-07,high,ok,accepted_original_label,0.9868784503426559,0.03240629169001526,0.42869015089931917,0.725228397989247,0.4914092883839054,data/datasets/DD_new/251-300/csv/force_disp_Test_023.csv
251-300,Test_024,Test_274,Case3,34.0,-29.0,12018.05406594614,2,2,2,0.9999994503474222,2.2645167204363058e-07,0.9999994503474222,3.232009058649871e-07,high,ok,accepted_original_label,0.9935985534625704,0.02266635503503566,0.29893994360627624,0.5257562231705792,0.5995374272058701,data/datasets/DD_new/251-300/csv/force_disp_Test_024.csv
251-300,Test_025,Test_275,Case3,-32.0,-82.0,13082.157450734334,2,2,2,0.9999982196484123,1.3772034915036727e-06,0.9999982196484123,4.031480961621257e-07,high,ok,accepted_original_label,0.9956556750269958,0.01871599354537433,0.24680588935528566,0.439489080562527,0.6514197503432207,data/datasets/DD_new/251-300/csv/force_disp_Test_025.csv
251-300,Test_026,Test_276,Case3,-55.0,-10.0,11068.898235708364,2,2,2,0.9999996371316227,1.4804218645519933e-07,0.9999996371316227,2.1482619091101707e-07,high,ok,accepted_original_label,0.9896361983058861,0.028684521590962655,0.37812370026982756,0.6622390894886897,0.5253991149351575,data/datasets/DD_new/251-300/csv/force_disp_Test_026.csv
251-300,Test_027,Test_277,Case3,41.0,-54.0,15076.910578593588,1,1,1,0.9999391881795058,0.9999391881795058,3.528492571137282e-05,2.5526894782855393e-05,high,ok,accepted_original_label,0.9978735496568808,0.013158147512050203,0.17190166788712613,0.3032003277245679,0.7443069512975642,data/datasets/DD_new/251-300/csv/force_disp_Test_027.csv
251-300,Test_028,Test_278,Case3,-58.0,-31.0,13398.269507876035,2,2,2,0.9999997319544515,1.0729901768446835e-07,0.9999997319544515,1.6074653068111591e-07,high,ok,accepted_original_label,0.9959184640152178,0.018092750884503284,0.23693078147224386,0.43316025094566746,0.6573829894790801,data/datasets/DD_new/251-300/csv/force_disp_Test_028.csv
251-300,Test_029,Test_279,Case3,51.0,-22.0,12131.857946469085,2,2,2,0.999997002259105,1.8667461399552184e-06,0.999997002259105,1.130994754833412e-06,high,ok,accepted_original_label,0.9932727308018509,0.02315105977966482,0.30438248135006424,0.547802945095388,0.5882611812523377,data/datasets/DD_new/251-300/csv/force_disp_Test_029.csv
251-300,Test_030,Test_280,Case3,55.0,-15.0,11442.850142900792,2,2,2,0.999997938052695,1.1296279230863808e-06,0.999997938052695,9.323193819883798e-07,high,ok,accepted_original_label,0.9911407802818238,0.02654744924737244,0.34993180815767577,0.6169158361151806,0.5490867859215915,data/datasets/DD_new/251-300/csv/force_disp_Test_030.csv
251-300,Test_031,Test_281,Case3,-76.0,-89.0,5726.002535900027,1,1,1,0.9999937258572565,0.9999937258572565,4.733410795181246e-06,1.5407319480508016e-06,high,ok,accepted_original_label,0.9998295239136491,0.003775929648569953,0.05048747280790705,0.07964836858199055,0.92339885732868,data/datasets/DD_new/251-300/csv/force_disp_Test_031.csv
251-300,Test_032,Test_282,Case3,32.0,8.0,8891.96813090958,2,2,2,0.9999978922802599,8.683606309029248e-07,0.9999978922802599,1.2393591091314315e-06,high,ok,accepted_original_label,0.9800891197365054,0.03955351678133825,0.5204549829665778,0.9011099739159025,0.4156364434411898,data/datasets/DD_new/251-300/csv/force_disp_Test_032.csv
251-300,Test_033,Test_283,Case3,13.0,90.0,10953.798120293703,2,2,2,0.9999932657853265,4.923140066279232e-06,0.9999932657853265,1.811074607201908e-06,high,ok,accepted_original_label,0.9901232502649029,0.02826087949578324,0.3754288339279609,0.6224353784113833,0.5410288183015052,data/datasets/DD_new/251-300/csv/force_disp_Test_033.csv
251-300,Test_034,Test_284,Case3,26.0,-2.0,7864.593971638623,3,3,3,0.999977122172171,1.664743255061921e-06,2.1213084573855638e-05,0.999977122172171,high,ok,accepted_original_label,0.9727184012699936,0.04610767487711979,0.6057820209800389,1.0629257204954,0.3529427004017835,data/datasets/DD_new/251-300/csv/force_disp_Test_034.csv
251-300,Test_035,Test_285,Case3,6.0,16.0,6711.8476708578055,3,3,3,0.999977122172171,1.664743255061921e-06,2.1213084573855638e-05,0.999977122172171,high,ok,accepted_original_label,0.9638164033899765,0.05315400930466817,0.700252584373407,1.2468154247279446,0.28375687622528606,data/datasets/DD_new/251-300/csv/force_disp_Test_035.csv
251-300,Test_036,Test_286,Case3,43.0,52.0,15525.674342884024,1,1,1,0.9999730005546346,0.9999730005546346,1.561710607512296e-05,1.1382339290427089e-05,high,ok,accepted_original_label,0.9983650894468343,0.011579178370944802,0.15162694387181014,0.2629198270893418,0.7730576684818886,data/datasets/DD_new/251-300/csv/force_disp_Test_036.csv
251-300,Test_037,Test_287,Case3,20.0,24.0,9444.093859304965,2,2,2,0.9999958630375501,1.6827846159579667e-06,0.9999958630375501,2.4541778338803113e-06,high,ok,accepted_original_label,0.9818709823841449,0.038006087189683097,0.5023783301469943,0.8507049848113165,0.4330658367485849,data/datasets/DD_new/251-300/csv/force_disp_Test_037.csv
251-300,Test_038,Test_288,Case3,75.0,52.0,11544.731401520492,1,1,1,0.9999994299564806,0.9999994299564806,3.265522749359374e-07,2.4349124442709707e-07,high,ok,accepted_original_label,0.9995311232806886,0.006216512180326453,0.0814340954416983,0.1513262145745733,0.8612404867760681,data/datasets/DD_new/251-300/csv/force_disp_Test_038.csv
251-300,Test_039,Test_289,Case3,13.0,-85.0,11066.844168768703,2,2,2,0.9999985672726232,1.1082963385031595e-06,0.9999985672726232,3.24431038410428e-07,high,ok,accepted_original_label,0.9902188977677187,0.028109465567384063,0.3732779893487291,0.6213375714262312,0.5417410844489217,data/datasets/DD_new/251-300/csv/force_disp_Test_039.csv
251-300,Test_040,Test_290,Case3,35.0,27.0,11709.86185969977,2,2,2,0.9999995337971006,1.9207119244888345e-07,0.9999995337971006,2.741317069104567e-07,high,ok,accepted_original_label,0.9928835122873165,0.02387431599346516,0.3148618241694447,0.5528995929320507,0.5838560144711828,data/datasets/DD_new/251-300/csv/force_disp_Test_040.csv
251-300,Test_041,Test_291,Case3,-52.0,-35.0,13944.8454930924,1,2,2,0.999973606294019,2.5615163900083583e-05,0.999973606294019,7.785420809579934e-07,model_high,ok,reclassified_by_current_csv_model,0.9967836477308447,0.01607720050219257,0.20924468668682036,0.3849275224748644,0.6895178418379939,data/datasets/DD_new/251-300/csv/force_disp_Test_041.csv
251-300,Test_042,Test_292,Case3,-54.0,-72.0,11580.660659889136,1,1,1,0.9999939412116866,0.9999939412116866,4.999756494134862e-06,1.0590318192403588e-06,high,ok,accepted_original_label,0.9996282912779086,0.005533184693546167,0.07166683454752965,0.13864193038772835,0.872303250130324,data/datasets/DD_new/251-300/csv/force_disp_Test_042.csv
251-300,Test_043,Test_293,Case3,-58.0,-40.0,14531.17013979186,1,2,2,0.9985810367229818,0.0014176354027835593,0.9985810367229818,1.3278742346685002e-06,model_high,ok,reclassified_by_current_csv_model,0.997455422092904,0.014372242831508238,0.1880117546104211,0.3330760251950648,0.7232920988084134,data/datasets/DD_new/251-300/csv/force_disp_Test_043.csv
251-300,Test_044,Test_294,Case3,-52.0,-80.0,10915.09564880999,1,1,1,0.9999780418793736,0.9999780418793736,1.8189672964519144e-05,3.768447661866145e-06,high,ok,accepted_original_label,0.9994500018456353,0.006731568388805876,0.08856096077120004,0.16173641693573446,0.8524483926919825,data/datasets/DD_new/251-300/csv/force_disp_Test_044.csv
251-300,Test_045,Test_295,Case3,34.0,-45.0,13943.52803783996,1,2,2,0.9997557837589846,0.00024351465335634395,0.9997557837589846,7.015876590139865e-07,model_high,ok,reclassified_by_current_csv_model,0.9965504763269021,0.016609275608593373,0.2152445692335913,0.40183612515606276,0.6794038996959303,data/datasets/DD_new/251-300/csv/force_disp_Test_045.csv
251-300,Test_046,Test_296,Case3,-5.0,5.0,5506.612601312856,3,3,3,0.9999766017658546,2.185160611284893e-06,2.121307353417987e-05,0.9999766017658546,needs_review,short_curve,accepted_original_label,0.9543079989184762,0.05964782967667721,0.7782183661515558,1.4124827691011288,0.2324100093024554,data/datasets/DD_new/251-300/csv/force_disp_Test_046.csv
251-300,Test_047,Test_297,Case3,-58.0,2.0,10810.029149232132,2,2,2,0.9999996371316227,1.4804218645519933e-07,0.9999996371316227,2.1482619091101707e-07,high,ok,accepted_original_label,0.9886504644710906,0.03001378734577526,0.3957978553678712,0.6885459783830009,0.5120366905026763,data/datasets/DD_new/251-300/csv/force_disp_Test_047.csv
251-300,Test_048,Test_298,Case3,25.0,-82.0,12420.583944827715,2,2,2,0.9999988548094966,8.85870167893376e-07,0.9999988548094966,2.593203356194692e-07,high,ok,accepted_original_label,0.9941818735990258,0.021677484145158334,0.2872097196661577,0.49629956388141777,0.614623026469985,data/datasets/DD_new/251-300/csv/force_disp_Test_048.csv
251-300,Test_049,Test_299,Case3,-30.0,-10.0,8802.605942556052,3,3,3,0.999930778786643,1.6646661034583855e-06,6.755654725361416e-05,0.999930778786643,high,ok,accepted_original_label,0.979240813149494,0.0403879840569533,0.5315751425400214,0.9186698322490304,0.40827035201763096,data/datasets/DD_new/251-300/csv/force_disp_Test_049.csv
251-300,Test_050,Test_300,Case3,-73.0,-18.0,11712.978120585007,2,2,2,0.9999996371316227,1.4804218645519933e-07,0.9999996371316227,2.1482619091101707e-07,high,ok,accepted_original_label,0.9921658479456712,0.02508557871199682,0.3320515532024169,0.571847592249024,0.571344658888916,data/datasets/DD_new/251-300/csv/force_disp_Test_050.csv
