case,test_id,theta1,theta2,label
Case3,Test_001,11.0,49.0,2
Case3,Test_002,-15.0,-71.0,2
Case3,Test_003,-88.0,11.0,2
Case3,Test_004,-25.0,-46.0,2
Case3,Test_005,32.0,27.0,2
Case3,Test_006,-76.0,-52.0,1
Case3,Test_007,-66.0,-12.0,2
Case3,Test_008,-43.0,77.0,1
Case3,Test_009,75.0,40.0,1
Case3,Test_010,-63.0,87.0,1
Case3,Test_011,-72.0,-8.0,2
Case3,Test_012,-84.0,47.0,1
Case3,Test_013,57.0,48.0,1
Case3,Test_014,54.0,51.0,1
Case3,Test_015,17.0,33.0,2
Case3,Test_016,52.0,44.0,1
Case3,Test_017,-41.0,73.0,2
Case3,Test_018,88.0,18.0,2
Case3,Test_019,-28.0,-86.0,2
Case3,Test_020,-15.0,-39.0,2
Case3,Test_021,-2.0,-69.0,2
Case3,Test_022,-19.0,-70.0,2
Case3,Test_023,-49.0,30.0,2
Case3,Test_024,59.0,-11.0,2
Case3,Test_025,-11.0,53.0,2
Case3,Test_026,-56.0,40.0,1
Case3,Test_027,62.0,-28.0,2
Case3,Test_028,-60.0,15.0,2
Case3,Test_029,-86.0,4.0,2
Case3,Test_030,-45.0,-21.0,2
Case3,Test_031,39.0,-42.0,1
Case3,Test_032,-68.0,32.0,2
Case3,Test_033,30.0,-72.0,2
Case3,Test_034,65.0,-56.0,1
Case3,Test_035,62.0,45.0,1
Case3,Test_036,-51.0,58.0,1
Case3,Test_037,82.0,-75.0,1
Case3,Test_038,-37.0,59.0,1
Case3,Test_039,-35.0,-29.0,2
Case3,Test_040,84.0,24.0,2
Case3,Test_041,12.0,88.0,2
Case3,Test_042,-80.0,36.0,2
Case3,Test_043,90.0,52.0,1
Case3,Test_044,-83.0,8.0,2
Case3,Test_045,77.0,-20.0,2
Case3,Test_046,56.0,-82.0,1
Case3,Test_047,-33.0,64.0,2
Case3,Test_048,-23.0,-2.0,3
Case3,Test_049,4.0,78.0,2
Case3,Test_050,-13.0,60.0,2
Case3,Test_051,-54.0,22.0,2
Case3,Test_052,14.0,-3.0,3
Case3,Test_053,-67.0,23.0,2
Case3,Test_054,-36.0,-80.0,2
Case3,Test_055,69.0,-62.0,1
Case3,Test_056,88.0,-61.0,1
Case3,Test_057,-85.0,56.0,1
Case3,Test_058,46.0,41.0,1
Case3,Test_059,34.0,-32.0,2
Case3,Test_060,11.0,-2.0,3
Case3,Test_061,19.0,-67.0,2
Case3,Test_062,-45.0,-80.0,1
Case3,Test_063,38.0,69.0,2
Case3,Test_064,-65.0,32.0,2
Case3,Test_065,-32.0,-36.0,2
Case3,Test_066,-17.0,82.0,2
Case3,Test_067,-61.0,78.0,1
Case3,Test_068,45.0,-66.0,1
Case3,Test_069,33.0,-41.0,2
Case3,Test_070,48.0,85.0,1
Case3,Test_071,82.0,86.0,1
Case3,Test_072,-21.0,38.0,2
Case3,Test_073,81.0,-73.0,1
Case3,Test_074,78.0,-23.0,2
Case3,Test_075,26.0,-58.0,2
Case3,Test_076,13.0,14.0,3
Case3,Test_077,-6.0,51.0,2
Case3,Test_078,73.0,-45.0,2
Case3,Test_079,0.0,1.0,3
Case3,Test_080,-42.0,-56.0,1
Case3,Test_081,-80.0,12.0,2
Case3,Test_082,23.0,-15.0,3
Case3,Test_083,9.0,25.0,3
Case3,Test_084,-58.0,-24.0,2
Case3,Test_085,-27.0,19.0,2
Case3,Test_086,-44.0,-26.0,2
Case3,Test_087,87.0,-65.0,1
Case3,Test_088,-9.0,-87.0,2
Case3,Test_089,2.0,55.0,2
Case3,Test_090,40.0,61.0,1
Case3,Test_091,50.0,-64.0,1
Case3,Test_092,-7.0,20.0,3
Case3,Test_093,85.0,-17.0,2
Case3,Test_094,18.0,-59.0,2
Case3,Test_095,-26.0,-51.0,2
Case3,Test_096,-86.0,26.0,2
Case3,Test_097,71.0,68.0,1
Case3,Test_098,-1.0,-33.0,3
Case3,Test_099,64.0,-58.0,1
Case3,Test_100,-77.0,-19.0,2
Case3,Test_101,-37.0,81.0,2
Case3,Test_102,-38.0,46.0,2
Case3,Test_103,-40.0,-10.0,2
Case3,Test_104,-31.0,10.0,2
Case3,Test_105,-65.0,-72.0,1
Case3,Test_106,-10.0,-49.0,2
Case3,Test_107,-53.0,-14.0,2
Case3,Test_108,-12.0,31.0,2
Case3,Test_109,44.0,-41.0,1
Case3,Test_110,-74.0,-31.0,2
Case3,Test_111,31.0,-77.0,2
Case3,Test_112,25.0,2.0,3
Case3,Test_113,57.0,13.0,2
Case3,Test_114,42.0,-63.0,2
Case3,Test_115,60.0,35.0,2
Case3,Test_116,29.0,-81.0,2
Case3,Test_117,54.0,80.0,1
Case3,Test_118,83.0,16.0,2
Case3,Test_119,3.0,27.0,3
Case3,Test_120,10.0,76.0,2
Case3,Test_121,-6.0,-20.0,3
Case3,Test_122,-76.0,-7.0,2
Case3,Test_123,-24.0,0.0,3
Case3,Test_124,86.0,43.0,1
Case3,Test_125,15.0,-39.0,2
Case3,Test_126,-78.0,64.0,1
Case3,Test_127,-22.0,-34.0,2
Case3,Test_128,67.0,-77.0,1
Case3,Test_129,53.0,17.0,2
Case3,Test_130,5.0,84.0,2
Case3,Test_131,-89.0,71.0,1
Case3,Test_132,51.0,58.0,1
Case3,Test_133,-72.0,-54.0,1
Case3,Test_134,-18.0,71.0,2
Case3,Test_135,75.0,-31.0,2
Case3,Test_136,-50.0,-9.0,2
Case3,Test_137,-19.0,70.0,2
Case3,Test_138,37.0,34.0,2
Case3,Test_139,48.0,-47.0,1
Case3,Test_140,-3.0,-6.0,3
Case3,Test_141,72.0,-18.0,2
Case3,Test_142,20.0,-1.0,3
Case3,Test_143,8.0,9.0,3
Case3,Test_144,27.0,-85.0,2
Case3,Test_145,-30.0,67.0,2
Case3,Test_146,-11.0,38.0,2
Case3,Test_147,-69.0,-49.0,1
Case3,Test_148,41.0,-14.0,2
Case3,Test_149,22.0,-68.0,2
Case3,Test_150,5.0,-35.0,2
Case3,Test_151,-53.0,6.0,2
Case3,Test_152,-52.0,62.0,2
Case3,Test_153,-82.0,-88.0,1
Case3,Test_154,24.0,53.0,2
Case3,Test_155,19.0,48.0,2
Case3,Test_156,74.0,-74.0,1
Case3,Test_157,-59.0,-37.0,2
Case3,Test_158,76.0,3.0,2
Case3,Test_159,-58.0,75.0,1
Case3,Test_160,27.0,5.0,3
Case3,Test_161,47.0,-42.0,1
Case3,Test_162,-4.0,55.0,2
Case3,Test_163,-78.0,84.0,1
Case3,Test_164,-8.0,62.0,2
Case3,Test_165,6.0,-37.0,2
Case3,Test_166,-22.0,23.0,2
Case3,Test_167,-71.0,-50.0,1
Case3,Test_168,-16.0,-87.0,2
Case3,Test_169,-46.0,-76.0,1
Case3,Test_170,1.0,-16.0,3
Case3,Test_171,80.0,66.0,1
Case3,Test_172,7.0,42.0,2
Case3,Test_173,68.0,90.0,1
Case3,Test_174,-69.0,28.0,2
Case3,Test_175,66.0,18.0,2
Case3,Test_176,-56.0,-10.0,2
Case3,Test_177,65.0,-4.0,2
Case3,Test_178,79.0,72.0,1
Case3,Test_179,36.0,-84.0,2
Case3,Test_180,22.0,-27.0,2
Case3,Test_181,-47.0,5.0,2
Case3,Test_182,16.0,-60.0,2
Case3,Test_183,70.0,-63.0,1
Case3,Test_184,58.0,-22.0,2
Case3,Test_185,-4.0,7.0,3
Case3,Test_186,61.0,-55.0,1
Case3,Test_187,51.0,-25.0,2
Case3,Test_188,-30.0,-6.0,3
Case3,Test_189,-82.0,-27.0,2
Case3,Test_190,31.0,-45.0,2
Case3,Test_191,-48.0,-78.0,1
Case3,Test_192,-34.0,65.0,2
Case3,Test_193,41.0,-83.0,1
Case3,Test_194,-29.0,74.0,2
Case3,Test_195,43.0,37.0,1
Case3,Test_196,-73.0,89.0,1
Case3,Test_197,-41.0,12.0,2
Case3,Test_198,-64.0,-44.0,1
Case3,Test_199,-62.0,-53.0,1
Case3,Test_200,35.0,82.0,2
Case4,Test_001,11.0,49.0,2
Case4,Test_002,-15.0,-71.0,2
Case4,Test_003,-88.0,11.0,2
Case4,Test_004,-25.0,-46.0,2
Case4,Test_005,32.0,27.0,2
Case4,Test_006,-76.0,-52.0,1
Case4,Test_007,-66.0,-12.0,2
Case4,Test_008,-43.0,77.0,1
Case4,Test_009,75.0,40.0,1
Case4,Test_010,-63.0,87.0,1
Case4,Test_011,-72.0,-8.0,2
Case4,Test_012,-84.0,47.0,1
Case4,Test_013,57.0,48.0,1
Case4,Test_014,54.0,51.0,1
Case4,Test_015,17.0,33.0,2
Case4,Test_016,52.0,44.0,1
Case4,Test_017,-41.0,73.0,2
Case4,Test_018,88.0,18.0,2
Case4,Test_019,-28.0,-86.0,2
Case4,Test_020,-15.0,-39.0,2
Case4,Test_021,-2.0,-69.0,2
Case4,Test_022,-19.0,-70.0,2
Case4,Test_023,-49.0,30.0,2
Case4,Test_024,59.0,-11.0,2
Case4,Test_025,-11.0,53.0,2
Case4,Test_026,-56.0,40.0,1
Case4,Test_027,62.0,-28.0,2
Case4,Test_028,-60.0,15.0,2
Case4,Test_029,-86.0,4.0,2
Case4,Test_030,-45.0,-21.0,2
Case4,Test_031,39.0,-42.0,1
Case4,Test_032,-68.0,32.0,2
Case4,Test_033,30.0,-72.0,2
Case4,Test_034,65.0,-56.0,1
Case4,Test_035,62.0,45.0,1
Case4,Test_036,-51.0,58.0,1
Case4,Test_037,82.0,-75.0,1
Case4,Test_038,-37.0,59.0,1
Case4,Test_039,-35.0,-29.0,2
Case4,Test_040,84.0,24.0,2
Case4,Test_041,12.0,88.0,2
Case4,Test_042,-80.0,36.0,2
Case4,Test_043,90.0,52.0,1
Case4,Test_044,-83.0,8.0,2
Case4,Test_045,77.0,-20.0,2
Case4,Test_046,56.0,-82.0,1
Case4,Test_047,-33.0,64.0,2
Case4,Test_048,-23.0,-2.0,3
Case4,Test_049,4.0,78.0,2
Case4,Test_050,-13.0,60.0,2
Case4,Test_051,-54.0,22.0,2
Case4,Test_052,14.0,-3.0,3
Case4,Test_053,-67.0,23.0,2
Case4,Test_054,-36.0,-80.0,2
Case4,Test_055,69.0,-62.0,1
Case4,Test_056,88.0,-61.0,1
Case4,Test_057,-85.0,56.0,1
Case4,Test_058,46.0,41.0,1
Case4,Test_059,34.0,-32.0,2
Case4,Test_060,11.0,-2.0,3
Case4,Test_061,19.0,-67.0,2
Case4,Test_062,-45.0,-80.0,1
Case4,Test_063,38.0,69.0,2
Case4,Test_064,-65.0,32.0,2
Case4,Test_065,-32.0,-36.0,2
Case4,Test_066,-17.0,82.0,2
Case4,Test_067,-61.0,78.0,1
Case4,Test_068,45.0,-66.0,1
Case4,Test_069,33.0,-41.0,2
Case4,Test_070,48.0,85.0,1
Case4,Test_071,82.0,86.0,1
Case4,Test_072,-21.0,38.0,2
Case4,Test_073,81.0,-73.0,1
Case4,Test_074,78.0,-23.0,2
Case4,Test_075,26.0,-58.0,2
Case4,Test_076,13.0,14.0,3
Case4,Test_077,-6.0,51.0,2
Case4,Test_078,73.0,-45.0,1
Case4,Test_079,0.0,1.0,3
Case4,Test_080,-42.0,-56.0,1
Case4,Test_081,-80.0,12.0,2
Case4,Test_082,23.0,-15.0,3
Case4,Test_083,9.0,25.0,3
Case4,Test_084,-58.0,-24.0,2
Case4,Test_085,-27.0,19.0,2
Case4,Test_086,-44.0,-26.0,2
Case4,Test_087,87.0,-65.0,1
Case4,Test_088,-9.0,-87.0,2
Case4,Test_089,2.0,55.0,2
Case4,Test_090,40.0,61.0,1
Case4,Test_091,50.0,-64.0,1
Case4,Test_092,-7.0,20.0,3
Case4,Test_093,85.0,-17.0,2
Case4,Test_094,18.0,-59.0,2
Case4,Test_095,-26.0,-51.0,2
Case4,Test_096,-86.0,26.0,2
Case4,Test_097,71.0,68.0,1
Case4,Test_098,-1.0,-33.0,3
Case4,Test_099,64.0,-58.0,1
Case4,Test_100,-77.0,-19.0,2
Case4,Test_101,-37.0,81.0,2
Case4,Test_102,-38.0,46.0,2
Case4,Test_103,-40.0,-10.0,2
Case4,Test_104,-31.0,10.0,2
Case4,Test_105,-65.0,-72.0,1
Case4,Test_106,-10.0,-49.0,2
Case4,Test_107,-53.0,-14.0,2
Case4,Test_108,-12.0,31.0,2
Case4,Test_109,44.0,-41.0,1
Case4,Test_110,-74.0,-31.0,2
Case4,Test_111,31.0,-77.0,2
Case4,Test_112,25.0,2.0,3
Case4,Test_113,57.0,13.0,2
Case4,Test_114,42.0,-63.0,2
Case4,Test_115,60.0,35.0,2
Case4,Test_116,29.0,-81.0,2
Case4,Test_117,54.0,80.0,1
Case4,Test_118,83.0,16.0,2
Case4,Test_119,3.0,27.0,3
Case4,Test_120,10.0,76.0,2
Case4,Test_121,-6.0,-20.0,3
Case4,Test_122,-76.0,-7.0,2
Case4,Test_123,-24.0,0.0,3
Case4,Test_124,86.0,43.0,1
Case4,Test_125,15.0,-39.0,2
Case4,Test_126,-78.0,64.0,1
Case4,Test_127,-22.0,-34.0,2
Case4,Test_128,67.0,-77.0,1
Case4,Test_129,53.0,17.0,2
Case4,Test_130,5.0,84.0,2
Case4,Test_131,-89.0,71.0,1
Case4,Test_132,51.0,58.0,1
Case4,Test_133,-72.0,-54.0,1
Case4,Test_134,-18.0,71.0,2
Case4,Test_135,75.0,-31.0,2
Case4,Test_136,-50.0,-9.0,2
Case4,Test_137,-19.0,70.0,2
Case4,Test_138,37.0,34.0,2
Case4,Test_139,48.0,-47.0,1
Case4,Test_140,-3.0,-6.0,3
Case4,Test_141,72.0,-18.0,2
Case4,Test_142,20.0,-1.0,3
Case4,Test_143,8.0,9.0,3
Case4,Test_144,27.0,-85.0,2
Case4,Test_145,-30.0,67.0,2
Case4,Test_146,-11.0,38.0,2
Case4,Test_147,-69.0,-49.0,1
Case4,Test_148,41.0,-14.0,2
Case4,Test_149,22.0,-68.0,2
Case4,Test_150,5.0,-35.0,2
Case4,Test_151,-53.0,6.0,2
Case4,Test_152,-52.0,62.0,1
Case4,Test_153,-82.0,-88.0,1
Case4,Test_154,24.0,53.0,2
Case4,Test_155,19.0,48.0,2
Case4,Test_156,74.0,-74.0,1
Case4,Test_157,-59.0,-37.0,2
Case4,Test_158,76.0,3.0,2
Case4,Test_159,-58.0,75.0,1
Case4,Test_160,27.0,5.0,3
Case4,Test_161,47.0,-42.0,1
Case4,Test_162,-4.0,55.0,2
Case4,Test_163,-78.0,84.0,1
Case4,Test_164,-8.0,62.0,2
Case4,Test_165,6.0,-37.0,2
Case4,Test_166,-22.0,23.0,2
Case4,Test_167,-71.0,-50.0,1
Case4,Test_168,-16.0,-87.0,2
Case4,Test_169,-46.0,-76.0,1
Case4,Test_170,1.0,-16.0,3
Case4,Test_171,80.0,66.0,1
Case4,Test_172,7.0,42.0,2
Case4,Test_173,68.0,90.0,1
Case4,Test_174,-69.0,28.0,2
Case4,Test_175,66.0,18.0,2
Case4,Test_176,-56.0,-10.0,2
Case4,Test_177,65.0,-4.0,2
Case4,Test_178,79.0,72.0,1
Case4,Test_179,36.0,-84.0,2
Case4,Test_180,22.0,-27.0,2
Case4,Test_181,-47.0,5.0,2
Case4,Test_182,16.0,-60.0,2
Case4,Test_183,70.0,-63.0,1
Case4,Test_184,58.0,-22.0,2
Case4,Test_185,-4.0,7.0,3
Case4,Test_186,61.0,-55.0,1
Case4,Test_187,51.0,-25.0,2
Case4,Test_188,-30.0,-6.0,3
Case4,Test_189,-82.0,-27.0,2
Case4,Test_190,31.0,-45.0,2
Case4,Test_191,-48.0,-78.0,1
Case4,Test_192,-34.0,65.0,2
Case4,Test_193,41.0,-83.0,1
Case4,Test_194,-29.0,74.0,2
Case4,Test_195,43.0,37.0,1
Case4,Test_196,-73.0,89.0,1
Case4,Test_197,-41.0,12.0,2
Case4,Test_198,-64.0,-44.0,1
Case4,Test_199,-62.0,-53.0,1
Case4,Test_200,35.0,82.0,2
