File = D:\Moldex3D\02. AI\Only CAE Surrogate\Report\XYPlot\G09_P01-10_SPRUE PRESSURE.csv,,,,,,,,,,,,,,,,,,,
,,,,,,,,,,,,,,,,,,,
Title,Packing-Sprue Pressure,,,,,,,,,,,,,,,,,,
,,,,,,,,,,,,,,,,,,,
Time (sec),Run 9 : G09_P01 (MPa),Time (sec),Run 88 : G09_P02 (MPa),Time (sec),Run 89 : G09_P03 (MPa),Time (sec),Run 90 : G09_P04 (MPa),Time (sec),Run 91 : G09_P05 (MPa),Time (sec),Run 92 : G09_P06 (MPa),Time (sec),Run 93 : G09_P07 (MPa),Time (sec),Run 94 : G09_P08 (MPa),Time (sec),Run 95 : G09_P09 (MPa),Time (sec),Run 96 : G09_P10 (MPa)
0.0034071,9.63E-05,0.00168424,1.20E-06,0.000866259,0.000113572,0.0021353,0.000107514,0.00289121,0.000146512,0.00146767,6.94E-05,0.00303053,0.000131227,0.000989025,0.000830954,0.00261947,3.28E-05,0.0018539,0.000188157
0.00773561,3.15E-05,0.00408473,0.00267845,0.00216965,1.06E-06,0.00509778,0.00272763,0.00666926,3.25E-05,0.00359166,0.00300062,0.0069605,2.83E-05,0.00242131,0.000623146,0.0061488,0.00235728,0.00446782,0.00272958
0.0121181,0.00234404,0.00655497,0.00331906,0.00357086,0.00448083,0.00811461,0.00333846,0.0105123,0.00285239,0.00579548,0.00417326,0.0109518,0.0027116,0.00398647,0.00533164,0.00971368,0.00249891,0.00714764,0.00339621
0.0163596,0.000461157,0.00911015,0.00654673,0.00508171,0.00566159,0.0111624,0.00135303,0.0142908,0.00187854,0.00809829,0.00477527,0.0148647,0.00172493,0.00566912,0.00576269,0.0132515,0.00145664,0.00989445,0.010966
0.0207066,0.109186,0.0114054,0.060063,0.00656952,0.0229865,0.0147569,0.0505323,0.0181466,0.021878,0.0102074,0.0678661,0.0188394,0.0808161,0.00735205,0.00119236,0.0168718,0.0298981,0.0131007,0.027014
0.0255027,0.412843,0.0144307,0.306311,0.00849268,0.0385751,0.0184749,0.57014,0.0223776,0.47544,0.0125894,0.393084,0.0232942,0.453352,0.00945476,0.0551861,0.02085,0.361501,0.0162482,0.464499
0.0305595,0.732669,0.0171071,0.591249,0.0102643,0.639088,0.0218927,0.941386,0.026591,0.778015,0.015035,0.759012,0.0275612,0.731779,0.0115656,0.704029,0.0244258,0.643143,0.0196961,0.895857
0.0345258,0.940942,0.0198736,1.2436,0.0122228,1.05679,0.0242875,1.24123,0.0299113,1.06297,0.0177663,1.42955,0.0311042,1.0273,0.013357,1.35076,0.0279163,0.956494,0.0220298,1.29682
0.0376524,0.916156,0.0209072,1.13109,0.0137371,1.70246,0.0259638,1.22834,0.0321634,1.07617,0.0195762,1.47995,0.0335122,1.02788,0.0150032,1.7728,0.0299711,0.914803,0.0234197,1.19524
0.0409328,0.928351,0.0219455,1.08537,0.0145177,1.48847,0.027632,1.22727,0.03441,1.06358,0.0209185,1.46177,0.0359638,1.02099,0.0159072,1.67765,0.0319754,0.907177,0.0248065,1.17817
0.0443774,0.956837,0.0230152,1.11341,0.015277,1.44945,0.0293413,1.26277,0.0367264,1.09484,0.022277,1.47154,0.0385266,1.04886,0.0168282,1.66731,0.0340733,0.933084,0.0262303,1.21582
0.0477365,0.988267,0.0243252,1.14097,0.0160944,1.50231,0.0311603,1.29286,0.0391454,1.11978,0.0236693,1.50792,0.0411037,1.07307,0.0177835,1.7056,0.0362457,0.959029,0.0280064,1.24905
0.0516496,1.02566,0.0256159,1.16974,0.0171116,1.5538,0.0332589,1.32801,0.0419437,1.15477,0.0250711,1.56321,0.0441031,1.11223,0.0187825,1.7291,0.0387698,0.988759,0.0297357,1.28348
0.0556132,1.0699,0.0271315,1.21047,0.0181179,1.62264,0.0356491,1.39367,0.0451476,1.20287,0.0267549,1.62168,0.0476442,1.15779,0.0199028,1.83519,0.0416774,1.03188,0.0317655,1.33993
0.0603102,1.11448,0.0289332,1.26413,0.0192915,1.69961,0.038553,1.4532,0.0489664,1.2592,0.028675,1.69798,0.0517733,1.21008,0.0212375,1.92251,0.0451487,1.0808,0.0341261,1.39833
0.0659273,1.16272,0.0310344,1.31874,0.0206665,1.77992,0.0418804,1.52114,0.0534062,1.31819,0.0309908,1.7782,0.0566011,1.2696,0.0228131,2.00147,0.0491806,1.13112,0.0369345,1.46576
0.0725254,1.20988,0.0335008,1.37754,0.0222382,1.86385,0.0457986,1.5913,0.0586446,1.37888,0.0336997,1.86034,0.0623228,1.33,0.0246167,2.10758,0.0539404,1.18395,0.0402778,1.53022
0.0803666,1.26603,0.0364237,1.44622,0.0240532,1.93271,0.0503886,1.66381,0.0649721,1.44321,0.0368182,1.94582,0.0681715,1.38595,0.0267134,2.2181,0.0595822,1.23865,0.0440819,1.59508
0.089504,1.32684,0.0398706,1.51116,0.0258447,2.04157,0.0550134,1.72665,0.0714173,1.49876,0.0400343,2.02569,0.07521,1.43693,0.0288574,2.28549,0.0652844,1.28667,0.0480221,1.66108
0.0985434,1.37553,0.0432637,1.56762,0.0279783,2.10292,0.0604063,1.79716,0.0788967,1.56183,0.0437992,2.1055,0.0832535,1.49722,0.0312827,2.39614,0.071993,1.34042,0.0526108,1.72304
0.109227,1.43107,0.0472315,1.62596,0.0303518,2.19535,0.0658616,1.8616,0.0864427,1.62104,0.0474773,2.17749,0.0914915,1.56006,0.0338203,2.48767,0.0784753,1.38778,0.0578421,1.79356
0.119953,1.48819,0.0518517,1.69856,0.0327879,2.29986,0.0723868,1.93402,0.0953598,1.68625,0.0518838,2.25573,0.101145,1.62188,0.036772,2.58079,0.0864519,1.44019,0.0633502,1.85714
0.13234,1.54643,0.0565816,1.7554,0.0356351,2.38254,0.0799597,2.01671,0.105613,1.75725,0.057063,2.34984,0.112082,1.688,0.0396491,2.66626,0.0957392,1.49953,0.0697656,1.9305
0.144904,1.60459,0.0620321,1.82022,0.038489,2.46748,0.0875246,2.09424,0.11603,1.82905,0.0621713,2.43429,0.123147,1.75741,0.0430528,2.76815,0.105072,1.55562,0.0760344,1.99939
0.15974,1.66363,0.0676538,1.88809,0.0419041,2.55755,0.0963716,2.18349,0.127867,1.90487,0.0681658,2.53218,0.135728,1.82539,0.0465312,2.85862,0.115933,1.61621,0.0834289,2.07691
0.174517,1.71869,0.0741466,1.96019,0.0453037,2.64014,0.105225,2.26245,0.139503,1.97246,0.0743334,2.62121,0.148612,1.89321,0.0505935,2.95899,0.126807,1.66927,0.0909683,2.14597
0.189533,1.77698,0.0804182,2.02194,0.0487481,2.71642,0.114261,2.34437,0.151746,2.04294,0.0805084,2.7007,0.161444,1.95096,0.0547036,3.05121,0.137891,1.72191,0.0995899,2.21806
0.206498,1.83347,0.0880848,2.09287,0.0528769,2.80365,0.124719,2.42593,0.165497,2.11327,0.0867793,2.78521,0.174792,2.00867,0.0588893,3.13829,0.150662,1.7746,0.108316,2.29104
0.223823,1.89654,0.0956827,2.15571,0.0569974,2.88166,0.135363,2.54248,0.179871,2.22066,0.094024,2.87116,0.190299,2.07842,0.0637115,3.23202,0.163725,1.83188,0.117193,2.35467
0.241268,1.95666,0.103441,2.21893,0.0611418,2.95785,0.145799,2.70419,0.194241,2.3161,0.101298,2.96529,0.205687,2.15306,0.0685886,3.33025,0.17679,1.88094,0.12608,2.41996
0.261835,2.03759,0.112444,2.2853,0.0659499,3.04518,0.157752,2.86919,0.21083,2.41683,0.10976,3.06217,0.221485,2.23864,0.073529,3.41979,0.191849,1.93574,0.136485,2.48985
0.282603,2.1234,0.121634,2.3552,0.0708046,3.12842,0.170339,3.0304,0.227501,2.54662,0.118336,3.16328,0.239943,2.32658,0.0792415,3.52324,0.20705,1.99141,0.146926,2.55947
0.303373,2.19602,0.130858,2.41741,0.07571,3.20183,0.182637,3.17299,0.244363,2.65921,0.127022,3.29834,0.258131,2.41372,0.0850046,3.62056,0.222335,2.04144,0.157578,2.63303
0.324604,2.26797,0.139944,2.47566,0.081323,3.29059,0.195386,3.29633,0.261647,2.7675,0.135626,3.45659,0.276719,2.49634,0.0907587,3.71407,0.237965,2.09438,0.169701,2.70715
0.345327,2.33357,0.150686,2.54881,0.0870302,3.37698,0.208232,3.41043,0.279101,2.87045,0.144395,3.612,0.295133,2.57115,0.0966078,3.81235,0.256093,2.14933,0.182079,2.78885
0.369976,2.40656,0.161237,2.61664,0.0928357,3.45463,0.223032,3.53575,0.299179,2.98832,0.15461,3.76204,0.313988,2.64562,0.103418,3.91485,0.274422,2.20804,0.1943,2.86284
0.392932,2.49442,0.17217,2.6833,0.098685,3.53411,0.237948,3.69057,0.319419,3.12855,0.164858,3.91843,0.335872,2.7324,0.110312,4.02445,0.292401,2.26232,0.206826,2.95508
0.412884,2.64147,0.183233,2.74949,0.104485,3.6128,0.251809,3.853,0.338136,3.27846,0.174689,4.05394,0.356141,2.85833,0.117093,4.12833,0.309147,2.33468,0.218817,3.04311
0.432887,2.75475,0.194239,2.81713,0.109755,3.75781,0.26374,4.0834,0.354237,3.47556,0.183225,4.27418,0.373406,3.0264,0.123341,4.30152,0.323898,2.43855,0.229218,3.20082
0.452982,2.88251,0.205517,2.94605,0.114536,3.88651,0.275845,4.2473,0.370579,3.61853,0.191623,4.43572,0.391101,3.1578,0.128944,4.51439,0.33885,2.51272,0.240921,3.3186
0.472613,3.01122,0.215895,3.06681,0.119404,4.00593,0.288102,4.43394,0.387118,3.77899,0.199966,4.60949,0.408691,3.29572,0.134589,4.67004,0.353886,2.58786,0.252615,3.44123
0.492444,3.13875,0.226076,3.18517,0.124216,4.12137,0.300142,4.61773,0.403317,3.93669,0.208282,4.78851,0.426399,3.44422,0.1402,4.83809,0.368918,2.66879,0.26424,3.5588
0.512397,3.27414,0.236408,3.29874,0.12909,4.23477,0.312228,4.79513,0.419538,4.09031,0.216767,4.9779,0.444097,3.58948,0.145915,5.00802,0.383916,2.74682,0.275788,3.6767
0.531774,3.40492,0.246738,3.41174,0.133963,4.34985,0.324373,4.9825,0.435886,4.25066,0.225156,5.17261,0.46201,3.73912,0.151631,5.17415,0.39884,2.82768,0.28738,3.79543
0.551763,3.53815,0.257063,3.52127,0.138851,4.47075,0.336279,5.15962,0.451895,4.40242,0.233617,5.37141,0.479912,3.88902,0.157333,5.3467,0.413703,2.90259,0.299225,3.93119
0.571262,3.66918,0.267433,3.63329,0.143732,4.57692,0.348368,5.33701,0.46828,4.557,0.241808,5.56902,0.497221,4.03907,0.163076,5.50046,0.428991,2.98417,0.310632,4.07281
0.59082,3.79878,0.277553,3.73993,0.148614,4.70025,0.36025,5.5119,0.484421,4.70832,0.250209,5.76792,0.514561,4.17681,0.16863,5.66842,0.443988,3.07043,0.322319,4.22334
0.610228,3.9278,0.287873,3.84805,0.15348,4.81521,0.372161,5.67947,0.500584,4.85542,0.258415,5.96702,0.532258,4.32782,0.174267,5.83753,0.459152,3.16775,0.333699,4.37786
0.629808,4.05758,0.298253,3.9582,0.158423,4.93083,0.384221,5.85121,0.516847,5.00564,0.266636,6.16214,0.549703,4.47208,0.179965,6.01892,0.473787,3.26649,0.344831,4.53503
0.649214,4.18506,0.308254,4.07009,0.16325,5.0467,0.396112,6.01804,0.533018,5.15237,0.274789,6.35797,0.56716,4.61415,0.185738,6.20676,0.488934,3.37601,0.356191,4.69238
0.668874,4.3165,0.318512,4.19485,0.168178,5.16251,0.408048,6.18776,0.549358,5.30213,0.283097,6.55293,0.584729,4.75797,0.191442,6.39961,0.503708,3.48438,0.367612,4.85593
0.688441,4.44748,0.329047,4.33099,0.173015,5.28062,0.420006,6.35255,0.5655,5.44863,0.291324,6.74583,0.602069,4.90053,0.197186,6.60271,0.518313,3.59439,0.379057,5.01857
0.708252,4.57964,0.339207,4.47433,0.177933,5.39398,0.431981,6.52,0.581731,5.60056,0.299645,6.94052,0.619473,5.04613,0.202854,6.80872,0.533185,3.70892,0.390195,5.18608
0.728101,4.71505,0.349178,4.61805,0.182857,5.51546,0.443923,6.69034,0.598073,5.75135,0.307919,7.1354,0.636992,5.19232,0.208474,7.01368,0.547842,3.82291,0.401574,5.34897
0.747727,4.85236,0.359216,4.76285,0.187697,5.64478,0.456071,6.86089,0.614433,5.90632,0.316121,7.32299,0.654505,5.34008,0.214148,7.21465,0.56261,3.9391,0.413048,5.51542
0.76759,4.98862,0.369362,4.91491,0.192624,5.7693,0.468268,7.03584,0.630766,6.06102,0.324423,7.51648,0.672247,5.49151,0.219912,7.42915,0.577585,4.05704,0.424557,5.6866
0.787588,5.1294,0.379575,5.06864,0.197608,5.89608,0.480322,7.20795,0.647051,6.21622,0.33271,7.71032,0.689887,5.64547,0.225555,7.63852,0.592336,4.17658,0.436012,5.85645
0.807581,5.27247,0.389632,5.22065,0.202505,6.02225,0.492464,7.38125,0.663557,6.37286,0.340894,7.90222,0.70729,5.79844,0.231192,7.84792,0.607328,4.29498,0.447524,6.02594
0.827519,5.41726,0.40002,5.37713,0.207445,6.14619,0.504686,7.5587,0.680145,6.53395,0.349238,8.09704,0.724889,5.95047,0.236737,8.05308,0.622379,4.41768,0.459045,6.19868
0.847693,5.56105,0.410258,5.53677,0.212426,6.27279,0.516715,7.73837,0.696506,6.69587,0.357604,8.29771,0.742669,6.10937,0.242453,8.26727,0.63737,4.54008,0.470601,6.3686
0.867965,5.71057,0.420388,5.69525,0.217367,6.39869,0.528962,7.91298,0.713042,6.85393,0.365878,8.49868,0.760547,6.27101,0.248131,8.47511,0.652337,4.66206,0.482132,6.54424
0.888064,5.86114,0.430518,5.85348,0.222256,6.52327,0.5414,8.09836,0.729907,7.02107,0.374295,8.69784,0.778083,6.43213,0.253963,8.69621,0.667476,4.78778,0.493664,6.72066
0.908042,6.01077,0.440543,6.00835,0.227231,6.65124,0.553735,8.28634,0.746702,7.19058,0.382751,8.89547,0.795762,6.59105,0.259535,8.90824,0.682436,4.91503,0.50522,6.89991
0.928033,6.16203,0.450952,6.17069,0.232222,6.77888,0.565894,8.47054,0.763261,7.35826,0.391222,9.10966,0.813621,6.75391,0.265333,9.11817,0.697209,5.04125,0.516705,7.0805
0.948183,6.31282,0.46123,6.33702,0.237157,6.90743,0.578101,8.654,0.779764,7.52517,0.399565,9.3154,0.831595,6.92049,0.271173,9.33821,0.712166,5.16828,0.528209,7.2625
0.968387,6.46625,0.471566,6.50098,0.242119,7.03494,0.590594,8.84183,0.796524,7.69203,0.408005,9.52098,0.849534,7.08782,0.276972,9.57108,0.727354,5.29984,0.539745,7.44667
0.988504,6.62092,0.481831,6.66775,0.247037,7.17048,0.603127,9.03419,0.813459,7.86505,0.416492,9.73114,0.867401,7.25583,0.282575,9.78624,0.742505,5.43374,0.551263,7.6311
1.00871,6.77665,0.492078,6.83309,0.252007,7.32144,0.615611,9.22898,0.830412,8.04158,0.424935,9.94306,0.88532,7.42403,0.288332,10.0121,0.757544,5.56819,0.562711,7.8175
1.02874,6.93473,0.502348,7.00078,0.256985,7.48109,0.628002,9.42199,0.847206,8.21632,0.433411,10.152,0.903198,7.59389,0.294049,10.2637,0.772474,5.7034,0.574262,8.00401
1.04897,7.09101,0.512545,7.17127,0.261867,7.63871,0.640371,9.61581,0.863851,8.39204,0.441731,10.388,0.921089,7.76206,0.299551,10.4519,0.787558,5.83889,0.585791,8.19598
1.06885,7.25178,0.522693,7.34084,0.266843,7.81539,0.652612,9.80915,0.880454,8.56547,0.449922,10.5689,0.938982,7.93319,0.305313,10.6717,0.8029,5.97849,0.597289,8.38938
1.08863,7.41031,0.532861,7.51442,0.271519,7.98653,0.664842,9.99995,0.896964,8.73927,0.45836,10.7751,0.95656,8.10571,0.311099,10.9021,0.818104,6.12129,0.608722,8.58175
1.10854,7.56835,0.542977,7.68915,0.27615,8.12689,0.677021,10.1963,0.91345,8.91711,0.466756,10.9911,0.97431,8.27858,0.316875,11.1376,0.833107,6.26503,0.619737,8.76852
1.12817,7.73132,0.55312,7.8634,0.281054,8.3126,0.689275,10.3932,0.930015,9.09446,0.475024,11.2069,0.991946,8.45335,0.322693,11.3815,0.847934,6.40596,0.629532,9.02954
1.14535,7.92732,0.56299,8.04139,0.285782,8.47144,0.701374,10.5915,0.946309,9.27344,0.483315,11.4165,1.00874,8.62865,0.328377,11.6083,0.862851,6.54751,0.637706,9.24228
1.16163,8.1154,0.571539,8.27429,0.290683,8.63795,0.713062,10.789,0.962075,9.4517,0.491537,11.6224,1.02333,8.84852,0.334107,11.8422,0.876727,6.70397,0.645689,9.43232
1.17566,8.2845,0.579475,8.4787,0.295377,8.828,0.723177,11.0442,0.975762,9.67786,0.498999,11.9143,1.03751,9.04487,0.339196,12.1719,0.889284,6.88842,0.652721,9.62338
1.18837,8.44585,0.586569,8.66431,0.299379,9.10064,0.732982,11.2706,0.989045,9.88194,0.505852,12.1756,1.05,9.23062,0.34387,12.4727,0.901295,7.05751,0.659664,9.79669
1.20005,8.58896,0.59292,8.84449,0.303223,9.31846,0.741467,11.4799,1.00063,10.0704,0.511735,12.4144,1.06203,9.40544,0.347887,12.7347,0.912054,7.21792,0.666771,9.9851
1.21172,8.73144,0.599014,8.99528,0.307072,9.54635,0.74997,11.6789,1.01208,10.2512,0.517546,12.6456,1.07412,9.58485,0.351799,12.973,0.921121,7.35727,0.673931,10.1856
1.22352,8.87465,0.605177,9.16449,0.310411,9.74896,0.758473,11.8993,1.0235,10.436,0.523274,12.862,1.08619,9.7796,0.355752,13.2289,0.930121,7.49707,0.680904,10.3823
1.23551,9.02528,0.611374,9.33415,0.313758,9.94306,0.766776,12.1151,1.03508,10.6308,0.52839,13.0682,1.09655,9.94124,0.359141,13.4567,0.938841,7.6305,0.687723,10.5734
1.24745,9.18258,0.617549,9.50849,0.317149,10.1576,0.775271,12.3258,1.04686,10.8419,0.533412,13.2732,1.10762,10.1028,0.362554,13.6663,0.948035,7.75787,0.694515,10.7574
1.25927,9.33142,0.623834,9.69784,0.320593,10.3662,0.782743,12.5257,1.05684,11.0175,0.538483,13.479,1.11835,10.2809,0.366077,13.8939,0.957553,7.91339,0.701508,10.9418
1.27129,9.4847,0.629969,9.86936,0.32363,10.5576,0.790169,12.7115,1.06683,11.1844,0.543531,13.6823,1.12898,10.4442,0.369529,14.1355,0.96656,8.06207,0.708638,11.1455
1.28292,9.63252,0.636255,10.0424,0.326609,10.7436,0.797459,12.8952,1.07664,11.3533,0.548629,13.8842,1.13976,10.6102,0.372995,14.362,0.975705,8.20479,0.715735,11.3355
1.2954,9.79767,0.642485,10.2281,0.329585,10.9302,0.804855,13.0903,1.08678,11.5287,0.553814,14.1142,1.15085,10.7792,0.376456,14.5999,0.984654,8.3412,0.722808,11.519
1.30761,9.95902,0.648863,10.4066,0.332613,11.1268,0.812253,13.2775,1.09676,11.6938,0.558808,14.326,1.16204,10.9634,0.379879,14.8455,0.993899,8.4864,0.730308,11.7031
1.31981,10.1081,0.655471,10.597,0.335535,11.3064,0.819628,13.4702,1.10718,11.8739,0.563951,14.5323,1.17281,11.133,0.383337,15.0622,1.00316,8.63412,0.737768,11.894
1.33265,10.2635,0.661765,10.7657,0.338533,11.4947,0.827292,13.6641,1.11779,12.0576,0.56905,14.7399,1.184,11.2923,0.386879,15.2868,1.01273,8.77954,0.745642,12.0915
1.34559,10.4212,0.668595,10.9425,0.341667,11.6801,0.834952,13.8554,1.12796,12.2345,0.574223,14.9346,1.19573,11.474,0.390451,15.5193,1.02231,8.92727,0.753372,12.2786
1.35859,10.5773,0.675492,11.1183,0.344748,11.8599,0.842597,14.041,1.13845,12.4066,0.579625,15.137,1.2072,11.6341,0.394159,15.747,1.03194,9.07156,0.761109,12.454
1.3721,10.7425,0.682433,11.2976,0.34784,12.0357,0.850392,14.2271,1.14924,12.5805,0.585063,15.3383,1.21923,11.8043,0.397866,15.9635,1.04186,9.22096,0.769109,12.6337
1.38566,10.903,0.689342,11.4663,0.351005,12.2117,0.85826,14.4124,1.15992,12.7546,0.59055,15.5383,1.23135,11.9777,0.401598,16.1815,1.05165,9.36615,0.777331,12.8149
1.39952,11.0556,0.696331,11.6228,0.354219,12.388,0.866418,14.5945,1.17075,12.9252,0.596165,15.7376,1.24361,12.1483,0.405403,16.3936,1.06155,9.50265,0.785555,12.9899
1.41368,11.2192,0.703607,11.7898,0.357532,12.553,0.874705,14.7851,1.18192,13.0983,0.601941,15.9323,1.25593,12.3172,0.409255,16.6073,1.07178,9.6394,0.793852,13.1623
1.42797,11.3828,0.711061,11.956,0.360883,12.7265,0.883062,14.9761,1.19352,13.2783,0.607865,16.1331,1.26824,12.4867,0.413219,16.8126,1.08221,9.77991,0.802419,13.3227
1.44249,11.5475,0.7185,12.1289,0.36428,12.8936,0.891453,15.1656,1.20509,13.4662,0.61384,16.331,1.28097,12.6518,0.417302,17.0219,1.09264,9.91891,0.811418,13.5048
1.45691,11.711,0.726122,12.2887,0.36769,13.0614,0.900248,15.3554,1.21686,13.6524,0.619799,16.5233,1.29406,12.8294,0.421387,17.2287,1.10325,10.0534,0.820307,13.6813
1.47196,11.8787,0.733916,12.4529,0.371304,13.2233,0.909191,15.5564,1.22895,13.8391,0.625997,16.7092,1.30699,13.01,0.425554,17.4287,1.11421,10.1893,0.829174,13.8493
1.48703,12.054,0.741785,12.6135,0.374938,13.3849,0.918134,15.7616,1.24128,14.0371,0.632323,16.9402,1.32038,13.1879,0.4298,17.6252,1.12536,10.3268,0.838288,14.018
1.50228,12.2294,0.749688,12.7702,0.37853,13.5458,0.927325,15.9639,1.25353,14.2336,0.638297,17.1096,1.33402,13.3757,0.434119,17.838,1.13652,10.4541,0.847369,14.1906
1.51765,12.4075,0.75776,12.9276,0.382248,13.7013,0.936547,16.1785,1.2662,14.4345,0.644563,17.2893,1.34768,13.5647,0.438361,18.0355,1.14826,10.5949,0.856592,14.3614
1.5334,12.5905,0.765818,13.084,0.38648,13.8764,0.945884,16.3878,1.28052,14.649,0.650939,17.4702,1.36138,13.756,0.442714,18.2137,1.1613,10.7401,0.866849,14.5452
1.55125,12.7834,0.773972,13.2391,0.390785,14.0572,0.956692,16.6161,1.29515,14.8917,0.658492,17.6826,1.37738,13.9567,0.44774,18.4181,1.17454,10.8958,0.876927,14.7522
1.56914,13.003,0.783102,13.4025,0.395163,14.2359,0.967541,16.8769,1.30984,15.1309,0.666006,17.9259,1.39344,14.1921,0.452913,18.6552,1.18793,11.0485,0.886896,14.9669
1.58696,13.2142,0.792113,13.5843,0.399523,14.4123,0.9786,17.1287,1.32449,15.3649,0.673416,18.1536,1.40914,14.4151,0.457963,18.8743,1.20119,11.2002,0.896772,15.1937
1.604,13.4184,0.800763,13.7636,0.403932,14.5928,0.989358,17.3829,1.33929,15.5965,0.680922,18.3833,1.42452,14.638,0.462992,19.0824,1.21457,11.3515,0.906623,15.4153
1.62114,13.6242,0.809514,13.9417,0.408839,14.7786,1.00008,17.6283,1.35554,15.8385,0.688193,18.615,1.43916,14.8489,0.467942,19.2802,1.22924,11.5103,0.91631,15.6428
1.63804,13.8444,0.818337,14.133,0.413495,14.98,1.01164,17.8904,1.3712,16.0994,0.695372,18.857,1.45448,15.0745,0.473474,19.5251,1.24382,11.7012,0.926056,15.8585
1.65485,14.0524,0.82714,14.3242,0.418137,15.1841,1.02322,18.1768,1.38723,16.3632,0.703187,19.1177,1.4692,15.2975,0.479044,19.7916,1.25838,11.8966,0.935867,16.1005
1.67156,14.2557,0.836033,14.5217,0.422775,15.3929,1.03482,18.4556,1.40266,16.6183,0.711029,19.4106,1.48418,15.512,0.484522,20.0596,1.27234,12.0906,0.945688,16.3397
1.6882,14.4533,0.844814,14.7288,0.427437,15.5994,1.04621,18.7261,1.41842,16.8572,0.718973,19.7022,1.49913,15.7264,0.489949,20.3233,1.28653,12.2779,0.955385,16.572
1.7049,14.6521,0.853457,14.9336,0.43211,15.8096,1.05784,18.9902,1.43381,17.1031,0.726915,19.9926,1.51404,15.9364,0.495469,20.5936,1.30047,12.4771,0.96519,16.8049
1.7215,14.8454,0.861965,15.1357,0.436722,16.0193,1.06924,19.2544,1.44933,17.3386,0.73486,20.2786,1.52893,16.1434,0.500892,20.868,1.31456,12.6742,0.974782,17.0392
1.73825,15.0357,0.870751,15.3391,0.441409,16.2342,1.08074,19.5054,1.46473,17.5673,0.742629,20.5694,1.54377,16.3481,0.506376,21.1433,1.3285,12.8739,0.984823,17.2748
1.75499,15.2245,0.879285,15.5538,0.44607,16.4429,1.09221,19.7579,1.48028,17.7942,0.750648,20.8512,1.55894,16.551,0.511863,21.4284,1.34261,13.0763,0.994508,17.513
1.77151,15.4093,0.887936,15.7643,0.450778,16.6563,1.10369,20.0026,1.49576,18.0222,0.758483,21.135,1.57377,16.752,0.517308,21.7264,1.35688,13.2806,1.0043,17.7392
1.78838,15.5922,0.896494,15.9785,0.45548,16.8711,1.11512,20.2437,1.51141,18.2424,0.76643,21.4111,1.58857,16.9456,0.522676,22.0164,1.37096,13.4843,1.01389,17.9691
1.80497,15.7748,0.905171,16.195,0.460169,17.0813,1.12657,20.4798,1.5269,18.465,0.774357,21.6928,1.60364,17.1396,0.528012,22.3478,1.38514,13.6878,1.02376,18.1903
1.82181,15.9541,0.913832,16.4102,0.464857,17.2948,1.13822,20.72,1.54244,18.6817,0.782274,21.9607,1.61846,17.3302,0.533227,22.5835,1.39917,13.8885,1.03366,18.4474
1.8385,16.1338,0.922582,16.6303,0.469457,17.5046,1.14968,20.9537,1.55833,18.9062,0.790212,22.2308,1.63356,17.522,0.538678,22.8853,1.4134,14.09,1.04322,18.6375
1.85519,16.3093,0.93125,16.8754,0.474131,17.7166,1.16129,21.1843,1.57389,19.1289,0.798098,22.5271,1.64859,17.7118,0.54402,23.2239,1.42757,14.2925,1.05323,18.8542
1.87218,16.4861,0.939801,17.066,0.478708,17.932,1.17268,21.4178,1.58974,19.3556,0.805814,22.7546,1.66379,17.9022,0.54926,23.4794,1.44191,14.4938,1.06308,19.0791
1.88883,16.6604,0.948479,17.2722,0.483367,18.1429,1.18429,21.6455,1.60543,19.5814,0.813618,23.0022,1.67901,18.0927,0.554515,23.746,1.45626,14.693,1.07323,19.2915
1.90609,16.839,0.957433,17.4909,0.488102,18.3609,1.19584,21.8824,1.62124,19.8044,0.821695,23.2568,1.69439,18.2859,0.560048,24.0507,1.47044,14.8863,1.08362,19.5187
1.92322,17.0179,0.966187,17.7089,0.492738,18.5781,1.20737,22.1098,1.63717,20.0345,0.829708,23.5169,1.70974,18.4789,0.565415,24.3588,1.48489,15.0793,1.09369,19.7414
1.94068,17.2015,0.975105,17.92,0.497453,18.7956,1.21921,22.3494,1.65263,20.2637,0.837647,23.7611,1.72451,18.6765,0.570726,24.6788,1.49922,15.2761,1.10313,19.9551
1.95672,17.3867,0.983768,18.1369,0.502131,19.0211,1.23091,22.5908,1.66863,20.4811,0.845694,24.0104,1.73937,18.8501,0.576015,24.9654,1.51345,15.4652,1.11287,20.147
1.97372,17.5481,0.992207,18.3346,0.506766,19.2769,1.2423,22.8257,1.68492,20.7233,0.853757,24.2597,1.75493,19.0459,0.581294,25.2443,1.52819,15.653,1.12299,20.358
1.99124,17.7346,1.00106,18.5332,0.511266,19.4621,1.25406,23.0555,1.70126,20.9664,0.861582,24.5065,1.76996,19.2454,0.586435,25.4828,1.54307,15.8511,1.13302,20.5767
2.00803,17.9211,1.0102,18.7428,0.516009,19.6794,1.26612,23.3068,1.71746,21.2118,0.869724,24.7387,1.78467,19.4307,0.591953,25.7481,1.55786,16.0455,1.14277,20.7859
2.02481,18.0956,1.0186,18.9556,0.520651,19.9115,1.27817,23.5637,1.73358,21.4578,0.877998,24.9976,1.80007,19.6204,0.597612,26.0413,1.57255,16.2373,1.15248,20.9867
2.04212,18.2784,1.02724,19.1377,0.525446,20.146,1.29028,23.8203,1.74968,21.7052,0.886343,25.2506,1.81547,19.822,0.60322,26.3315,1.587,16.4273,1.16231,21.1941
2.05907,18.4652,1.03615,19.3373,0.53023,20.3928,1.30203,24.0812,1.76569,21.9558,0.894505,25.5058,1.83027,20.016,0.608664,26.6123,1.6012,16.6118,1.1722,21.4008
2.07603,18.6439,1.04482,19.5409,0.534973,20.6341,1.31366,24.3308,1.78127,22.209,0.902572,25.7519,1.84563,20.2081,0.613937,26.8679,1.61542,16.7944,1.18184,21.612
2.09326,18.8303,1.05333,19.7264,0.539481,20.862,1.32505,24.588,1.797,22.4577,0.910466,25.9988,1.861,20.4094,0.619449,27.1248,1.62993,16.9798,1.1916,21.81
2.11002,19.017,1.06235,19.9223,0.544108,21.0903,1.33666,24.8482,1.81289,22.72,0.918456,26.238,1.87582,20.6075,0.625032,27.418,1.6443,17.1707,1.20153,22.0187
2.12702,19.1991,1.07117,20.1263,0.548829,21.3354,1.34832,25.1191,1.82853,22.9903,0.926542,26.4799,1.89093,20.8072,0.63044,27.6969,1.65856,17.3549,1.2112,22.2321
2.14413,19.386,1.07968,20.3206,0.553582,21.5877,1.35986,25.3988,1.84394,23.2608,0.934489,26.7293,1.90605,21.0097,0.635784,27.9577,1.67268,17.5413,1.22096,22.4292
2.16095,19.5736,1.08834,20.5047,0.558225,21.8458,1.37137,25.6793,1.8594,23.5342,0.94247,26.9718,1.92134,21.2119,0.640998,28.2226,1.68671,17.7221,1.23087,22.6402
2.17805,19.7604,1.09711,20.7012,0.562823,22.1093,1.38291,25.9616,1.8751,23.8188,0.950342,27.2145,1.93685,21.4188,0.646318,28.4626,1.70091,17.9077,1.24054,22.8518
2.19508,19.9511,1.10572,20.8947,0.567407,22.3441,1.39429,26.2544,1.89071,24.1098,0.958185,27.4511,1.95206,21.6266,0.651847,28.7392,1.71487,18.0938,1.25033,23.0539
2.21232,20.1414,1.11443,21.0848,0.572084,22.5962,1.40565,26.5431,1.90631,24.4011,0.966005,27.6919,1.96739,21.8355,0.657172,28.9968,1.72886,18.2755,1.26024,23.2656
2.2296,20.3359,1.12323,21.2823,0.576689,22.8523,1.41718,26.84,1.92209,24.7054,0.973685,27.9341,1.98254,22.0432,0.662503,29.2519,1.74312,18.4628,1.27,23.4762
2.24668,20.5289,1.13189,21.4759,0.581327,23.0979,1.42859,27.1455,1.93751,25.0177,0.981549,28.1673,1.99773,22.2464,0.667945,29.5091,1.75714,18.6515,1.2798,23.6839
2.26403,20.7255,1.14068,21.6702,0.586007,23.3505,1.43981,27.449,1.95302,25.3188,0.989502,28.4121,2.01264,22.4568,0.67343,29.8224,1.77104,18.8367,1.28966,23.8955
2.28102,20.9177,1.14936,21.8682,0.590647,23.6031,1.45126,27.754,1.96863,25.6345,0.997226,28.6563,2.02779,22.6583,0.678534,30.0889,1.78517,19.0211,1.29949,24.1072
2.29823,21.1119,1.15823,22.0639,0.595243,23.8921,1.46263,28.0729,1.98392,25.9532,1.00499,28.8944,2.0429,22.8688,0.683722,30.2846,1.7992,19.2112,1.30926,24.3185
2.31522,21.3097,1.16708,22.2643,0.599617,24.094,1.47401,28.3925,1.99932,26.2692,1.01286,29.1372,2.05811,23.0768,0.689223,30.552,1.813,19.3948,1.31894,24.5299
2.3323,21.5063,1.17588,22.4616,0.604224,24.3209,1.48553,28.714,2.01482,26.5917,1.02057,29.3817,2.07332,23.291,0.694602,30.8081,1.82689,19.5794,1.32667,24.7289
2.34943,21.7041,1.18458,22.6593,0.608848,24.5654,1.49689,29.0527,2.03025,26.9186,1.02831,29.6161,2.08867,23.4994,0.700158,31.0643,1.84074,19.7682,1.33678,29.7289
2.36642,21.9071,1.19331,22.8544,0.613485,24.808,1.50825,29.3854,2.04568,27.2457,1.03604,29.8573,2.1041,23.7149,0.705723,31.3344,1.85465,19.9535,1.34802,34.7289
2.38344,22.1092,1.20201,23.0515,0.618094,25.0501,1.51968,29.7263,2.06104,27.5766,1.04375,30.089,2.11942,23.9315,0.711182,31.6091,1.86843,20.1432,1.34802,34.7289
2.40063,22.3137,1.20616,23.2142,0.6227,25.3005,1.52654,30.0351,2.06344,27.8431,1.05118,30.325,2.13469,24.1485,0.712375,31.8874,1.87043,20.3299,1.35787,38.616
2.41772,22.5216,1.21636,25.6386,0.625177,25.4737,1.53926,33.8329,2.07357,32.8421,1.05235,30.5689,2.14979,24.3646,0.718555,35.0154,1.88191,25.3299,1.36802,42.2255
2.42986,22.7106,1.22724,27.9625,0.630359,26.8534,1.55375,37.6091,2.08484,37.8421,1.06102,31.517,2.16239,24.5705,0.725091,38.1192,1.89487,30.3299,1.37846,45.5661
2.44066,27.71,1.22724,27.9625,0.636233,28.3363,1.55375,37.6091,2.09566,42.0992,1.07046,32.4594,2.17031,29.5691,0.725091,38.1192,1.89487,30.3299,1.38923,48.6474
2.45277,32.71,1.23754,29.9233,0.636233,28.3363,1.56405,39.9051,2.09566,42.0992,1.07046,32.4594,2.17891,34.5691,0.731931,41.1549,1.90423,33.4724,1.40031,51.4797
2.46487,37.1016,1.24814,31.735,0.642152,29.7428,1.57466,42.0263,2.10596,45.7145,1.0796,33.2853,2.18832,39.5691,0.738977,44.0678,1.91388,36.4061,1.41173,54.0736
2.46487,37.1016,1.25907,33.403,0.648426,31.1455,1.58558,43.9794,2.11657,49.0548,1.08901,34.0583,2.19545,43.0028,0.746233,46.8567,1.92381,39.1365,1.42349,56.4402
2.47452,40.1795,1.27033,34.9334,0.654888,32.4997,1.59684,45.7713,2.12749,52.1303,1.0987,34.7795,2.19545,43.0028,0.753708,49.5208,1.93404,41.6695,1.4356,58.5913
2.48446,43.0439,1.28192,36.3322,0.661544,33.8043,1.60843,47.4092,2.13875,54.952,1.10868,35.4504,2.20307,46.4063,0.761406,52.0597,1.94457,44.0116,1.44807,60.5385
2.4947,45.7009,1.29386,37.606,0.6684,35.0586,1.62037,48.9007,2.15034,57.5311,1.11896,36.0724,2.21091,49.645,0.769336,54.4735,1.95542,46.1699,1.46092,62.2939
2.50524,48.1576,1.30616,38.7614,0.675461,36.262,1.63267,50.2535,2.16228,59.8797,1.12955,36.6472,2.21899,52.7192,0.777503,56.7626,1.9666,48.1516,1.47416,63.8697
2.5161,50.4211,1.31883,39.805,0.682735,37.414,1.64534,51.4755,2.17458,62.0099,1.14046,37.1766,2.22731,55.6299,0.785916,58.9277,1.97811,49.9647,1.48779,65.2779
2.52729,52.4993,1.33187,40.7438,0.690226,38.5142,1.65839,52.5747,2.18725,63.9341,1.1517,37.6623,2.23588,58.3784,0.794581,60.9702,1.98997,51.6171,1.50183,66.5306
2.53881,54.4005,1.34531,41.5846,0.697943,39.5625,1.67183,53.5591,2.2003,65.665,1.16327,38.1064,2.24471,60.9668,0.803505,62.8917,2.00219,53.1173,1.51629,67.6398
2.55068,56.133,1.35916,42.3342,0.705891,40.559,1.68567,54.4369,2.21374,67.2152,1.17519,38.5109,2.2538,63.3974,0.812698,64.6942,2.01477,54.4738,1.53119,68.617
2.5629,57.7058,1.37341,42.9994,0.714077,41.5038,1.69992,55.2158,2.22758,68.5973,1.18747,38.8779,2.26316,65.6734,0.822166,66.3801,2.02772,55.6952,1.54653,69.4736
2.57549,59.1277,1.3881,43.5869,0.722509,42.3972,1.71461,55.9037,2.24184,69.8239,1.20011,39.2095,2.27281,67.7981,0.833055,68.1354,2.04107,56.7902,1.56233,70.2205
2.58846,60.4079,1.40322,44.1032,0.731193,43.2399,1.72974,56.5081,2.25652,70.9071,1.21314,39.5078,2.28274,69.7754,0.845577,69.9341,2.05482,57.7676,1.57861,70.8683
2.60182,61.5556,1.41881,44.5545,0.740139,44.0324,1.74713,57.0981,2.27165,71.8589,1.22655,39.7751,2.29298,71.6097,0.859977,71.7436,2.06897,58.6359,1.59538,71.4269
2.61557,62.5797,1.43485,44.9469,0.749353,44.7758,1.76714,57.6586,2.28723,72.6911,1.24037,40.0134,2.30352,73.3057,0.876537,73.5249,2.08356,59.4036,1.61264,71.9057
2.62974,63.4895,1.45138,45.2863,0.758843,45.4708,1.79014,58.1742,2.30327,73.4146,1.2546,40.225,2.31438,74.8684,0.895581,75.2341,2.09858,60.079,1.6325,72.3613
2.64434,64.2937,1.46841,45.578,0.768618,46.1188,1.81659,58.6308,2.3198,74.0403,1.26926,40.4119,2.32556,76.3033,0.917482,76.8254,2.11405,60.6702,1.65534,72.7813
2.65937,65.0012,1.48594,45.8274,0.778686,46.721,1.84702,59.0169,2.33683,74.5782,1.28436,40.5762,2.33708,77.616,0.942668,78.2546,2.12999,61.1849,1.6816,73.1539
2.67486,65.6204,1.504,46.0392,0.789056,47.2788,1.882,59.3259,2.35436,75.0379,1.29992,40.7199,2.34894,78.8123,0.971632,79.4842,2.1464,61.6306,1.71181,73.4698
2.6908,66.1594,1.5226,46.2179,0.799737,47.7938,1.92224,59.5569,2.37242,75.4284,1.31594,40.8449,2.36116,79.8983,1.00494,80.4887,2.16331,62.0143,1.74654,73.7234
2.70723,66.626,1.54176,46.3678,0.810738,48.2675,1.96851,59.7156,2.39103,75.758,1.33243,40.953,2.37374,80.8802,1.04324,81.2591,2.18072,62.3426,1.78648,73.9138
2.72415,67.0277,1.5615,46.4925,0.82207,48.7018,2.02172,59.8137,2.41019,76.0343,1.34943,41.0459,2.38671,81.7643,1.0873,81.8057,2.19866,62.622,1.83242,74.0453
2.74158,67.3714,1.58183,46.5957,0.833742,49.0984,2.08025,59.8642,2.43222,76.2912,1.36693,41.1254,2.40006,82.5568,1.13795,82.1574,2.21713,62.8581,1.88524,74.127
2.75953,67.6638,1.60277,46.6803,0.845764,49.4593,2.14464,59.8873,2.45756,76.5215,1.38496,41.1929,2.41381,83.2642,1.19368,82.3483,2.23616,63.0563,1.94335,74.1694
2.77802,67.9108,1.62433,46.7493,0.858146,49.7863,2.21546,59.8963,2.4867,76.7192,1.40353,41.25,2.42798,83.8925,1.25497,82.4413,2.25576,63.2217,2.00727,74.189
2.79706,68.1182,1.64655,46.805,0.8709,50.0814,2.29337,59.8992,2.52022,76.8803,1.42266,41.2978,2.44257,84.4481,1.3224,82.4809,2.27595,63.3586,2.07758,74.1967
2.81668,68.2912,1.66943,46.8496,0.884036,50.3465,2.37907,59.8999,2.55875,77.0035,1.44236,41.3376,2.4576,84.9368,1.39657,82.4951,2.29674,63.4712,2.15492,74.1993
2.83688,68.4344,1.69299,46.885,0.897567,50.5838,2.47333,59.9,2.60308,77.0906,1.46265,41.3706,2.47308,85.3645,1.47815,82.4991,2.31816,63.563,2.23999,74.1999
2.85769,68.5521,1.71726,46.9129,0.911504,50.7951,2.57703,59.9,2.65405,77.1464,1.48356,41.3976,2.48902,85.7368,1.5679,82.4999,2.34022,63.6374,2.33358,74.2
2.87912,68.6481,1.74226,46.9347,0.925858,50.9824,2.69109,59.9,2.71011,77.1764,1.50508,41.4197,2.50544,86.0592,1.66661,82.5,2.36294,63.697,2.43652,74.2
2.9012,68.7258,1.76802,46.9515,0.940643,51.1477,2.81656,59.9,2.77178,77.191,1.52984,41.4396,2.52236,86.3368,1.77038,82.5,2.38634,63.7445,2.54975,74.2
2.92394,68.7881,1.79454,46.9644,0.955872,51.2927,2.95457,59.9,2.83962,77.1971,1.55831,41.4568,2.53978,86.5743,1.78421,72.5,2.41045,63.782,2.67431,74.2
2.95009,68.8435,1.82186,46.9741,0.971558,51.4193,3.10639,59.9,2.91424,77.1993,1.59105,41.4709,2.55772,86.7763,1.798,62.5,2.43528,63.8113,2.81133,74.2
2.98016,68.8906,1.85,46.9814,0.987714,51.5293,3.27339,59.9,2.99633,77.1999,1.62871,41.4819,2.5762,86.947,1.81386,52.5862,2.46085,63.834,2.96204,74.2
3.01474,68.9284,1.87898,46.9868,1.00435,51.6243,3.45709,59.9,3.08663,77.2,1.67201,41.4897,2.59524,87.0903,1.83211,42.9938,2.48719,63.8514,3.12783,74.2
3.05451,68.9569,1.91231,46.9912,1.02149,51.7058,3.47854,59.9,3.18595,77.2,1.7218,41.4948,2.61485,87.2099,1.85308,33.9747,2.51432,63.8646,3.31019,74.2
3.10025,68.9766,1.95064,46.9946,1.03915,51.7754,3.49524,49.9,3.29521,77.2,1.77907,41.4978,2.63505,87.3089,1.87721,25.7786,2.54552,63.8756,3.5108,74.2
3.15284,68.9889,1.99472,46.997,1.05733,51.8344,3.51444,40.3199,3.41539,77.2,1.84206,41.4992,2.65585,87.3902,1.90495,18.6269,2.5814,63.8844,3.7134,74.2
3.2107,68.9953,2.04541,46.9985,1.07606,51.8842,3.53651,31.4179,3.54759,77.2,1.91135,41.4997,2.67728,87.4566,1.93685,12.6841,2.62266,63.8908,3.91804,74.2
3.27434,68.9983,2.10117,46.9993,1.09536,51.9258,3.56191,23.4408,3.69301,77.2,1.98757,41.4999,2.69935,87.5103,1.97354,8.03031,2.67011,63.8952,4.04167,74.2
3.34435,68.9995,2.1625,46.9997,1.11522,51.9604,3.5911,16.5964,3.85297,77.2,2.07142,41.5,2.72208,87.5534,2.01574,4.64205,2.72468,63.8978,4.06,64.2
3.42136,68.9999,2.22997,46.9999,1.13569,51.989,3.62468,11.0235,4.02892,77.2,2.16364,41.5,2.74549,87.5878,2.06426,2.38961,2.7847,63.8991,4.07558,54.2
3.50606,69,2.30419,47,1.15677,52.0124,3.6633,6.76676,4.22248,77.2,2.26509,41.5,2.7696,87.6148,2.12006,1.05619,2.85073,63.8997,4.09349,44.4913
3.59924,69,2.38583,47,1.17848,52.0314,3.70771,3.7618,4.43539,77.2,2.37669,41.5,2.79445,87.636,2.18144,0.407891,2.92336,63.8999,4.11409,35.3262
3.70174,69,2.47563,47,1.20345,52.0485,3.75877,1.84069,4.65043,77.2,2.49944,41.5,2.82003,87.6524,2.24896,0.132487,3.00326,63.9,4.13778,26.9576
3.81448,69,2.57441,47,1.23217,52.0633,3.81495,0.80667,4.86762,77.2,2.63447,41.5,2.84638,87.6649,2.32323,0.0340878,3.09114,63.9,4.16503,19.6135
3.9385,69,2.68308,47,1.26519,52.0754,3.87674,0.308202,5.08698,77.2,2.783,41.5,2.87352,87.6744,2.40493,0.00623878,3.18781,63.9,4.19635,13.4687
4.07492,69,2.8026,47,1.30317,52.0848,3.94472,0.0987091,5.30853,77.2,2.94639,41.5,2.90148,87.6816,2.4948,0.000632129,3.29415,63.9,4.23238,8.61605
4.22498,69,2.93408,47,1.34684,52.0914,4.01949,0.0249044,5.46644,77.2,3.12611,41.5,2.93028,87.6869,2.59365,7.24E-06,3.41112,63.9,4.27382,5.04613
4.39005,69,3.07871,47,1.39706,52.0957,4.10173,0.00442132,5.48894,67.2,3.32381,41.5,2.96339,87.6912,2.70239,1.00E-06,3.53979,63.9,4.32147,2.64173
4.57163,69,3.2378,47,1.45231,52.0981,4.3038,1.00E-06,5.50382,57.2,3.54127,41.5,3.00147,87.6946,2.82201,1.00E-06,3.68133,63.9,4.37626,1.19418
4.77137,69,3.4128,47,1.51308,52.0992,4.50789,1.00E-06,5.52094,47.4113,3.76091,41.5,3.04527,87.6969,2.95358,1.00E-06,3.83702,63.9,4.43654,0.474386
4.99107,69,3.6053,47,1.57992,52.0998,4.71402,1.00E-06,5.54062,38.0807,3.98275,41.5,3.09563,87.6985,3.09832,1.00E-06,4.00828,63.9,4.50284,0.159856
5.21298,69,3.81705,47,1.65345,52.0999,4.92221,1.00E-06,5.56325,29.4623,4.2068,41.5,3.15103,87.6993,3.25752,1.00E-06,4.19667,63.9,4.57577,0.0432683
5.4371,69,4.03091,47,1.73434,52.1,5.13249,1.00E-06,5.58927,21.7942,4.4331,41.5,3.21197,87.6997,3.43265,1.00E-06,4.40389,63.9,4.656,0.00855578
5.66347,69,4.24692,47,1.82331,52.1,5.34486,1.00E-06,5.6192,15.271,4.66166,41.5,3.279,87.6999,3.62529,1.00E-06,4.61319,63.9,4.86268,1.00E-06
5.8921,69,4.46509,47,1.92118,52.1,5.55936,1.00E-06,5.65363,10.0146,4.8925,41.5,3.35274,87.7,3.83719,1.00E-06,4.82458,63.9,5.07143,1.00E-06
6.12301,69,4.68543,47,2.02884,52.1,5.77601,1.00E-06,5.69321,6.05047,5.12565,41.5,3.43385,87.7,4.05121,1.00E-06,5.03808,63.9,5.28226,1.00E-06
6.35624,69,4.90798,47,2.14726,52.1,5.99482,1.00E-06,5.73873,3.29623,5.36114,41.5,3.52307,87.7,4.26738,1.00E-06,5.25372,63.9,5.4952,1.00E-06
6.59179,69,5.13276,47,2.27752,52.1,6.21582,1.00E-06,5.79108,1.57067,5.41035,41.5,3.62122,87.7,4.4857,1.00E-06,5.47152,63.9,5.71028,1.00E-06
6.82971,69,5.35978,47,2.42082,52.1,6.43903,1.00E-06,5.84866,0.666212,5.43444,31.5,3.72918,87.7,4.70621,1.00E-06,5.69149,63.9,5.9275,1.00E-06
7.07,69,5.58908,47,2.57844,52.1,6.66447,1.00E-06,5.91201,0.244215,5.46215,22.7711,3.84793,87.7,4.92892,1.00E-06,5.91366,63.9,6.1469,1.00E-06
7.16086,69,5.82066,47,2.75182,52.1,6.89217,1.00E-06,5.98168,0.0740534,5.49402,15.5145,3.97856,87.7,5.15386,1.00E-06,6.13806,63.9,6.36849,1.00E-06
7.17536,59,6.05457,47,2.94254,52.1,7.12214,1.00E-06,6.05833,0.0172954,5.53067,9.82882,4.12225,87.7,5.38105,1.00E-06,6.36469,63.9,6.59229,1.00E-06
7.19202,49.1667,6.29081,47,3.15233,52.1,7.35441,1.00E-06,6.14264,0.0027138,5.57281,5.68649,4.28032,87.7,5.61051,1.00E-06,6.5936,63.9,6.81834,1.00E-06
7.21119,39.7431,6.52941,47,3.36422,52.1,7.58901,1.00E-06,6.36641,1.00E-06,5.62128,2.93045,4.45419,87.7,5.84227,1.00E-06,6.82479,63.9,7.04664,1.00E-06
7.23323,30.983,6.7704,47,3.57823,52.1,7.82595,1.00E-06,6.59241,1.00E-06,5.67702,1.29712,4.64544,87.7,6.07634,1.00E-06,7.0583,63.9,7.27723,1.00E-06
7.25858,23.1295,7.0138,47,3.79438,52.1,8.06526,1.00E-06,6.82068,1.00E-06,5.73833,0.501856,4.85582,87.7,6.31275,1.00E-06,7.29414,63.9,7.51012,1.00E-06
7.28773,16.3872,7.25964,47,4.01269,52.1,8.30697,1.00E-06,7.05123,1.00E-06,5.80577,0.163399,5.06831,87.7,6.55153,1.00E-06,7.53234,63.9,7.74534,1.00E-06
7.32125,10.8938,7.50793,47,4.23319,52.1,8.55109,1.00E-06,7.28409,1.00E-06,5.87995,0.0421812,5.28292,87.7,6.7927,1.00E-06,7.77292,63.9,7.98292,1.00E-06
7.3598,6.69412,7.75871,47,4.45589,52.1,8.79765,1.00E-06,7.51927,1.00E-06,5.96156,0.0077598,5.49967,87.7,7.03627,1.00E-06,8.01591,63.9,8.22287,1.00E-06
7.40414,3.72637,7.88717,47,4.68081,52.1,9.04668,1.00E-06,7.75681,1.00E-06,6.1994,1.00E-06,5.7186,87.7,7.28229,1.00E-06,8.05743,63.9,8.46522,1.00E-06
7.45512,1.82653,7.91723,37,4.90799,52.1,9.2982,1.00E-06,7.99672,1.00E-06,6.43961,1.00E-06,5.93971,87.7,7.53076,1.00E-06,8.07308,53.9,8.70999,1.00E-06
7.5112,0.802173,7.94426,27,5.13744,52.1,9.55223,1.00E-06,8.23903,1.00E-06,6.68223,1.00E-06,6.16303,87.7,7.78172,1.00E-06,8.09108,44.1997,8.95721,1.00E-06
7.57289,0.30731,7.97534,18.6081,5.36918,52.1,9.8088,1.00E-06,8.48376,1.00E-06,6.92728,1.00E-06,6.38859,87.7,8.03519,1.00E-06,8.11178,35.0519,9.2069,1.00E-06
7.64075,0.0987716,8.01108,11.957,5.60324,52.1,10.0679,1.00E-06,8.73094,1.00E-06,7.17478,1.00E-06,6.6164,87.7,8.29119,1.00E-06,8.13558,26.7093,9.45909,1.00E-06
7.7154,0.0250433,8.05219,7.04209,5.83964,52.1,10.3297,1.00E-06,8.98059,1.00E-06,7.42475,1.00E-06,6.84649,87.7,8.54975,1.00E-06,8.16295,19.3987,9.71381,1.00E-06
7.79751,0.0044803,8.09946,3.71326,6.00218,52.1,10.594,1.00E-06,9.23274,1.00E-06,7.67722,1.00E-06,7.07888,87.7,8.8109,1.00E-06,8.19443,13.2926,9.97106,1.00E-06
8.0402,1.00E-06,8.15382,1.6947,6.0365,42.1,10.861,1.00E-06,9.48742,1.00E-06,7.93221,1.00E-06,7.3136,87.7,9.07466,1.00E-06,8.23062,8.48095,10.2309,1.00E-06
8.28532,1.00E-06,8.21361,0.681317,6.06025,32.1,11.1307,1.00E-06,9.74463,1.00E-06,8.18976,1.00E-06,7.55066,87.7,9.34106,1.00E-06,8.27225,4.95051,10.4933,1.00E-06
8.5329,1.00E-06,8.27939,0.233168,6.08756,23.3316,11.403,1.00E-06,10.0044,1.00E-06,8.44988,1.00E-06,7.79009,87.7,9.61012,1.00E-06,8.32012,2.5806,10.7584,1.00E-06
8.78294,1.00E-06,8.35175,0.0644605,6.11898,16.0024,11.6781,1.00E-06,10.2668,1.00E-06,8.7126,1.00E-06,8.03192,87.7,9.88187,1.00E-06,8.37518,1.15991,11.0261,1.00E-06
9.03549,1.00E-06,8.43134,0.0131564,6.1551,10.2215,11.9559,1.00E-06,10.5318,1.00E-06,8.97795,1.00E-06,8.27617,87.7,10.1563,1.00E-06,8.43573,0.457489,11.2965,1.00E-06
9.29057,1.00E-06,8.51888,0.00163811,6.19665,5.97505,12.2366,1.00E-06,10.7995,1.00E-06,9.24595,1.00E-06,8.52285,87.7,10.4335,1.00E-06,8.50235,0.152738,11.5695,1.00E-06
9.54819,1.00E-06,8.77217,1.00E-06,6.24442,3.12043,12.52,1.00E-06,11.0698,1.00E-06,9.51664,1.00E-06,8.77201,87.7,10.7135,1.00E-06,8.57562,0.0408186,11.8454,1.00E-06
9.80839,1.00E-06,9.02798,1.00E-06,6.29936,1.406,12.8062,1.00E-06,11.3429,1.00E-06,9.79003,1.00E-06,9.02366,87.7,10.9963,1.00E-06,8.65623,0.00791765,12.1239,1.00E-06
10.0712,1.00E-06,9.28636,1.00E-06,6.3598,0.556266,13.0953,1.00E-06,11.6186,1.00E-06,10.0661,1.00E-06,9.27782,87.7,11.2819,1.00E-06,8.90164,1.00E-06,12.4053,1.00E-06
10.3366,1.00E-06,9.54732,1.00E-06,6.42628,0.186461,13.3874,1.00E-06,11.8972,1.00E-06,10.345,1.00E-06,9.53452,87.7,11.5704,1.00E-06,9.14952,1.00E-06,12.6895,1.00E-06
10.6047,1.00E-06,9.81088,1.00E-06,6.49941,0.050106,13.6823,1.00E-06,12.1785,1.00E-06,10.6267,1.00E-06,9.62339,87.7,11.8618,1.00E-06,9.39986,1.00E-06,12.9765,1.00E-06
10.8755,1.00E-06,10.0771,1.00E-06,6.57985,0.0098004,13.9801,1.00E-06,12.4626,1.00E-06,10.9112,1.00E-06,9.63479,77.7,12.156,1.00E-06,9.65272,1.00E-06,13.2664,1.00E-06
11.1489,1.00E-06,10.346,1.00E-06,6.81861,1.00E-06,14.281,1.00E-06,12.7496,1.00E-06,11.1985,1.00E-06,9.64766,67.7,12.4532,1.00E-06,9.9081,1.00E-06,13.5592,1.00E-06
11.4252,1.00E-06,10.6175,1.00E-06,7.05976,1.00E-06,14.5849,1.00E-06,13.0394,1.00E-06,11.4887,1.00E-06,9.66243,57.7,12.7534,1.00E-06,10.166,1.00E-06,13.8549,1.00E-06
11.7041,1.00E-06,10.8918,1.00E-06,7.30333,1.00E-06,14.8918,1.00E-06,13.3322,1.00E-06,11.7818,1.00E-06,9.67942,47.8987,13.0566,1.00E-06,10.4265,1.00E-06,14.1536,1.00E-06
11.9859,1.00E-06,11.1688,1.00E-06,7.54933,1.00E-06,15.2017,1.00E-06,13.6278,1.00E-06,12.0779,1.00E-06,9.69895,38.5418,13.3628,1.00E-06,10.6897,1.00E-06,14.4552,1.00E-06
12.2705,1.00E-06,11.4486,1.00E-06,7.79778,1.00E-06,15.5148,1.00E-06,13.9264,1.00E-06,12.3769,1.00E-06,9.72142,29.8834,13.6721,1.00E-06,10.9554,1.00E-06,14.7599,1.00E-06
12.5579,1.00E-06,11.7311,1.00E-06,8.04873,1.00E-06,15.831,1.00E-06,14.228,1.00E-06,12.6789,1.00E-06,9.74725,22.1631,13.9845,1.00E-06,11.2238,1.00E-06,15.0676,1.00E-06
12.8482,1.00E-06,12.0166,1.00E-06,8.30218,1.00E-06,16.1504,1.00E-06,14.5327,1.00E-06,12.9839,1.00E-06,9.77696,15.5785,14.3,1.00E-06,11.4949,1.00E-06,15.3784,1.00E-06
13.1414,1.00E-06,12.3048,1.00E-06,8.55817,1.00E-06,16.4729,1.00E-06,14.8403,1.00E-06,13.292,1.00E-06,9.81113,10.2559,14.6186,1.00E-06,11.7687,1.00E-06,15.6923,1.00E-06
13.4375,1.00E-06,12.596,1.00E-06,8.81671,1.00E-06,16.7987,1.00E-06,15.1511,1.00E-06,13.6031,1.00E-06,9.85042,6.22623,14.9405,1.00E-06,12.0453,1.00E-06,16.0093,1.00E-06
13.7366,1.00E-06,12.89,1.00E-06,9.07785,1.00E-06,17.1277,1.00E-06,15.4649,1.00E-06,13.9174,1.00E-06,9.89561,3.41291,15.2655,1.00E-06,12.3246,1.00E-06,16.3295,1.00E-06
14.0387,1.00E-06,13.187,1.00E-06,9.34159,1.00E-06,17.4601,1.00E-06,15.7819,1.00E-06,14.2348,1.00E-06,9.94757,1.63947,15.5938,1.00E-06,12.6067,1.00E-06,16.653,1.00E-06
14.3438,1.00E-06,13.487,1.00E-06,9.60797,1.00E-06,17.7957,1.00E-06,16.1021,1.00E-06,14.5553,1.00E-06,10.0047,0.702364,15.9254,1.00E-06,12.8916,1.00E-06,16.9796,1.00E-06
14.652,1.00E-06,13.7899,1.00E-06,9.87702,1.00E-06,18.0785,1.00E-06,16.4255,1.00E-06,14.8791,1.00E-06,10.0676,0.260754,16.2603,1.00E-06,13.1794,1.00E-06,17.3095,1.00E-06
14.9632,1.00E-06,14.0959,1.00E-06,10.1488,1.00E-06,18.3642,1.00E-06,16.7521,1.00E-06,15.2061,1.00E-06,10.1368,0.0804102,16.3704,1.00E-06,13.47,1.00E-06,17.6428,1.00E-06
15.2776,1.00E-06,14.405,1.00E-06,10.4232,1.00E-06,,,17.0819,1.00E-06,15.5364,1.00E-06,10.2128,0.0192352,16.4914,1.00E-06,13.7636,1.00E-06,17.9793,1.00E-06
15.5951,1.00E-06,14.7171,1.00E-06,10.7004,1.00E-06,,,17.4151,1.00E-06,15.87,1.00E-06,10.2965,0.00313794,,,14.0601,1.00E-06,18.3192,1.00E-06
15.9157,1.00E-06,15.0324,1.00E-06,10.9804,1.00E-06,,,17.7516,1.00E-06,16.2069,1.00E-06,10.5558,1.00E-06,,,14.3595,1.00E-06,18.6417,1.00E-06
16.2396,1.00E-06,15.3508,1.00E-06,11.2631,1.00E-06,,,18.0914,1.00E-06,16.5472,1.00E-06,10.8177,1.00E-06,,,14.662,1.00E-06,18.9674,1.00E-06
16.5667,1.00E-06,15.6724,1.00E-06,11.5487,1.00E-06,,,18.4347,1.00E-06,16.8909,1.00E-06,11.0822,1.00E-06,,,14.9674,1.00E-06,,
16.8971,1.00E-06,15.9972,1.00E-06,11.8372,1.00E-06,,,18.7814,1.00E-06,17.238,1.00E-06,11.3493,1.00E-06,,,15.276,1.00E-06,,
17.2308,1.00E-06,16.3253,1.00E-06,12.1285,1.00E-06,,,19.1315,1.00E-06,17.5886,1.00E-06,11.6191,1.00E-06,,,15.5876,1.00E-06,,
17.5678,1.00E-06,16.6567,1.00E-06,12.4228,1.00E-06,,,19.4852,1.00E-06,17.9428,1.00E-06,11.8916,1.00E-06,,,15.9023,1.00E-06,,
17.9082,1.00E-06,16.9913,1.00E-06,12.72,1.00E-06,,,19.8424,1.00E-06,18.3004,1.00E-06,12.1668,1.00E-06,,,16.2202,1.00E-06,,
18.252,1.00E-06,17.3293,1.00E-06,13.0201,1.00E-06,,,20.0664,1.00E-06,18.6616,1.00E-06,12.4448,1.00E-06,,,16.5413,1.00E-06,,
18.5993,1.00E-06,17.6707,1.00E-06,13.3233,1.00E-06,,,20.2927,1.00E-06,19.0265,1.00E-06,12.7255,1.00E-06,,,16.8655,1.00E-06,,
18.95,1.00E-06,18.0155,1.00E-06,13.6295,1.00E-06,,,,,19.395,1.00E-06,13.0091,1.00E-06,,,17.193,1.00E-06,,
19.3042,1.00E-06,18.3638,1.00E-06,13.9388,1.00E-06,,,,,19.7671,1.00E-06,13.2955,1.00E-06,,,17.5238,1.00E-06,,
19.6619,1.00E-06,18.7155,1.00E-06,14.2511,1.00E-06,,,,,20.0103,1.00E-06,13.5847,1.00E-06,,,17.8579,1.00E-06,,
20.0233,1.00E-06,19.0707,1.00E-06,14.5666,1.00E-06,,,,,20.256,1.00E-06,13.8769,1.00E-06,,,18.1953,1.00E-06,,
20.3882,1.00E-06,19.4295,1.00E-06,14.8852,1.00E-06,,,,,,,14.172,1.00E-06,,,18.5361,1.00E-06,,
20.7568,1.00E-06,19.7919,1.00E-06,15.207,1.00E-06,,,,,,,14.47,1.00E-06,,,18.8804,1.00E-06,,
21.1291,1.00E-06,20.1579,1.00E-06,15.5321,1.00E-06,,,,,,,14.771,1.00E-06,,,19.228,1.00E-06,,
21.5051,1.00E-06,20.5276,1.00E-06,15.8604,1.00E-06,,,,,,,15.075,1.00E-06,,,19.5791,1.00E-06,,
21.7609,1.00E-06,20.901,1.00E-06,16.1919,1.00E-06,,,,,,,15.3821,1.00E-06,,,19.9338,1.00E-06,,
22.0191,1.00E-06,21.2781,1.00E-06,16.5268,1.00E-06,,,,,,,15.6922,1.00E-06,,,20.292,1.00E-06,,
,,21.659,1.00E-06,16.865,1.00E-06,,,,,,,16.0054,1.00E-06,,,20.6538,1.00E-06,,
,,22.0436,1.00E-06,17.2067,1.00E-06,,,,,,,16.3218,1.00E-06,,,21.0192,1.00E-06,,
,,22.4322,1.00E-06,17.5517,1.00E-06,,,,,,,16.6413,1.00E-06,,,21.3882,1.00E-06,,
,,22.4872,1.00E-06,17.9002,1.00E-06,,,,,,,16.964,1.00E-06,,,21.7609,1.00E-06,,
,,22.5476,1.00E-06,18.2521,1.00E-06,,,,,,,17.29,1.00E-06,,,22.1374,1.00E-06,,
,,,,18.6076,1.00E-06,,,,,,,17.6192,1.00E-06,,,22.5176,1.00E-06,,
,,,,18.9667,1.00E-06,,,,,,,17.9517,1.00E-06,,,22.6574,1.00E-06,,
,,,,19.3293,1.00E-06,,,,,,,18.2875,1.00E-06,,,22.8112,1.00E-06,,
,,,,19.6956,1.00E-06,,,,,,,18.6267,1.00E-06,,,,,,
,,,,20.0655,1.00E-06,,,,,,,18.9693,1.00E-06,,,,,,
,,,,20.4391,1.00E-06,,,,,,,19.3153,1.00E-06,,,,,,
,,,,20.6022,1.00E-06,,,,,,,19.6647,1.00E-06,,,,,,
,,,,20.7816,1.00E-06,,,,,,,20.0177,1.00E-06,,,,,,
,,,,,,,,,,,,20.3742,1.00E-06,,,,,,
,,,,,,,,,,,,20.7342,1.00E-06,,,,,,
,,,,,,,,,,,,21.0979,1.00E-06,,,,,,
,,,,,,,,,,,,21.4652,1.00E-06,,,,,,
,,,,,,,,,,,,21.8361,1.00E-06,,,,,,
,,,,,,,,,,,,22.2108,1.00E-06,,,,,,
,,,,,,,,,,,,22.5892,1.00E-06,,,,,,
,,,,,,,,,,,,22.9714,1.00E-06,,,,,,
,,,,,,,,,,,,23.3574,1.00E-06,,,,,,
,,,,,,,,,,,,23.7473,1.00E-06,,,,,,
,,,,,,,,,,,,24.1411,1.00E-06,,,,,,
,,,,,,,,,,,,24.2234,1.00E-06,,,,,,
,,,,,,,,,,,,24.3139,1.00E-06,,,,,,