filename,case,test_id,theta1,theta2,pt,type,source_csv
Case3_type2_force_disp_Test_001.csv,Case3,Test_001,11,49,11016.54314,2,/Users/danlee/KyulAI_codex/data/datasets/DD_curated_csv_v1/Case3/csv_load/force_disp_Test_001.csv
Case3_type2_force_disp_Test_002.csv,Case3,Test_002,-15,-71,11700.11772,2,/Users/danlee/KyulAI_codex/data/datasets/DD_curated_csv_v1/Case3/csv_load/force_disp_Test_002.csv
Case3_type2_force_disp_Test_003.csv,Case3,Test_003,-88,11,10710.27223,2,/Users/danlee/KyulAI_codex/data/datasets/DD_curated_csv_v1/Case3/csv_load/force_disp_Test_003.csv
Case3_type2_force_disp_Test_004.csv,Case3,Test_004,-25,-46,12392.99216,2,/Users/danlee/KyulAI_codex/data/datasets/DD_curated_csv_v1/Case3/csv_load/force_disp_Test_004.csv
Case3_type2_force_disp_Test_005.csv,Case3,Test_005,32,27,11379.74849,2,/Users/danlee/KyulAI_codex/data/datasets/DD_curated_csv_v1/Case3/csv_load/force_disp_Test_005.csv
Case3_type1_force_disp_Test_006.csv,Case3,Test_006,-76,-52,11416.52827,1,/Users/danlee/KyulAI_codex/data/datasets/DD_curated_csv_v1/Case3/csv_load/force_disp_Test_006.csv
Case3_type2_force_disp_Test_007.csv,Case3,Test_007,-66,-12,11246.0538,2,/Users/danlee/KyulAI_codex/data/datasets/DD_curated_csv_v1/Case3/csv_load/force_disp_Test_007.csv
Case3_type1_force_disp_Test_008.csv,Case3,Test_008,-43,77,13800.98767,1,/Users/danlee/KyulAI_codex/data/datasets/DD_curated_csv_v1/Case3/csv_load/force_disp_Test_008.csv
Case3_type1_force_disp_Test_009.csv,Case3,Test_009,75,40,13748.8356,1,/Users/danlee/KyulAI_codex/data/datasets/DD_curated_csv_v1/Case3/csv_load/force_disp_Test_009.csv
Case3_type1_force_disp_Test_010.csv,Case3,Test_010,-63,87,7961.142952,1,/Users/danlee/KyulAI_codex/data/datasets/DD_curated_csv_v1/Case3/csv_load/force_disp_Test_010.csv
Case3_type2_force_disp_Test_011.csv,Case3,Test_011,-72,-8,10880.13117,2,/Users/danlee/KyulAI_codex/data/datasets/DD_curated_csv_v1/Case3/csv_load/force_disp_Test_011.csv
Case3_type1_force_disp_Test_012.csv,Case3,Test_012,-84,47,11807.10053,1,/Users/danlee/KyulAI_codex/data/datasets/DD_curated_csv_v1/Case3/csv_load/force_disp_Test_012.csv
Case3_type1_force_disp_Test_013.csv,Case3,Test_013,57,48,15150.7104,1,/Users/danlee/KyulAI_codex/data/datasets/DD_curated_csv_v1/Case3/csv_load/force_disp_Test_013.csv
Case3_type1_force_disp_Test_014.csv,Case3,Test_014,54,51,14087.49224,1,/Users/danlee/KyulAI_codex/data/datasets/DD_curated_csv_v1/Case3/csv_load/force_disp_Test_014.csv
Case3_type2_force_disp_Test_015.csv,Case3,Test_015,17,33,10147.0146,2,/Users/danlee/KyulAI_codex/data/datasets/DD_curated_csv_v1/Case3/csv_load/force_disp_Test_015.csv
Case3_type1_force_disp_Test_016.csv,Case3,Test_016,52,44,15389.45106,1,/Users/danlee/KyulAI_codex/data/datasets/DD_curated_csv_v1/Case3/csv_load/force_disp_Test_016.csv
Case3_type2_force_disp_Test_017.csv,Case3,Test_017,-41,73,14066.9084,2,/Users/danlee/KyulAI_codex/data/datasets/DD_curated_csv_v1/Case3/csv_load/force_disp_Test_017.csv
Case3_type2_force_disp_Test_018.csv,Case3,Test_018,88,18,11268.66466,2,/Users/danlee/KyulAI_codex/data/datasets/DD_curated_csv_v1/Case3/csv_load/force_disp_Test_018.csv
Case3_type2_force_disp_Test_019.csv,Case3,Test_019,-28,-86,12696.70376,2,/Users/danlee/KyulAI_codex/data/datasets/DD_curated_csv_v1/Case3/csv_load/force_disp_Test_019.csv
Case3_type2_force_disp_Test_020.csv,Case3,Test_020,-15,-39,10465.36293,2,/Users/danlee/KyulAI_codex/data/datasets/DD_curated_csv_v1/Case3/csv_load/force_disp_Test_020.csv
Case3_type2_force_disp_Test_021.csv,Case3,Test_021,-2,-69,10946.16144,2,/Users/danlee/KyulAI_codex/data/datasets/DD_curated_csv_v1/Case3/csv_load/force_disp_Test_021.csv
Case3_type2_force_disp_Test_022.csv,Case3,Test_022,-19,-70,12126.16219,2,/Users/danlee/KyulAI_codex/data/datasets/DD_curated_csv_v1/Case3/csv_load/force_disp_Test_022.csv
Case3_type2_force_disp_Test_023.csv,Case3,Test_023,-49,30,13141.53435,2,/Users/danlee/KyulAI_codex/data/datasets/DD_curated_csv_v1/Case3/csv_load/force_disp_Test_023.csv
Case3_type2_force_disp_Test_024.csv,Case3,Test_024,59,-11,11242.04177,2,/Users/danlee/KyulAI_codex/data/datasets/DD_curated_csv_v1/Case3/csv_load/force_disp_Test_024.csv
Case3_type2_force_disp_Test_025.csv,Case3,Test_025,-11,53,11303.27864,2,/Users/danlee/KyulAI_codex/data/datasets/DD_curated_csv_v1/Case3/csv_load/force_disp_Test_025.csv
Case3_type1_force_disp_Test_026.csv,Case3,Test_026,-56,40,14645.64885,1,/Users/danlee/KyulAI_codex/data/datasets/DD_curated_csv_v1/Case3/csv_load/force_disp_Test_026.csv
Case3_type2_force_disp_Test_027.csv,Case3,Test_027,62,-28,13035.03777,2,/Users/danlee/KyulAI_codex/data/datasets/DD_curated_csv_v1/Case3/csv_load/force_disp_Test_027.csv
Case3_type2_force_disp_Test_028.csv,Case3,Test_028,-60,15,11649.31619,2,/Users/danlee/KyulAI_codex/data/datasets/DD_curated_csv_v1/Case3/csv_load/force_disp_Test_028.csv
Case3_type2_force_disp_Test_029.csv,Case3,Test_029,-86,4,10320.77576,2,/Users/danlee/KyulAI_codex/data/datasets/DD_curated_csv_v1/Case3/csv_load/force_disp_Test_029.csv
Case3_type2_force_disp_Test_030.csv,Case3,Test_030,-45,-21,11546.71001,2,/Users/danlee/KyulAI_codex/data/datasets/DD_curated_csv_v1/Case3/csv_load/force_disp_Test_030.csv
Case3_type1_force_disp_Test_031.csv,Case3,Test_031,39,-42,15017.77501,1,/Users/danlee/KyulAI_codex/data/datasets/DD_curated_csv_v1/Case3/csv_load/force_disp_Test_031.csv
Case3_type2_force_disp_Test_032.csv,Case3,Test_032,-68,32,13277.32875,2,/Users/danlee/KyulAI_codex/data/datasets/DD_curated_csv_v1/Case3/csv_load/force_disp_Test_032.csv
Case3_type2_force_disp_Test_033.csv,Case3,Test_033,30,-72,13215.35481,2,/Users/danlee/KyulAI_codex/data/datasets/DD_curated_csv_v1/Case3/csv_load/force_disp_Test_033.csv
Case3_type1_force_disp_Test_034.csv,Case3,Test_034,65,-56,12354.30193,1,/Users/danlee/KyulAI_codex/data/datasets/DD_curated_csv_v1/Case3/csv_load/force_disp_Test_034.csv
Case3_type1_force_disp_Test_035.csv,Case3,Test_035,62,45,14991.90209,1,/Users/danlee/KyulAI_codex/data/datasets/DD_curated_csv_v1/Case3/csv_load/force_disp_Test_035.csv
Case3_type1_force_disp_Test_036.csv,Case3,Test_036,-51,58,13740.0927,1,/Users/danlee/KyulAI_codex/data/datasets/DD_curated_csv_v1/Case3/csv_load/force_disp_Test_036.csv
Case3_type1_force_disp_Test_037.csv,Case3,Test_037,82,-75,6153.885586,1,/Users/danlee/KyulAI_codex/data/datasets/DD_curated_csv_v1/Case3/csv_load/force_disp_Test_037.csv
Case3_type1_force_disp_Test_038.csv,Case3,Test_038,-37,59,14336.83833,1,/Users/danlee/KyulAI_codex/data/datasets/DD_curated_csv_v1/Case3/csv_load/force_disp_Test_038.csv
Case3_type2_force_disp_Test_039.csv,Case3,Test_039,-35,-29,12075.4755,2,/Users/danlee/KyulAI_codex/data/datasets/DD_curated_csv_v1/Case3/csv_load/force_disp_Test_039.csv
Case3_type2_force_disp_Test_040.csv,Case3,Test_040,84,24,11962.43589,2,/Users/danlee/KyulAI_codex/data/datasets/DD_curated_csv_v1/Case3/csv_load/force_disp_Test_040.csv
Case3_type2_force_disp_Test_041.csv,Case3,Test_041,12,88,10994.10852,2,/Users/danlee/KyulAI_codex/data/datasets/DD_curated_csv_v1/Case3/csv_load/force_disp_Test_041.csv
Case3_type2_force_disp_Test_042.csv,Case3,Test_042,-80,36,13227.69513,2,/Users/danlee/KyulAI_codex/data/datasets/DD_curated_csv_v1/Case3/csv_load/force_disp_Test_042.csv
Case3_type1_force_disp_Test_043.csv,Case3,Test_043,90,52,10254.88517,1,/Users/danlee/KyulAI_codex/data/datasets/DD_curated_csv_v1/Case3/csv_load/force_disp_Test_043.csv
Case3_type2_force_disp_Test_044.csv,Case3,Test_044,-83,8,10548.58696,2,/Users/danlee/KyulAI_codex/data/datasets/DD_curated_csv_v1/Case3/csv_load/force_disp_Test_044.csv
Case3_type2_force_disp_Test_045.csv,Case3,Test_045,77,-20,11758.3743,2,/Users/danlee/KyulAI_codex/data/datasets/DD_curated_csv_v1/Case3/csv_load/force_disp_Test_045.csv
Case3_type1_force_disp_Test_046.csv,Case3,Test_046,56,-82,9755.358692,1,/Users/danlee/KyulAI_codex/data/datasets/DD_curated_csv_v1/Case3/csv_load/force_disp_Test_046.csv
Case3_type2_force_disp_Test_047.csv,Case3,Test_047,-33,64,13728.30613,2,/Users/danlee/KyulAI_codex/data/datasets/DD_curated_csv_v1/Case3/csv_load/force_disp_Test_047.csv
Case3_type3_force_disp_Test_048.csv,Case3,Test_048,-23,-2,7396.391576,3,/Users/danlee/KyulAI_codex/data/datasets/DD_curated_csv_v1/Case3/csv_load/force_disp_Test_048.csv
Case3_type2_force_disp_Test_049.csv,Case3,Test_049,4,78,10746.04957,2,/Users/danlee/KyulAI_codex/data/datasets/DD_curated_csv_v1/Case3/csv_load/force_disp_Test_049.csv
Case3_type2_force_disp_Test_050.csv,Case3,Test_050,-13,60,11613.94785,2,/Users/danlee/KyulAI_codex/data/datasets/DD_curated_csv_v1/Case3/csv_load/force_disp_Test_050.csv
Case3_type2_force_disp_Test_051.csv,Case3,Test_051,-54,22,12202.18826,2,/Users/danlee/KyulAI_codex/data/datasets/DD_curated_csv_v1/Case3/csv_load/force_disp_Test_051.csv
Case3_type3_force_disp_Test_052.csv,Case3,Test_052,14,-3,6306.63838,3,/Users/danlee/KyulAI_codex/data/datasets/DD_curated_csv_v1/Case3/csv_load/force_disp_Test_052.csv
Case3_type2_force_disp_Test_053.csv,Case3,Test_053,-67,23,12333.05239,2,/Users/danlee/KyulAI_codex/data/datasets/DD_curated_csv_v1/Case3/csv_load/force_disp_Test_053.csv
Case3_type2_force_disp_Test_054.csv,Case3,Test_054,-36,-80,13387.54011,2,/Users/danlee/KyulAI_codex/data/datasets/DD_curated_csv_v1/Case3/csv_load/force_disp_Test_054.csv
Case3_type1_force_disp_Test_055.csv,Case3,Test_055,69,-62,10398.02074,1,/Users/danlee/KyulAI_codex/data/datasets/DD_curated_csv_v1/Case3/csv_load/force_disp_Test_055.csv
Case3_type1_force_disp_Test_056.csv,Case3,Test_056,88,-61,8280.197979,1,/Users/danlee/KyulAI_codex/data/datasets/DD_curated_csv_v1/Case3/csv_load/force_disp_Test_056.csv
Case3_type1_force_disp_Test_057.csv,Case3,Test_057,-85,56,9493.64421,1,/Users/danlee/KyulAI_codex/data/datasets/DD_curated_csv_v1/Case3/csv_load/force_disp_Test_057.csv
Case3_type1_force_disp_Test_058.csv,Case3,Test_058,46,41,15249.06293,1,/Users/danlee/KyulAI_codex/data/datasets/DD_curated_csv_v1/Case3/csv_load/force_disp_Test_058.csv
Case3_type2_force_disp_Test_059.csv,Case3,Test_059,34,-32,12712.56654,2,/Users/danlee/KyulAI_codex/data/datasets/DD_curated_csv_v1/Case3/csv_load/force_disp_Test_059.csv
Case3_type3_force_disp_Test_060.csv,Case3,Test_060,11,-2,6059.582829,3,/Users/danlee/KyulAI_codex/data/datasets/DD_curated_csv_v1/Case3/csv_load/force_disp_Test_060.csv
Case3_type2_force_disp_Test_061.csv,Case3,Test_061,19,-67,12225.48574,2,/Users/danlee/KyulAI_codex/data/datasets/DD_curated_csv_v1/Case3/csv_load/force_disp_Test_061.csv
Case3_type1_force_disp_Test_062.csv,Case3,Test_062,-45,-80,12860.83607,1,/Users/danlee/KyulAI_codex/data/datasets/DD_curated_csv_v1/Case3/csv_load/force_disp_Test_062.csv
Case3_type2_force_disp_Test_063.csv,Case3,Test_063,38,69,14003.82103,2,/Users/danlee/KyulAI_codex/data/datasets/DD_curated_csv_v1/Case3/csv_load/force_disp_Test_063.csv
Case3_type2_force_disp_Test_064.csv,Case3,Test_064,-65,32,13414.89323,2,/Users/danlee/KyulAI_codex/data/datasets/DD_curated_csv_v1/Case3/csv_load/force_disp_Test_064.csv
Case3_type2_force_disp_Test_065.csv,Case3,Test_065,-32,-36,13023.78831,2,/Users/danlee/KyulAI_codex/data/datasets/DD_curated_csv_v1/Case3/csv_load/force_disp_Test_065.csv
Case3_type2_force_disp_Test_066.csv,Case3,Test_066,-17,82,11521.58852,2,/Users/danlee/KyulAI_codex/data/datasets/DD_curated_csv_v1/Case3/csv_load/force_disp_Test_066.csv
Case3_type1_force_disp_Test_067.csv,Case3,Test_067,-61,78,9145.109172,1,/Users/danlee/KyulAI_codex/data/datasets/DD_curated_csv_v1/Case3/csv_load/force_disp_Test_067.csv
Case3_type1_force_disp_Test_068.csv,Case3,Test_068,45,-66,14878.35577,1,/Users/danlee/KyulAI_codex/data/datasets/DD_curated_csv_v1/Case3/csv_load/force_disp_Test_068.csv
Case3_type2_force_disp_Test_069.csv,Case3,Test_069,33,-41,13575.42087,2,/Users/danlee/KyulAI_codex/data/datasets/DD_curated_csv_v1/Case3/csv_load/force_disp_Test_069.csv
Case3_type1_force_disp_Test_070.csv,Case3,Test_070,48,85,11487.97281,1,/Users/danlee/KyulAI_codex/data/datasets/DD_curated_csv_v1/Case3/csv_load/force_disp_Test_070.csv
Case3_type1_force_disp_Test_071.csv,Case3,Test_071,82,86,5101.552347,1,/Users/danlee/KyulAI_codex/data/datasets/DD_curated_csv_v1/Case3/csv_load/force_disp_Test_071.csv
Case3_type2_force_disp_Test_072.csv,Case3,Test_072,-21,38,11165.29662,2,/Users/danlee/KyulAI_codex/data/datasets/DD_curated_csv_v1/Case3/csv_load/force_disp_Test_072.csv
Case3_type1_force_disp_Test_073.csv,Case3,Test_073,81,-73,6539.667541,1,/Users/danlee/KyulAI_codex/data/datasets/DD_curated_csv_v1/Case3/csv_load/force_disp_Test_073.csv
Case3_type2_force_disp_Test_074.csv,Case3,Test_074,78,-23,11993.20613,2,/Users/danlee/KyulAI_codex/data/datasets/DD_curated_csv_v1/Case3/csv_load/force_disp_Test_074.csv
Case3_type2_force_disp_Test_075.csv,Case3,Test_075,26,-58,12987.55078,2,/Users/danlee/KyulAI_codex/data/datasets/DD_curated_csv_v1/Case3/csv_load/force_disp_Test_075.csv
Case3_type3_force_disp_Test_076.csv,Case3,Test_076,13,14,7038.776703,3,/Users/danlee/KyulAI_codex/data/datasets/DD_curated_csv_v1/Case3/csv_load/force_disp_Test_076.csv
Case3_type2_force_disp_Test_077.csv,Case3,Test_077,-6,51,10850.91195,2,/Users/danlee/KyulAI_codex/data/datasets/DD_curated_csv_v1/Case3/csv_load/force_disp_Test_077.csv
Case3_type2_force_disp_Test_078.csv,Case3,Test_078,73,-45,14002.88558,2,/Users/danlee/KyulAI_codex/data/datasets/DD_curated_csv_v1/Case3/csv_load/force_disp_Test_078.csv
Case3_type3_force_disp_Test_079.csv,Case3,Test_079,0,1,5357.999595,3,/Users/danlee/KyulAI_codex/data/datasets/DD_curated_csv_v1/Case3/csv_load/force_disp_Test_079.csv
Case3_type1_force_disp_Test_080.csv,Case3,Test_080,-42,-56,15077.21028,1,/Users/danlee/KyulAI_codex/data/datasets/DD_curated_csv_v1/Case3/csv_load/force_disp_Test_080.csv
Case3_type2_force_disp_Test_081.csv,Case3,Test_081,-80,12,10902.26386,2,/Users/danlee/KyulAI_codex/data/datasets/DD_curated_csv_v1/Case3/csv_load/force_disp_Test_081.csv
Case3_type3_force_disp_Test_082.csv,Case3,Test_082,23,-15,8380.744453,3,/Users/danlee/KyulAI_codex/data/datasets/DD_curated_csv_v1/Case3/csv_load/force_disp_Test_082.csv
Case3_type3_force_disp_Test_083.csv,Case3,Test_083,9,25,8284.221624,3,/Users/danlee/KyulAI_codex/data/datasets/DD_curated_csv_v1/Case3/csv_load/force_disp_Test_083.csv
Case3_type2_force_disp_Test_084.csv,Case3,Test_084,-58,-24,12524.51406,2,/Users/danlee/KyulAI_codex/data/datasets/DD_curated_csv_v1/Case3/csv_load/force_disp_Test_084.csv
Case3_type2_force_disp_Test_085.csv,Case3,Test_085,-27,19,9417.827714,2,/Users/danlee/KyulAI_codex/data/datasets/DD_curated_csv_v1/Case3/csv_load/force_disp_Test_085.csv
Case3_type2_force_disp_Test_086.csv,Case3,Test_086,-44,-26,12245.57798,2,/Users/danlee/KyulAI_codex/data/datasets/DD_curated_csv_v1/Case3/csv_load/force_disp_Test_086.csv
Case3_type1_force_disp_Test_087.csv,Case3,Test_087,87,-65,7509.668376,1,/Users/danlee/KyulAI_codex/data/datasets/DD_curated_csv_v1/Case3/csv_load/force_disp_Test_087.csv
Case3_type2_force_disp_Test_088.csv,Case3,Test_088,-9,-87,10756.02605,2,/Users/danlee/KyulAI_codex/data/datasets/DD_curated_csv_v1/Case3/csv_load/force_disp_Test_088.csv
Case3_type2_force_disp_Test_089.csv,Case3,Test_089,2,55,10907.10797,2,/Users/danlee/KyulAI_codex/data/datasets/DD_curated_csv_v1/Case3/csv_load/force_disp_Test_089.csv
Case3_type1_force_disp_Test_090.csv,Case3,Test_090,40,61,14577.3644,1,/Users/danlee/KyulAI_codex/data/datasets/DD_curated_csv_v1/Case3/csv_load/force_disp_Test_090.csv
Case3_type1_force_disp_Test_091.csv,Case3,Test_091,50,-64,14112.50011,1,/Users/danlee/KyulAI_codex/data/datasets/DD_curated_csv_v1/Case3/csv_load/force_disp_Test_091.csv
Case3_type3_force_disp_Test_092.csv,Case3,Test_092,-7,20,7424.514632,3,/Users/danlee/KyulAI_codex/data/datasets/DD_curated_csv_v1/Case3/csv_load/force_disp_Test_092.csv
Case3_type2_force_disp_Test_093.csv,Case3,Test_093,85,-17,11270.38601,2,/Users/danlee/KyulAI_codex/data/datasets/DD_curated_csv_v1/Case3/csv_load/force_disp_Test_093.csv
Case3_type2_force_disp_Test_094.csv,Case3,Test_094,18,-59,12147.50525,2,/Users/danlee/KyulAI_codex/data/datasets/DD_curated_csv_v1/Case3/csv_load/force_disp_Test_094.csv
Case3_type2_force_disp_Test_095.csv,Case3,Test_095,-26,-51,12850.20828,2,/Users/danlee/KyulAI_codex/data/datasets/DD_curated_csv_v1/Case3/csv_load/force_disp_Test_095.csv
Case3_type2_force_disp_Test_096.csv,Case3,Test_096,-86,26,12135.30999,2,/Users/danlee/KyulAI_codex/data/datasets/DD_curated_csv_v1/Case3/csv_load/force_disp_Test_096.csv
Case3_type1_force_disp_Test_097.csv,Case3,Test_097,71,68,8847.458678,1,/Users/danlee/KyulAI_codex/data/datasets/DD_curated_csv_v1/Case3/csv_load/force_disp_Test_097.csv
Case3_type3_force_disp_Test_098.csv,Case3,Test_098,-1,-33,8960.346228,3,/Users/danlee/KyulAI_codex/data/datasets/DD_curated_csv_v1/Case3/csv_load/force_disp_Test_098.csv
Case3_type1_force_disp_Test_099.csv,Case3,Test_099,64,-58,12185.34242,1,/Users/danlee/KyulAI_codex/data/datasets/DD_curated_csv_v1/Case3/csv_load/force_disp_Test_099.csv
Case3_type2_force_disp_Test_100.csv,Case3,Test_100,-77,-19,11634.73238,2,/Users/danlee/KyulAI_codex/data/datasets/DD_curated_csv_v1/Case3/csv_load/force_disp_Test_100.csv
Case3_type2_force_disp_Test_101.csv,Case3,Test_101,-37,81,13440.25983,2,/Users/danlee/KyulAI_codex/data/datasets/DD_curated_csv_v1/Case3/csv_load/force_disp_Test_101.csv
Case3_type2_force_disp_Test_102.csv,Case3,Test_102,-38,46,14808.46417,2,/Users/danlee/KyulAI_codex/data/datasets/DD_curated_csv_v1/Case3/csv_load/force_disp_Test_102.csv
Case3_type2_force_disp_Test_103.csv,Case3,Test_103,-40,-10,9984.056261,2,/Users/danlee/KyulAI_codex/data/datasets/DD_curated_csv_v1/Case3/csv_load/force_disp_Test_103.csv
Case3_type2_force_disp_Test_104.csv,Case3,Test_104,-31,10,8924.951541,2,/Users/danlee/KyulAI_codex/data/datasets/DD_curated_csv_v1/Case3/csv_load/force_disp_Test_104.csv
Case3_type1_force_disp_Test_105.csv,Case3,Test_105,-65,-72,9300.117904,1,/Users/danlee/KyulAI_codex/data/datasets/DD_curated_csv_v1/Case3/csv_load/force_disp_Test_105.csv
Case3_type2_force_disp_Test_106.csv,Case3,Test_106,-10,-49,10970.02896,2,/Users/danlee/KyulAI_codex/data/datasets/DD_curated_csv_v1/Case3/csv_load/force_disp_Test_106.csv
Case3_type2_force_disp_Test_107.csv,Case3,Test_107,-53,-14,11260.54892,2,/Users/danlee/KyulAI_codex/data/datasets/DD_curated_csv_v1/Case3/csv_load/force_disp_Test_107.csv
Case3_type2_force_disp_Test_108.csv,Case3,Test_108,-12,31,9314.472403,2,/Users/danlee/KyulAI_codex/data/datasets/DD_curated_csv_v1/Case3/csv_load/force_disp_Test_108.csv
Case3_type1_force_disp_Test_109.csv,Case3,Test_109,44,-41,15345.46133,1,/Users/danlee/KyulAI_codex/data/datasets/DD_curated_csv_v1/Case3/csv_load/force_disp_Test_109.csv
Case3_type2_force_disp_Test_110.csv,Case3,Test_110,-74,-31,12992.51984,2,/Users/danlee/KyulAI_codex/data/datasets/DD_curated_csv_v1/Case3/csv_load/force_disp_Test_110.csv
Case3_type2_force_disp_Test_111.csv,Case3,Test_111,31,-77,13134.68778,2,/Users/danlee/KyulAI_codex/data/datasets/DD_curated_csv_v1/Case3/csv_load/force_disp_Test_111.csv
Case3_type3_force_disp_Test_112.csv,Case3,Test_112,25,2,7655.853159,3,/Users/danlee/KyulAI_codex/data/datasets/DD_curated_csv_v1/Case3/csv_load/force_disp_Test_112.csv
Case3_type2_force_disp_Test_113.csv,Case3,Test_113,57,13,11299.40118,2,/Users/danlee/KyulAI_codex/data/datasets/DD_curated_csv_v1/Case3/csv_load/force_disp_Test_113.csv
Case3_type2_force_disp_Test_114.csv,Case3,Test_114,42,-63,14718.03133,2,/Users/danlee/KyulAI_codex/data/datasets/DD_curated_csv_v1/Case3/csv_load/force_disp_Test_114.csv
Case3_type2_force_disp_Test_115.csv,Case3,Test_115,60,35,13845.62406,2,/Users/danlee/KyulAI_codex/data/datasets/DD_curated_csv_v1/Case3/csv_load/force_disp_Test_115.csv
Case3_type2_force_disp_Test_116.csv,Case3,Test_116,29,-81,12819.27852,2,/Users/danlee/KyulAI_codex/data/datasets/DD_curated_csv_v1/Case3/csv_load/force_disp_Test_116.csv
Case3_type1_force_disp_Test_117.csv,Case3,Test_117,54,80,10416.43157,1,/Users/danlee/KyulAI_codex/data/datasets/DD_curated_csv_v1/Case3/csv_load/force_disp_Test_117.csv
Case3_type2_force_disp_Test_118.csv,Case3,Test_118,83,16,11130.6302,2,/Users/danlee/KyulAI_codex/data/datasets/DD_curated_csv_v1/Case3/csv_load/force_disp_Test_118.csv
Case3_type3_force_disp_Test_119.csv,Case3,Test_119,3,27,8229.635139,3,/Users/danlee/KyulAI_codex/data/datasets/DD_curated_csv_v1/Case3/csv_load/force_disp_Test_119.csv
Case3_type2_force_disp_Test_120.csv,Case3,Test_120,10,76,11096.78558,2,/Users/danlee/KyulAI_codex/data/datasets/DD_curated_csv_v1/Case3/csv_load/force_disp_Test_120.csv
Case3_type3_force_disp_Test_121.csv,Case3,Test_121,-6,-20,7287.165867,3,/Users/danlee/KyulAI_codex/data/datasets/DD_curated_csv_v1/Case3/csv_load/force_disp_Test_121.csv
Case3_type2_force_disp_Test_122.csv,Case3,Test_122,-76,-7,10743.7315,2,/Users/danlee/KyulAI_codex/data/datasets/DD_curated_csv_v1/Case3/csv_load/force_disp_Test_122.csv
Case3_type3_force_disp_Test_123.csv,Case3,Test_123,-24,0,7458.529319,3,/Users/danlee/KyulAI_codex/data/datasets/DD_curated_csv_v1/Case3/csv_load/force_disp_Test_123.csv
Case3_type1_force_disp_Test_124.csv,Case3,Test_124,86,43,12728.3907,1,/Users/danlee/KyulAI_codex/data/datasets/DD_curated_csv_v1/Case3/csv_load/force_disp_Test_124.csv
Case3_type2_force_disp_Test_125.csv,Case3,Test_125,15,-39,10577.87612,2,/Users/danlee/KyulAI_codex/data/datasets/DD_curated_csv_v1/Case3/csv_load/force_disp_Test_125.csv
Case3_type1_force_disp_Test_126.csv,Case3,Test_126,-78,64,8487.835761,1,/Users/danlee/KyulAI_codex/data/datasets/DD_curated_csv_v1/Case3/csv_load/force_disp_Test_126.csv
Case3_type2_force_disp_Test_127.csv,Case3,Test_127,-22,-34,10927.52628,2,/Users/danlee/KyulAI_codex/data/datasets/DD_curated_csv_v1/Case3/csv_load/force_disp_Test_127.csv
Case3_type1_force_disp_Test_128.csv,Case3,Test_128,67,-77,8128.119188,1,/Users/danlee/KyulAI_codex/data/datasets/DD_curated_csv_v1/Case3/csv_load/force_disp_Test_128.csv
Case3_type2_force_disp_Test_129.csv,Case3,Test_129,53,17,11654.93164,2,/Users/danlee/KyulAI_codex/data/datasets/DD_curated_csv_v1/Case3/csv_load/force_disp_Test_129.csv
Case3_type2_force_disp_Test_130.csv,Case3,Test_130,5,84,10570.53023,2,/Users/danlee/KyulAI_codex/data/datasets/DD_curated_csv_v1/Case3/csv_load/force_disp_Test_130.csv
Case3_type1_force_disp_Test_131.csv,Case3,Test_131,-89,71,6381.471127,1,/Users/danlee/KyulAI_codex/data/datasets/DD_curated_csv_v1/Case3/csv_load/force_disp_Test_131.csv
Case3_type1_force_disp_Test_132.csv,Case3,Test_132,51,58,13688.27163,1,/Users/danlee/KyulAI_codex/data/datasets/DD_curated_csv_v1/Case3/csv_load/force_disp_Test_132.csv
Case3_type1_force_disp_Test_133.csv,Case3,Test_133,-72,-54,11493.7807,1,/Users/danlee/KyulAI_codex/data/datasets/DD_curated_csv_v1/Case3/csv_load/force_disp_Test_133.csv
Case3_type2_force_disp_Test_134.csv,Case3,Test_134,-18,71,11920.14639,2,/Users/danlee/KyulAI_codex/data/datasets/DD_curated_csv_v1/Case3/csv_load/force_disp_Test_134.csv
Case3_type2_force_disp_Test_135.csv,Case3,Test_135,75,-31,12934.61439,2,/Users/danlee/KyulAI_codex/data/datasets/DD_curated_csv_v1/Case3/csv_load/force_disp_Test_135.csv
Case3_type2_force_disp_Test_136.csv,Case3,Test_136,-50,-9,10701.50296,2,/Users/danlee/KyulAI_codex/data/datasets/DD_curated_csv_v1/Case3/csv_load/force_disp_Test_136.csv
Case3_type2_force_disp_Test_137.csv,Case3,Test_137,-19,70,12129.00313,2,/Users/danlee/KyulAI_codex/data/datasets/DD_curated_csv_v1/Case3/csv_load/force_disp_Test_137.csv
Case3_type2_force_disp_Test_138.csv,Case3,Test_138,37,34,13360.21649,2,/Users/danlee/KyulAI_codex/data/datasets/DD_curated_csv_v1/Case3/csv_load/force_disp_Test_138.csv
Case3_type1_force_disp_Test_139.csv,Case3,Test_139,48,-47,14922.38709,1,/Users/danlee/KyulAI_codex/data/datasets/DD_curated_csv_v1/Case3/csv_load/force_disp_Test_139.csv
Case3_type3_force_disp_Test_140.csv,Case3,Test_140,-3,-6,5514.667866,3,/Users/danlee/KyulAI_codex/data/datasets/DD_curated_csv_v1/Case3/csv_load/force_disp_Test_140.csv
Case3_type2_force_disp_Test_141.csv,Case3,Test_141,72,-18,11692.7014,2,/Users/danlee/KyulAI_codex/data/datasets/DD_curated_csv_v1/Case3/csv_load/force_disp_Test_141.csv
Case3_type3_force_disp_Test_142.csv,Case3,Test_142,20,-1,7022.174636,3,/Users/danlee/KyulAI_codex/data/datasets/DD_curated_csv_v1/Case3/csv_load/force_disp_Test_142.csv
Case3_type3_force_disp_Test_143.csv,Case3,Test_143,8,9,5996.678373,3,/Users/danlee/KyulAI_codex/data/datasets/DD_curated_csv_v1/Case3/csv_load/force_disp_Test_143.csv
Case3_type2_force_disp_Test_144.csv,Case3,Test_144,27,-85,12621.11453,2,/Users/danlee/KyulAI_codex/data/datasets/DD_curated_csv_v1/Case3/csv_load/force_disp_Test_144.csv
Case3_type2_force_disp_Test_145.csv,Case3,Test_145,-30,67,13318.42649,2,/Users/danlee/KyulAI_codex/data/datasets/DD_curated_csv_v1/Case3/csv_load/force_disp_Test_145.csv
Case3_type2_force_disp_Test_146.csv,Case3,Test_146,-11,38,10044.70308,2,/Users/danlee/KyulAI_codex/data/datasets/DD_curated_csv_v1/Case3/csv_load/force_disp_Test_146.csv
Case3_type1_force_disp_Test_147.csv,Case3,Test_147,-69,-49,13080.56943,1,/Users/danlee/KyulAI_codex/data/datasets/DD_curated_csv_v1/Case3/csv_load/force_disp_Test_147.csv
Case3_type2_force_disp_Test_148.csv,Case3,Test_148,41,-14,10416.25701,2,/Users/danlee/KyulAI_codex/data/datasets/DD_curated_csv_v1/Case3/csv_load/force_disp_Test_148.csv
Case3_type2_force_disp_Test_149.csv,Case3,Test_149,22,-68,12469.6002,2,/Users/danlee/KyulAI_codex/data/datasets/DD_curated_csv_v1/Case3/csv_load/force_disp_Test_149.csv
Case3_type2_force_disp_Test_150.csv,Case3,Test_150,5,-35,9223.404666,2,/Users/danlee/KyulAI_codex/data/datasets/DD_curated_csv_v1/Case3/csv_load/force_disp_Test_150.csv
Case3_type2_force_disp_Test_151.csv,Case3,Test_151,-53,6,10764.3054,2,/Users/danlee/KyulAI_codex/data/datasets/DD_curated_csv_v1/Case3/csv_load/force_disp_Test_151.csv
Case3_type2_force_disp_Test_152.csv,Case3,Test_152,-52,62,13831.04205,2,/Users/danlee/KyulAI_codex/data/datasets/DD_curated_csv_v1/Case3/csv_load/force_disp_Test_152.csv
Case3_type1_force_disp_Test_153.csv,Case3,Test_153,-82,-88,5030.89171,1,/Users/danlee/KyulAI_codex/data/datasets/DD_curated_csv_v1/Case3/csv_load/force_disp_Test_153.csv
Case3_type2_force_disp_Test_154.csv,Case3,Test_154,24,53,12645.69979,2,/Users/danlee/KyulAI_codex/data/datasets/DD_curated_csv_v1/Case3/csv_load/force_disp_Test_154.csv
Case3_type2_force_disp_Test_155.csv,Case3,Test_155,19,48,11753.87524,2,/Users/danlee/KyulAI_codex/data/datasets/DD_curated_csv_v1/Case3/csv_load/force_disp_Test_155.csv
Case3_type1_force_disp_Test_156.csv,Case3,Test_156,74,-74,7350.553468,1,/Users/danlee/KyulAI_codex/data/datasets/DD_curated_csv_v1/Case3/csv_load/force_disp_Test_156.csv
Case3_type2_force_disp_Test_157.csv,Case3,Test_157,-59,-37,14086.46162,2,/Users/danlee/KyulAI_codex/data/datasets/DD_curated_csv_v1/Case3/csv_load/force_disp_Test_157.csv
Case3_type2_force_disp_Test_158.csv,Case3,Test_158,76,3,10600.91543,2,/Users/danlee/KyulAI_codex/data/datasets/DD_curated_csv_v1/Case3/csv_load/force_disp_Test_158.csv
Case3_type1_force_disp_Test_159.csv,Case3,Test_159,-58,75,10217.68854,1,/Users/danlee/KyulAI_codex/data/datasets/DD_curated_csv_v1/Case3/csv_load/force_disp_Test_159.csv
Case3_type3_force_disp_Test_160.csv,Case3,Test_160,27,5,8097.911413,3,/Users/danlee/KyulAI_codex/data/datasets/DD_curated_csv_v1/Case3/csv_load/force_disp_Test_160.csv
Case3_type1_force_disp_Test_161.csv,Case3,Test_161,47,-42,15470.77456,1,/Users/danlee/KyulAI_codex/data/datasets/DD_curated_csv_v1/Case3/csv_load/force_disp_Test_161.csv
Case3_type2_force_disp_Test_162.csv,Case3,Test_162,-4,55,10940.37484,2,/Users/danlee/KyulAI_codex/data/datasets/DD_curated_csv_v1/Case3/csv_load/force_disp_Test_162.csv
Case3_type1_force_disp_Test_163.csv,Case3,Test_163,-78,84,5655.147457,1,/Users/danlee/KyulAI_codex/data/datasets/DD_curated_csv_v1/Case3/csv_load/force_disp_Test_163.csv
Case3_type2_force_disp_Test_164.csv,Case3,Test_164,-8,62,11264.33518,2,/Users/danlee/KyulAI_codex/data/datasets/DD_curated_csv_v1/Case3/csv_load/force_disp_Test_164.csv
Case3_type2_force_disp_Test_165.csv,Case3,Test_165,6,-37,9591.095298,2,/Users/danlee/KyulAI_codex/data/datasets/DD_curated_csv_v1/Case3/csv_load/force_disp_Test_165.csv
Case3_type2_force_disp_Test_166.csv,Case3,Test_166,-22,23,9513.900709,2,/Users/danlee/KyulAI_codex/data/datasets/DD_curated_csv_v1/Case3/csv_load/force_disp_Test_166.csv
Case3_type1_force_disp_Test_167.csv,Case3,Test_167,-71,-50,12548.35162,1,/Users/danlee/KyulAI_codex/data/datasets/DD_curated_csv_v1/Case3/csv_load/force_disp_Test_167.csv
Case3_type2_force_disp_Test_168.csv,Case3,Test_168,-16,-87,11321.43649,2,/Users/danlee/KyulAI_codex/data/datasets/DD_curated_csv_v1/Case3/csv_load/force_disp_Test_168.csv
Case3_type1_force_disp_Test_169.csv,Case3,Test_169,-46,-76,13088.83077,1,/Users/danlee/KyulAI_codex/data/datasets/DD_curated_csv_v1/Case3/csv_load/force_disp_Test_169.csv
Case3_type3_force_disp_Test_170.csv,Case3,Test_170,1,-16,6623.368275,3,/Users/danlee/KyulAI_codex/data/datasets/DD_curated_csv_v1/Case3/csv_load/force_disp_Test_170.csv
Case3_type1_force_disp_Test_171.csv,Case3,Test_171,80,66,7841.752667,1,/Users/danlee/KyulAI_codex/data/datasets/DD_curated_csv_v1/Case3/csv_load/force_disp_Test_171.csv
Case3_type2_force_disp_Test_172.csv,Case3,Test_172,7,42,10179.16783,2,/Users/danlee/KyulAI_codex/data/datasets/DD_curated_csv_v1/Case3/csv_load/force_disp_Test_172.csv
Case3_type1_force_disp_Test_173.csv,Case3,Test_173,68,90,6965.141532,1,/Users/danlee/KyulAI_codex/data/datasets/DD_curated_csv_v1/Case3/csv_load/force_disp_Test_173.csv
Case3_type2_force_disp_Test_174.csv,Case3,Test_174,-69,28,12873.76246,2,/Users/danlee/KyulAI_codex/data/datasets/DD_curated_csv_v1/Case3/csv_load/force_disp_Test_174.csv
Case3_type2_force_disp_Test_175.csv,Case3,Test_175,66,18,11826.66291,2,/Users/danlee/KyulAI_codex/data/datasets/DD_curated_csv_v1/Case3/csv_load/force_disp_Test_175.csv
Case3_type2_force_disp_Test_176.csv,Case3,Test_176,-56,-10,11056.97176,2,/Users/danlee/KyulAI_codex/data/datasets/DD_curated_csv_v1/Case3/csv_load/force_disp_Test_176.csv
Case3_type2_force_disp_Test_177.csv,Case3,Test_177,65,-4,10805.07774,2,/Users/danlee/KyulAI_codex/data/datasets/DD_curated_csv_v1/Case3/csv_load/force_disp_Test_177.csv
Case3_type1_force_disp_Test_178.csv,Case3,Test_178,79,72,6917.046975,1,/Users/danlee/KyulAI_codex/data/datasets/DD_curated_csv_v1/Case3/csv_load/force_disp_Test_178.csv
Case3_type2_force_disp_Test_179.csv,Case3,Test_179,36,-84,13327.40745,2,/Users/danlee/KyulAI_codex/data/datasets/DD_curated_csv_v1/Case3/csv_load/force_disp_Test_179.csv
Case3_type2_force_disp_Test_180.csv,Case3,Test_180,22,-27,10229.49843,2,/Users/danlee/KyulAI_codex/data/datasets/DD_curated_csv_v1/Case3/csv_load/force_disp_Test_180.csv
Case3_type2_force_disp_Test_181.csv,Case3,Test_181,-47,5,10282.57191,2,/Users/danlee/KyulAI_codex/data/datasets/DD_curated_csv_v1/Case3/csv_load/force_disp_Test_181.csv
Case3_type2_force_disp_Test_182.csv,Case3,Test_182,16,-60,11961.95874,2,/Users/danlee/KyulAI_codex/data/datasets/DD_curated_csv_v1/Case3/csv_load/force_disp_Test_182.csv
Case3_type1_force_disp_Test_183.csv,Case3,Test_183,70,-63,10009.31213,1,/Users/danlee/KyulAI_codex/data/datasets/DD_curated_csv_v1/Case3/csv_load/force_disp_Test_183.csv
Case3_type2_force_disp_Test_184.csv,Case3,Test_184,58,-22,12280.44259,2,/Users/danlee/KyulAI_codex/data/datasets/DD_curated_csv_v1/Case3/csv_load/force_disp_Test_184.csv
Case3_type3_force_disp_Test_185.csv,Case3,Test_185,-4,7,5713.536491,3,/Users/danlee/KyulAI_codex/data/datasets/DD_curated_csv_v1/Case3/csv_load/force_disp_Test_185.csv
Case3_type1_force_disp_Test_186.csv,Case3,Test_186,61,-55,13104.56036,1,/Users/danlee/KyulAI_codex/data/datasets/DD_curated_csv_v1/Case3/csv_load/force_disp_Test_186.csv
Case3_type2_force_disp_Test_187.csv,Case3,Test_187,51,-25,12486.88626,2,/Users/danlee/KyulAI_codex/data/datasets/DD_curated_csv_v1/Case3/csv_load/force_disp_Test_187.csv
Case3_type3_force_disp_Test_188.csv,Case3,Test_188,-30,-6,8514.804394,3,/Users/danlee/KyulAI_codex/data/datasets/DD_curated_csv_v1/Case3/csv_load/force_disp_Test_188.csv
Case3_type2_force_disp_Test_189.csv,Case3,Test_189,-82,-27,12331.17859,2,/Users/danlee/KyulAI_codex/data/datasets/DD_curated_csv_v1/Case3/csv_load/force_disp_Test_189.csv
Case3_type2_force_disp_Test_190.csv,Case3,Test_190,31,-45,13357.8399,2,/Users/danlee/KyulAI_codex/data/datasets/DD_curated_csv_v1/Case3/csv_load/force_disp_Test_190.csv
Case3_type1_force_disp_Test_191.csv,Case3,Test_191,-48,-78,12252.30156,1,/Users/danlee/KyulAI_codex/data/datasets/DD_curated_csv_v1/Case3/csv_load/force_disp_Test_191.csv
Case3_type2_force_disp_Test_192.csv,Case3,Test_192,-34,65,13848.23646,2,/Users/danlee/KyulAI_codex/data/datasets/DD_curated_csv_v1/Case3/csv_load/force_disp_Test_192.csv
Case3_type1_force_disp_Test_193.csv,Case3,Test_193,41,-83,13421.63424,1,/Users/danlee/KyulAI_codex/data/datasets/DD_curated_csv_v1/Case3/csv_load/force_disp_Test_193.csv
Case3_type2_force_disp_Test_194.csv,Case3,Test_194,-29,74,13034.44332,2,/Users/danlee/KyulAI_codex/data/datasets/DD_curated_csv_v1/Case3/csv_load/force_disp_Test_194.csv
Case3_type1_force_disp_Test_195.csv,Case3,Test_195,43,37,14330.1557,1,/Users/danlee/KyulAI_codex/data/datasets/DD_curated_csv_v1/Case3/csv_load/force_disp_Test_195.csv
Case3_type1_force_disp_Test_196.csv,Case3,Test_196,-73,89,6140.252721,1,/Users/danlee/KyulAI_codex/data/datasets/DD_curated_csv_v1/Case3/csv_load/force_disp_Test_196.csv
Case3_type2_force_disp_Test_197.csv,Case3,Test_197,-41,12,10217.79844,2,/Users/danlee/KyulAI_codex/data/datasets/DD_curated_csv_v1/Case3/csv_load/force_disp_Test_197.csv
Case3_type1_force_disp_Test_198.csv,Case3,Test_198,-64,-44,14730.26155,1,/Users/danlee/KyulAI_codex/data/datasets/DD_curated_csv_v1/Case3/csv_load/force_disp_Test_198.csv
Case3_type1_force_disp_Test_199.csv,Case3,Test_199,-62,-53,13540.24406,1,/Users/danlee/KyulAI_codex/data/datasets/DD_curated_csv_v1/Case3/csv_load/force_disp_Test_199.csv
Case3_type2_force_disp_Test_200.csv,Case3,Test_200,35,82,13304.74581,2,/Users/danlee/KyulAI_codex/data/datasets/DD_curated_csv_v1/Case3/csv_load/force_disp_Test_200.csv
Case4_type2_force_disp_Test_001.csv,Case4,Test_001,11,49,11011.29611,2,/Users/danlee/KyulAI_codex/data/datasets/DD_curated_csv_v1/Case4/csv_load/force_disp_Test_001.csv
Case4_type2_force_disp_Test_002.csv,Case4,Test_002,-15,-71,11586.5646,2,/Users/danlee/KyulAI_codex/data/datasets/DD_curated_csv_v1/Case4/csv_load/force_disp_Test_002.csv
Case4_type2_force_disp_Test_003.csv,Case4,Test_003,-88,11,10716.93173,2,/Users/danlee/KyulAI_codex/data/datasets/DD_curated_csv_v1/Case4/csv_load/force_disp_Test_003.csv
Case4_type2_force_disp_Test_004.csv,Case4,Test_004,-25,-46,12312.45445,2,/Users/danlee/KyulAI_codex/data/datasets/DD_curated_csv_v1/Case4/csv_load/force_disp_Test_004.csv
Case4_type2_force_disp_Test_005.csv,Case4,Test_005,32,27,11302.03091,2,/Users/danlee/KyulAI_codex/data/datasets/DD_curated_csv_v1/Case4/csv_load/force_disp_Test_005.csv
Case4_type1_force_disp_Test_006.csv,Case4,Test_006,-76,-52,11317.84063,1,/Users/danlee/KyulAI_codex/data/datasets/DD_curated_csv_v1/Case4/csv_load/force_disp_Test_006.csv
Case4_type2_force_disp_Test_007.csv,Case4,Test_007,-66,-12,11242.22639,2,/Users/danlee/KyulAI_codex/data/datasets/DD_curated_csv_v1/Case4/csv_load/force_disp_Test_007.csv
Case4_type1_force_disp_Test_008.csv,Case4,Test_008,-43,77,13759.43945,1,/Users/danlee/KyulAI_codex/data/datasets/DD_curated_csv_v1/Case4/csv_load/force_disp_Test_008.csv
Case4_type1_force_disp_Test_009.csv,Case4,Test_009,75,40,13655.92019,1,/Users/danlee/KyulAI_codex/data/datasets/DD_curated_csv_v1/Case4/csv_load/force_disp_Test_009.csv
Case4_type1_force_disp_Test_010.csv,Case4,Test_010,-63,87,7942.928398,1,/Users/danlee/KyulAI_codex/data/datasets/DD_curated_csv_v1/Case4/csv_load/force_disp_Test_010.csv
Case4_type2_force_disp_Test_011.csv,Case4,Test_011,-72,-8,10889.54637,2,/Users/danlee/KyulAI_codex/data/datasets/DD_curated_csv_v1/Case4/csv_load/force_disp_Test_011.csv
Case4_type1_force_disp_Test_012.csv,Case4,Test_012,-84,47,11739.54037,1,/Users/danlee/KyulAI_codex/data/datasets/DD_curated_csv_v1/Case4/csv_load/force_disp_Test_012.csv
Case4_type1_force_disp_Test_013.csv,Case4,Test_013,57,48,15063.29434,1,/Users/danlee/KyulAI_codex/data/datasets/DD_curated_csv_v1/Case4/csv_load/force_disp_Test_013.csv
Case4_type1_force_disp_Test_014.csv,Case4,Test_014,54,51,13934.86844,1,/Users/danlee/KyulAI_codex/data/datasets/DD_curated_csv_v1/Case4/csv_load/force_disp_Test_014.csv
Case4_type2_force_disp_Test_015.csv,Case4,Test_015,17,33,10022.32103,2,/Users/danlee/KyulAI_codex/data/datasets/DD_curated_csv_v1/Case4/csv_load/force_disp_Test_015.csv
Case4_type1_force_disp_Test_016.csv,Case4,Test_016,52,44,15284.48414,1,/Users/danlee/KyulAI_codex/data/datasets/DD_curated_csv_v1/Case4/csv_load/force_disp_Test_016.csv
Case4_type2_force_disp_Test_017.csv,Case4,Test_017,-41,73,14021.89382,2,/Users/danlee/KyulAI_codex/data/datasets/DD_curated_csv_v1/Case4/csv_load/force_disp_Test_017.csv
Case4_type2_force_disp_Test_018.csv,Case4,Test_018,88,18,11264.07958,2,/Users/danlee/KyulAI_codex/data/datasets/DD_curated_csv_v1/Case4/csv_load/force_disp_Test_018.csv
Case4_type2_force_disp_Test_019.csv,Case4,Test_019,-28,-86,12615.59669,2,/Users/danlee/KyulAI_codex/data/datasets/DD_curated_csv_v1/Case4/csv_load/force_disp_Test_019.csv
Case4_type2_force_disp_Test_020.csv,Case4,Test_020,-15,-39,10466.5065,2,/Users/danlee/KyulAI_codex/data/datasets/DD_curated_csv_v1/Case4/csv_load/force_disp_Test_020.csv
Case4_type2_force_disp_Test_021.csv,Case4,Test_021,-2,-69,10943.26182,2,/Users/danlee/KyulAI_codex/data/datasets/DD_curated_csv_v1/Case4/csv_load/force_disp_Test_021.csv
Case4_type2_force_disp_Test_022.csv,Case4,Test_022,-19,-70,12020.36086,2,/Users/danlee/KyulAI_codex/data/datasets/DD_curated_csv_v1/Case4/csv_load/force_disp_Test_022.csv
Case4_type2_force_disp_Test_023.csv,Case4,Test_023,-49,30,13146.50342,2,/Users/danlee/KyulAI_codex/data/datasets/DD_curated_csv_v1/Case4/csv_load/force_disp_Test_023.csv
Case4_type2_force_disp_Test_024.csv,Case4,Test_024,59,-11,11249.24424,2,/Users/danlee/KyulAI_codex/data/datasets/DD_curated_csv_v1/Case4/csv_load/force_disp_Test_024.csv
Case4_type2_force_disp_Test_025.csv,Case4,Test_025,-11,53,11308.60868,2,/Users/danlee/KyulAI_codex/data/datasets/DD_curated_csv_v1/Case4/csv_load/force_disp_Test_025.csv
Case4_type1_force_disp_Test_026.csv,Case4,Test_026,-56,40,14646.84446,1,/Users/danlee/KyulAI_codex/data/datasets/DD_curated_csv_v1/Case4/csv_load/force_disp_Test_026.csv
Case4_type2_force_disp_Test_027.csv,Case4,Test_027,62,-28,13035.41946,2,/Users/danlee/KyulAI_codex/data/datasets/DD_curated_csv_v1/Case4/csv_load/force_disp_Test_027.csv
Case4_type2_force_disp_Test_028.csv,Case4,Test_028,-60,15,11527.75712,2,/Users/danlee/KyulAI_codex/data/datasets/DD_curated_csv_v1/Case4/csv_load/force_disp_Test_028.csv
Case4_type2_force_disp_Test_029.csv,Case4,Test_029,-86,4,10320.00998,2,/Users/danlee/KyulAI_codex/data/datasets/DD_curated_csv_v1/Case4/csv_load/force_disp_Test_029.csv
Case4_type2_force_disp_Test_030.csv,Case4,Test_030,-45,-21,11450.95305,2,/Users/danlee/KyulAI_codex/data/datasets/DD_curated_csv_v1/Case4/csv_load/force_disp_Test_030.csv
Case4_type1_force_disp_Test_031.csv,Case4,Test_031,39,-42,15017.87094,1,/Users/danlee/KyulAI_codex/data/datasets/DD_curated_csv_v1/Case4/csv_load/force_disp_Test_031.csv
Case4_type2_force_disp_Test_032.csv,Case4,Test_032,-68,32,13274.15475,2,/Users/danlee/KyulAI_codex/data/datasets/DD_curated_csv_v1/Case4/csv_load/force_disp_Test_032.csv
Case4_type2_force_disp_Test_033.csv,Case4,Test_033,30,-72,13140.81209,2,/Users/danlee/KyulAI_codex/data/datasets/DD_curated_csv_v1/Case4/csv_load/force_disp_Test_033.csv
Case4_type1_force_disp_Test_034.csv,Case4,Test_034,65,-56,12351.5149,1,/Users/danlee/KyulAI_codex/data/datasets/DD_curated_csv_v1/Case4/csv_load/force_disp_Test_034.csv
Case4_type1_force_disp_Test_035.csv,Case4,Test_035,62,45,14907.54539,1,/Users/danlee/KyulAI_codex/data/datasets/DD_curated_csv_v1/Case4/csv_load/force_disp_Test_035.csv
Case4_type1_force_disp_Test_036.csv,Case4,Test_036,-51,58,13739.89087,1,/Users/danlee/KyulAI_codex/data/datasets/DD_curated_csv_v1/Case4/csv_load/force_disp_Test_036.csv
Case4_type1_force_disp_Test_037.csv,Case4,Test_037,82,-75,6153.597475,1,/Users/danlee/KyulAI_codex/data/datasets/DD_curated_csv_v1/Case4/csv_load/force_disp_Test_037.csv
Case4_type1_force_disp_Test_038.csv,Case4,Test_038,-37,59,14332.66677,1,/Users/danlee/KyulAI_codex/data/datasets/DD_curated_csv_v1/Case4/csv_load/force_disp_Test_038.csv
Case4_type2_force_disp_Test_039.csv,Case4,Test_039,-35,-29,12006.89555,2,/Users/danlee/KyulAI_codex/data/datasets/DD_curated_csv_v1/Case4/csv_load/force_disp_Test_039.csv
Case4_type2_force_disp_Test_040.csv,Case4,Test_040,84,24,11960.17314,2,/Users/danlee/KyulAI_codex/data/datasets/DD_curated_csv_v1/Case4/csv_load/force_disp_Test_040.csv
Case4_type2_force_disp_Test_041.csv,Case4,Test_041,12,88,10861.87507,2,/Users/danlee/KyulAI_codex/data/datasets/DD_curated_csv_v1/Case4/csv_load/force_disp_Test_041.csv
Case4_type2_force_disp_Test_042.csv,Case4,Test_042,-80,36,13228.41871,2,/Users/danlee/KyulAI_codex/data/datasets/DD_curated_csv_v1/Case4/csv_load/force_disp_Test_042.csv
Case4_type1_force_disp_Test_043.csv,Case4,Test_043,90,52,10201.02638,1,/Users/danlee/KyulAI_codex/data/datasets/DD_curated_csv_v1/Case4/csv_load/force_disp_Test_043.csv
Case4_type2_force_disp_Test_044.csv,Case4,Test_044,-83,8,10546.26951,2,/Users/danlee/KyulAI_codex/data/datasets/DD_curated_csv_v1/Case4/csv_load/force_disp_Test_044.csv
Case4_type2_force_disp_Test_045.csv,Case4,Test_045,77,-20,11760.61029,2,/Users/danlee/KyulAI_codex/data/datasets/DD_curated_csv_v1/Case4/csv_load/force_disp_Test_045.csv
Case4_type1_force_disp_Test_046.csv,Case4,Test_046,56,-82,9733.114748,1,/Users/danlee/KyulAI_codex/data/datasets/DD_curated_csv_v1/Case4/csv_load/force_disp_Test_046.csv
Case4_type2_force_disp_Test_047.csv,Case4,Test_047,-33,64,13726.80002,2,/Users/danlee/KyulAI_codex/data/datasets/DD_curated_csv_v1/Case4/csv_load/force_disp_Test_047.csv
Case4_type3_force_disp_Test_048.csv,Case4,Test_048,-23,-2,7397.614979,3,/Users/danlee/KyulAI_codex/data/datasets/DD_curated_csv_v1/Case4/csv_load/force_disp_Test_048.csv
Case4_type2_force_disp_Test_049.csv,Case4,Test_049,4,78,10742.85342,2,/Users/danlee/KyulAI_codex/data/datasets/DD_curated_csv_v1/Case4/csv_load/force_disp_Test_049.csv
Case4_type2_force_disp_Test_050.csv,Case4,Test_050,-13,60,11609.15172,2,/Users/danlee/KyulAI_codex/data/datasets/DD_curated_csv_v1/Case4/csv_load/force_disp_Test_050.csv
Case4_type2_force_disp_Test_051.csv,Case4,Test_051,-54,22,12204.59637,2,/Users/danlee/KyulAI_codex/data/datasets/DD_curated_csv_v1/Case4/csv_load/force_disp_Test_051.csv
Case4_type3_force_disp_Test_052.csv,Case4,Test_052,14,-3,6300.990441,3,/Users/danlee/KyulAI_codex/data/datasets/DD_curated_csv_v1/Case4/csv_load/force_disp_Test_052.csv
Case4_type2_force_disp_Test_053.csv,Case4,Test_053,-67,23,12333.83127,2,/Users/danlee/KyulAI_codex/data/datasets/DD_curated_csv_v1/Case4/csv_load/force_disp_Test_053.csv
Case4_type2_force_disp_Test_054.csv,Case4,Test_054,-36,-80,13328.61709,2,/Users/danlee/KyulAI_codex/data/datasets/DD_curated_csv_v1/Case4/csv_load/force_disp_Test_054.csv
Case4_type1_force_disp_Test_055.csv,Case4,Test_055,69,-62,10398.19359,1,/Users/danlee/KyulAI_codex/data/datasets/DD_curated_csv_v1/Case4/csv_load/force_disp_Test_055.csv
Case4_type1_force_disp_Test_056.csv,Case4,Test_056,88,-61,8241.597963,1,/Users/danlee/KyulAI_codex/data/datasets/DD_curated_csv_v1/Case4/csv_load/force_disp_Test_056.csv
Case4_type1_force_disp_Test_057.csv,Case4,Test_057,-85,56,9449.000387,1,/Users/danlee/KyulAI_codex/data/datasets/DD_curated_csv_v1/Case4/csv_load/force_disp_Test_057.csv
Case4_type1_force_disp_Test_058.csv,Case4,Test_058,46,41,15105.2994,1,/Users/danlee/KyulAI_codex/data/datasets/DD_curated_csv_v1/Case4/csv_load/force_disp_Test_058.csv
Case4_type2_force_disp_Test_059.csv,Case4,Test_059,34,-32,12712.43699,2,/Users/danlee/KyulAI_codex/data/datasets/DD_curated_csv_v1/Case4/csv_load/force_disp_Test_059.csv
Case4_type3_force_disp_Test_060.csv,Case4,Test_060,11,-2,6055.654348,3,/Users/danlee/KyulAI_codex/data/datasets/DD_curated_csv_v1/Case4/csv_load/force_disp_Test_060.csv
Case4_type2_force_disp_Test_061.csv,Case4,Test_061,19,-67,12124.15839,2,/Users/danlee/KyulAI_codex/data/datasets/DD_curated_csv_v1/Case4/csv_load/force_disp_Test_061.csv
Case4_type1_force_disp_Test_062.csv,Case4,Test_062,-45,-80,12713.31288,1,/Users/danlee/KyulAI_codex/data/datasets/DD_curated_csv_v1/Case4/csv_load/force_disp_Test_062.csv
Case4_type2_force_disp_Test_063.csv,Case4,Test_063,38,69,13909.78949,2,/Users/danlee/KyulAI_codex/data/datasets/DD_curated_csv_v1/Case4/csv_load/force_disp_Test_063.csv
Case4_type2_force_disp_Test_064.csv,Case4,Test_064,-65,32,13412.90273,2,/Users/danlee/KyulAI_codex/data/datasets/DD_curated_csv_v1/Case4/csv_load/force_disp_Test_064.csv
Case4_type2_force_disp_Test_065.csv,Case4,Test_065,-32,-36,12914.89566,2,/Users/danlee/KyulAI_codex/data/datasets/DD_curated_csv_v1/Case4/csv_load/force_disp_Test_065.csv
Case4_type2_force_disp_Test_066.csv,Case4,Test_066,-17,82,11514.67403,2,/Users/danlee/KyulAI_codex/data/datasets/DD_curated_csv_v1/Case4/csv_load/force_disp_Test_066.csv
Case4_type1_force_disp_Test_067.csv,Case4,Test_067,-61,78,9127.187099,1,/Users/danlee/KyulAI_codex/data/datasets/DD_curated_csv_v1/Case4/csv_load/force_disp_Test_067.csv
Case4_type1_force_disp_Test_068.csv,Case4,Test_068,45,-66,14877.8608,1,/Users/danlee/KyulAI_codex/data/datasets/DD_curated_csv_v1/Case4/csv_load/force_disp_Test_068.csv
Case4_type2_force_disp_Test_069.csv,Case4,Test_069,33,-41,13575.10333,2,/Users/danlee/KyulAI_codex/data/datasets/DD_curated_csv_v1/Case4/csv_load/force_disp_Test_069.csv
Case4_type1_force_disp_Test_070.csv,Case4,Test_070,48,85,11390.62167,1,/Users/danlee/KyulAI_codex/data/datasets/DD_curated_csv_v1/Case4/csv_load/force_disp_Test_070.csv
Case4_type1_force_disp_Test_071.csv,Case4,Test_071,82,86,5086.42288,1,/Users/danlee/KyulAI_codex/data/datasets/DD_curated_csv_v1/Case4/csv_load/force_disp_Test_071.csv
Case4_type2_force_disp_Test_072.csv,Case4,Test_072,-21,38,11159.08577,2,/Users/danlee/KyulAI_codex/data/datasets/DD_curated_csv_v1/Case4/csv_load/force_disp_Test_072.csv
Case4_type1_force_disp_Test_073.csv,Case4,Test_073,81,-73,6540.124985,1,/Users/danlee/KyulAI_codex/data/datasets/DD_curated_csv_v1/Case4/csv_load/force_disp_Test_073.csv
Case4_type2_force_disp_Test_074.csv,Case4,Test_074,78,-23,11993.26907,2,/Users/danlee/KyulAI_codex/data/datasets/DD_curated_csv_v1/Case4/csv_load/force_disp_Test_074.csv
Case4_type2_force_disp_Test_075.csv,Case4,Test_075,26,-58,12979.68043,2,/Users/danlee/KyulAI_codex/data/datasets/DD_curated_csv_v1/Case4/csv_load/force_disp_Test_075.csv
Case4_type3_force_disp_Test_076.csv,Case4,Test_076,13,14,7040.284628,3,/Users/danlee/KyulAI_codex/data/datasets/DD_curated_csv_v1/Case4/csv_load/force_disp_Test_076.csv
Case4_type2_force_disp_Test_077.csv,Case4,Test_077,-6,51,10863.56488,2,/Users/danlee/KyulAI_codex/data/datasets/DD_curated_csv_v1/Case4/csv_load/force_disp_Test_077.csv
Case4_type1_force_disp_Test_078.csv,Case4,Test_078,73,-45,14124.55736,1,/Users/danlee/KyulAI_codex/data/datasets/DD_curated_csv_v1/Case4/csv_load/force_disp_Test_078.csv
Case4_type3_force_disp_Test_079.csv,Case4,Test_079,0,1,5357.922599,3,/Users/danlee/KyulAI_codex/data/datasets/DD_curated_csv_v1/Case4/csv_load/force_disp_Test_079.csv
Case4_type1_force_disp_Test_080.csv,Case4,Test_080,-42,-56,14957.09,1,/Users/danlee/KyulAI_codex/data/datasets/DD_curated_csv_v1/Case4/csv_load/force_disp_Test_080.csv
Case4_type2_force_disp_Test_081.csv,Case4,Test_081,-80,12,10909.0261,2,/Users/danlee/KyulAI_codex/data/datasets/DD_curated_csv_v1/Case4/csv_load/force_disp_Test_081.csv
Case4_type3_force_disp_Test_082.csv,Case4,Test_082,23,-15,8378.183673,3,/Users/danlee/KyulAI_codex/data/datasets/DD_curated_csv_v1/Case4/csv_load/force_disp_Test_082.csv
Case4_type3_force_disp_Test_083.csv,Case4,Test_083,9,25,8284.866964,3,/Users/danlee/KyulAI_codex/data/datasets/DD_curated_csv_v1/Case4/csv_load/force_disp_Test_083.csv
Case4_type2_force_disp_Test_084.csv,Case4,Test_084,-58,-24,12444.28363,2,/Users/danlee/KyulAI_codex/data/datasets/DD_curated_csv_v1/Case4/csv_load/force_disp_Test_084.csv
Case4_type2_force_disp_Test_085.csv,Case4,Test_085,-27,19,9415.990996,2,/Users/danlee/KyulAI_codex/data/datasets/DD_curated_csv_v1/Case4/csv_load/force_disp_Test_085.csv
Case4_type2_force_disp_Test_086.csv,Case4,Test_086,-44,-26,12108.86569,2,/Users/danlee/KyulAI_codex/data/datasets/DD_curated_csv_v1/Case4/csv_load/force_disp_Test_086.csv
Case4_type1_force_disp_Test_087.csv,Case4,Test_087,87,-65,7492.790068,1,/Users/danlee/KyulAI_codex/data/datasets/DD_curated_csv_v1/Case4/csv_load/force_disp_Test_087.csv
Case4_type2_force_disp_Test_088.csv,Case4,Test_088,-9,-87,10758.98879,2,/Users/danlee/KyulAI_codex/data/datasets/DD_curated_csv_v1/Case4/csv_load/force_disp_Test_088.csv
Case4_type2_force_disp_Test_089.csv,Case4,Test_089,2,55,10893.27013,2,/Users/danlee/KyulAI_codex/data/datasets/DD_curated_csv_v1/Case4/csv_load/force_disp_Test_089.csv
Case4_type1_force_disp_Test_090.csv,Case4,Test_090,40,61,14464.74929,1,/Users/danlee/KyulAI_codex/data/datasets/DD_curated_csv_v1/Case4/csv_load/force_disp_Test_090.csv
Case4_type1_force_disp_Test_091.csv,Case4,Test_091,50,-64,14101.89911,1,/Users/danlee/KyulAI_codex/data/datasets/DD_curated_csv_v1/Case4/csv_load/force_disp_Test_091.csv
Case4_type3_force_disp_Test_092.csv,Case4,Test_092,-7,20,7426.689998,3,/Users/danlee/KyulAI_codex/data/datasets/DD_curated_csv_v1/Case4/csv_load/force_disp_Test_092.csv
Case4_type2_force_disp_Test_093.csv,Case4,Test_093,85,-17,11263.51232,2,/Users/danlee/KyulAI_codex/data/datasets/DD_curated_csv_v1/Case4/csv_load/force_disp_Test_093.csv
Case4_type2_force_disp_Test_094.csv,Case4,Test_094,18,-59,12146.29776,2,/Users/danlee/KyulAI_codex/data/datasets/DD_curated_csv_v1/Case4/csv_load/force_disp_Test_094.csv
Case4_type2_force_disp_Test_095.csv,Case4,Test_095,-26,-51,12701.46391,2,/Users/danlee/KyulAI_codex/data/datasets/DD_curated_csv_v1/Case4/csv_load/force_disp_Test_095.csv
Case4_type2_force_disp_Test_096.csv,Case4,Test_096,-86,26,12134.84823,2,/Users/danlee/KyulAI_codex/data/datasets/DD_curated_csv_v1/Case4/csv_load/force_disp_Test_096.csv
Case4_type1_force_disp_Test_097.csv,Case4,Test_097,71,68,8771.276326,1,/Users/danlee/KyulAI_codex/data/datasets/DD_curated_csv_v1/Case4/csv_load/force_disp_Test_097.csv
Case4_type3_force_disp_Test_098.csv,Case4,Test_098,-1,-33,8954.076972,3,/Users/danlee/KyulAI_codex/data/datasets/DD_curated_csv_v1/Case4/csv_load/force_disp_Test_098.csv
Case4_type1_force_disp_Test_099.csv,Case4,Test_099,64,-58,12184.12067,1,/Users/danlee/KyulAI_codex/data/datasets/DD_curated_csv_v1/Case4/csv_load/force_disp_Test_099.csv
Case4_type2_force_disp_Test_100.csv,Case4,Test_100,-77,-19,11632.67616,2,/Users/danlee/KyulAI_codex/data/datasets/DD_curated_csv_v1/Case4/csv_load/force_disp_Test_100.csv
Case4_type2_force_disp_Test_101.csv,Case4,Test_101,-37,81,13438.53677,2,/Users/danlee/KyulAI_codex/data/datasets/DD_curated_csv_v1/Case4/csv_load/force_disp_Test_101.csv
Case4_type2_force_disp_Test_102.csv,Case4,Test_102,-38,46,14808.19908,2,/Users/danlee/KyulAI_codex/data/datasets/DD_curated_csv_v1/Case4/csv_load/force_disp_Test_102.csv
Case4_type2_force_disp_Test_103.csv,Case4,Test_103,-40,-10,9846.801272,2,/Users/danlee/KyulAI_codex/data/datasets/DD_curated_csv_v1/Case4/csv_load/force_disp_Test_103.csv
Case4_type2_force_disp_Test_104.csv,Case4,Test_104,-31,10,8923.713357,2,/Users/danlee/KyulAI_codex/data/datasets/DD_curated_csv_v1/Case4/csv_load/force_disp_Test_104.csv
Case4_type1_force_disp_Test_105.csv,Case4,Test_105,-65,-72,9221.092471,1,/Users/danlee/KyulAI_codex/data/datasets/DD_curated_csv_v1/Case4/csv_load/force_disp_Test_105.csv
Case4_type2_force_disp_Test_106.csv,Case4,Test_106,-10,-49,10836.69453,2,/Users/danlee/KyulAI_codex/data/datasets/DD_curated_csv_v1/Case4/csv_load/force_disp_Test_106.csv
Case4_type2_force_disp_Test_107.csv,Case4,Test_107,-53,-14,11257.31404,2,/Users/danlee/KyulAI_codex/data/datasets/DD_curated_csv_v1/Case4/csv_load/force_disp_Test_107.csv
Case4_type2_force_disp_Test_108.csv,Case4,Test_108,-12,31,9312.226794,2,/Users/danlee/KyulAI_codex/data/datasets/DD_curated_csv_v1/Case4/csv_load/force_disp_Test_108.csv
Case4_type1_force_disp_Test_109.csv,Case4,Test_109,44,-41,15345.40173,1,/Users/danlee/KyulAI_codex/data/datasets/DD_curated_csv_v1/Case4/csv_load/force_disp_Test_109.csv
Case4_type2_force_disp_Test_110.csv,Case4,Test_110,-74,-31,12920.19773,2,/Users/danlee/KyulAI_codex/data/datasets/DD_curated_csv_v1/Case4/csv_load/force_disp_Test_110.csv
Case4_type2_force_disp_Test_111.csv,Case4,Test_111,31,-77,13134.50467,2,/Users/danlee/KyulAI_codex/data/datasets/DD_curated_csv_v1/Case4/csv_load/force_disp_Test_111.csv
Case4_type3_force_disp_Test_112.csv,Case4,Test_112,25,2,7653.038857,3,/Users/danlee/KyulAI_codex/data/datasets/DD_curated_csv_v1/Case4/csv_load/force_disp_Test_112.csv
Case4_type2_force_disp_Test_113.csv,Case4,Test_113,57,13,11296.72312,2,/Users/danlee/KyulAI_codex/data/datasets/DD_curated_csv_v1/Case4/csv_load/force_disp_Test_113.csv
Case4_type2_force_disp_Test_114.csv,Case4,Test_114,42,-63,14715.72254,2,/Users/danlee/KyulAI_codex/data/datasets/DD_curated_csv_v1/Case4/csv_load/force_disp_Test_114.csv
Case4_type2_force_disp_Test_115.csv,Case4,Test_115,60,35,13744.01864,2,/Users/danlee/KyulAI_codex/data/datasets/DD_curated_csv_v1/Case4/csv_load/force_disp_Test_115.csv
Case4_type2_force_disp_Test_116.csv,Case4,Test_116,29,-81,12818.3843,2,/Users/danlee/KyulAI_codex/data/datasets/DD_curated_csv_v1/Case4/csv_load/force_disp_Test_116.csv
Case4_type1_force_disp_Test_117.csv,Case4,Test_117,54,80,10323.11802,1,/Users/danlee/KyulAI_codex/data/datasets/DD_curated_csv_v1/Case4/csv_load/force_disp_Test_117.csv
Case4_type2_force_disp_Test_118.csv,Case4,Test_118,83,16,11132.02141,2,/Users/danlee/KyulAI_codex/data/datasets/DD_curated_csv_v1/Case4/csv_load/force_disp_Test_118.csv
Case4_type3_force_disp_Test_119.csv,Case4,Test_119,3,27,8230.004365,3,/Users/danlee/KyulAI_codex/data/datasets/DD_curated_csv_v1/Case4/csv_load/force_disp_Test_119.csv
Case4_type2_force_disp_Test_120.csv,Case4,Test_120,10,76,11094.55379,2,/Users/danlee/KyulAI_codex/data/datasets/DD_curated_csv_v1/Case4/csv_load/force_disp_Test_120.csv
Case4_type3_force_disp_Test_121.csv,Case4,Test_121,-6,-20,7286.984195,3,/Users/danlee/KyulAI_codex/data/datasets/DD_curated_csv_v1/Case4/csv_load/force_disp_Test_121.csv
Case4_type2_force_disp_Test_122.csv,Case4,Test_122,-76,-7,10747.27756,2,/Users/danlee/KyulAI_codex/data/datasets/DD_curated_csv_v1/Case4/csv_load/force_disp_Test_122.csv
Case4_type3_force_disp_Test_123.csv,Case4,Test_123,-24,0,7450.234805,3,/Users/danlee/KyulAI_codex/data/datasets/DD_curated_csv_v1/Case4/csv_load/force_disp_Test_123.csv
Case4_type1_force_disp_Test_124.csv,Case4,Test_124,86,43,12643.77268,1,/Users/danlee/KyulAI_codex/data/datasets/DD_curated_csv_v1/Case4/csv_load/force_disp_Test_124.csv
Case4_type2_force_disp_Test_125.csv,Case4,Test_125,15,-39,10459.23921,2,/Users/danlee/KyulAI_codex/data/datasets/DD_curated_csv_v1/Case4/csv_load/force_disp_Test_125.csv
Case4_type1_force_disp_Test_126.csv,Case4,Test_126,-78,64,8471.298922,1,/Users/danlee/KyulAI_codex/data/datasets/DD_curated_csv_v1/Case4/csv_load/force_disp_Test_126.csv
Case4_type2_force_disp_Test_127.csv,Case4,Test_127,-22,-34,10831.47952,2,/Users/danlee/KyulAI_codex/data/datasets/DD_curated_csv_v1/Case4/csv_load/force_disp_Test_127.csv
Case4_type1_force_disp_Test_128.csv,Case4,Test_128,67,-77,8128.156521,1,/Users/danlee/KyulAI_codex/data/datasets/DD_curated_csv_v1/Case4/csv_load/force_disp_Test_128.csv
Case4_type2_force_disp_Test_129.csv,Case4,Test_129,53,17,11547.17099,2,/Users/danlee/KyulAI_codex/data/datasets/DD_curated_csv_v1/Case4/csv_load/force_disp_Test_129.csv
Case4_type2_force_disp_Test_130.csv,Case4,Test_130,5,84,10574.44057,2,/Users/danlee/KyulAI_codex/data/datasets/DD_curated_csv_v1/Case4/csv_load/force_disp_Test_130.csv
Case4_type1_force_disp_Test_131.csv,Case4,Test_131,-89,71,6366.620435,1,/Users/danlee/KyulAI_codex/data/datasets/DD_curated_csv_v1/Case4/csv_load/force_disp_Test_131.csv
Case4_type1_force_disp_Test_132.csv,Case4,Test_132,51,58,13543.78767,1,/Users/danlee/KyulAI_codex/data/datasets/DD_curated_csv_v1/Case4/csv_load/force_disp_Test_132.csv
Case4_type1_force_disp_Test_133.csv,Case4,Test_133,-72,-54,11394.9149,1,/Users/danlee/KyulAI_codex/data/datasets/DD_curated_csv_v1/Case4/csv_load/force_disp_Test_133.csv
Case4_type2_force_disp_Test_134.csv,Case4,Test_134,-18,71,11921.4773,2,/Users/danlee/KyulAI_codex/data/datasets/DD_curated_csv_v1/Case4/csv_load/force_disp_Test_134.csv
Case4_type2_force_disp_Test_135.csv,Case4,Test_135,75,-31,12937.51909,2,/Users/danlee/KyulAI_codex/data/datasets/DD_curated_csv_v1/Case4/csv_load/force_disp_Test_135.csv
Case4_type2_force_disp_Test_136.csv,Case4,Test_136,-50,-9,10692.52092,2,/Users/danlee/KyulAI_codex/data/datasets/DD_curated_csv_v1/Case4/csv_load/force_disp_Test_136.csv
Case4_type2_force_disp_Test_137.csv,Case4,Test_137,-19,70,12129.52678,2,/Users/danlee/KyulAI_codex/data/datasets/DD_curated_csv_v1/Case4/csv_load/force_disp_Test_137.csv
Case4_type2_force_disp_Test_138.csv,Case4,Test_138,37,34,13216.0732,2,/Users/danlee/KyulAI_codex/data/datasets/DD_curated_csv_v1/Case4/csv_load/force_disp_Test_138.csv
Case4_type1_force_disp_Test_139.csv,Case4,Test_139,48,-47,14922.4216,1,/Users/danlee/KyulAI_codex/data/datasets/DD_curated_csv_v1/Case4/csv_load/force_disp_Test_139.csv
Case4_type3_force_disp_Test_140.csv,Case4,Test_140,-3,-6,5511.083804,3,/Users/danlee/KyulAI_codex/data/datasets/DD_curated_csv_v1/Case4/csv_load/force_disp_Test_140.csv
Case4_type2_force_disp_Test_141.csv,Case4,Test_141,72,-18,11683.40454,2,/Users/danlee/KyulAI_codex/data/datasets/DD_curated_csv_v1/Case4/csv_load/force_disp_Test_141.csv
Case4_type3_force_disp_Test_142.csv,Case4,Test_142,20,-1,7019.251631,3,/Users/danlee/KyulAI_codex/data/datasets/DD_curated_csv_v1/Case4/csv_load/force_disp_Test_142.csv
Case4_type3_force_disp_Test_143.csv,Case4,Test_143,8,9,5994.643176,3,/Users/danlee/KyulAI_codex/data/datasets/DD_curated_csv_v1/Case4/csv_load/force_disp_Test_143.csv
Case4_type2_force_disp_Test_144.csv,Case4,Test_144,27,-85,12537.96374,2,/Users/danlee/KyulAI_codex/data/datasets/DD_curated_csv_v1/Case4/csv_load/force_disp_Test_144.csv
Case4_type2_force_disp_Test_145.csv,Case4,Test_145,-30,67,13324.05855,2,/Users/danlee/KyulAI_codex/data/datasets/DD_curated_csv_v1/Case4/csv_load/force_disp_Test_145.csv
Case4_type2_force_disp_Test_146.csv,Case4,Test_146,-11,38,10037.70465,2,/Users/danlee/KyulAI_codex/data/datasets/DD_curated_csv_v1/Case4/csv_load/force_disp_Test_146.csv
Case4_type1_force_disp_Test_147.csv,Case4,Test_147,-69,-49,12964.2853,1,/Users/danlee/KyulAI_codex/data/datasets/DD_curated_csv_v1/Case4/csv_load/force_disp_Test_147.csv
Case4_type2_force_disp_Test_148.csv,Case4,Test_148,41,-14,10413.37846,2,/Users/danlee/KyulAI_codex/data/datasets/DD_curated_csv_v1/Case4/csv_load/force_disp_Test_148.csv
Case4_type2_force_disp_Test_149.csv,Case4,Test_149,22,-68,12470.11806,2,/Users/danlee/KyulAI_codex/data/datasets/DD_curated_csv_v1/Case4/csv_load/force_disp_Test_149.csv
Case4_type2_force_disp_Test_150.csv,Case4,Test_150,5,-35,9229.305967,2,/Users/danlee/KyulAI_codex/data/datasets/DD_curated_csv_v1/Case4/csv_load/force_disp_Test_150.csv
Case4_type2_force_disp_Test_151.csv,Case4,Test_151,-53,6,10766.09872,2,/Users/danlee/KyulAI_codex/data/datasets/DD_curated_csv_v1/Case4/csv_load/force_disp_Test_151.csv
Case4_type1_force_disp_Test_152.csv,Case4,Test_152,-52,62,13812.48164,1,/Users/danlee/KyulAI_codex/data/datasets/DD_curated_csv_v1/Case4/csv_load/force_disp_Test_152.csv
Case4_type1_force_disp_Test_153.csv,Case4,Test_153,-82,-88,5030.143658,1,/Users/danlee/KyulAI_codex/data/datasets/DD_curated_csv_v1/Case4/csv_load/force_disp_Test_153.csv
Case4_type2_force_disp_Test_154.csv,Case4,Test_154,24,53,12557.14198,2,/Users/danlee/KyulAI_codex/data/datasets/DD_curated_csv_v1/Case4/csv_load/force_disp_Test_154.csv
Case4_type2_force_disp_Test_155.csv,Case4,Test_155,19,48,11654.72321,2,/Users/danlee/KyulAI_codex/data/datasets/DD_curated_csv_v1/Case4/csv_load/force_disp_Test_155.csv
Case4_type1_force_disp_Test_156.csv,Case4,Test_156,74,-74,7350.553468,1,/Users/danlee/KyulAI_codex/data/datasets/DD_curated_csv_v1/Case4/csv_load/force_disp_Test_156.csv
Case4_type2_force_disp_Test_157.csv,Case4,Test_157,-59,-37,14000.23444,2,/Users/danlee/KyulAI_codex/data/datasets/DD_curated_csv_v1/Case4/csv_load/force_disp_Test_157.csv
Case4_type2_force_disp_Test_158.csv,Case4,Test_158,76,3,10607.89532,2,/Users/danlee/KyulAI_codex/data/datasets/DD_curated_csv_v1/Case4/csv_load/force_disp_Test_158.csv
Case4_type1_force_disp_Test_159.csv,Case4,Test_159,-58,75,10198.52774,1,/Users/danlee/KyulAI_codex/data/datasets/DD_curated_csv_v1/Case4/csv_load/force_disp_Test_159.csv
Case4_type3_force_disp_Test_160.csv,Case4,Test_160,27,5,7915.508758,3,/Users/danlee/KyulAI_codex/data/datasets/DD_curated_csv_v1/Case4/csv_load/force_disp_Test_160.csv
Case4_type1_force_disp_Test_161.csv,Case4,Test_161,47,-42,15470.7981,1,/Users/danlee/KyulAI_codex/data/datasets/DD_curated_csv_v1/Case4/csv_load/force_disp_Test_161.csv
Case4_type2_force_disp_Test_162.csv,Case4,Test_162,-4,55,10936.68666,2,/Users/danlee/KyulAI_codex/data/datasets/DD_curated_csv_v1/Case4/csv_load/force_disp_Test_162.csv
Case4_type1_force_disp_Test_163.csv,Case4,Test_163,-78,84,5655.055819,1,/Users/danlee/KyulAI_codex/data/datasets/DD_curated_csv_v1/Case4/csv_load/force_disp_Test_163.csv
Case4_type2_force_disp_Test_164.csv,Case4,Test_164,-8,62,11269.08987,2,/Users/danlee/KyulAI_codex/data/datasets/DD_curated_csv_v1/Case4/csv_load/force_disp_Test_164.csv
Case4_type2_force_disp_Test_165.csv,Case4,Test_165,6,-37,9598.693253,2,/Users/danlee/KyulAI_codex/data/datasets/DD_curated_csv_v1/Case4/csv_load/force_disp_Test_165.csv
Case4_type2_force_disp_Test_166.csv,Case4,Test_166,-22,23,9513.837312,2,/Users/danlee/KyulAI_codex/data/datasets/DD_curated_csv_v1/Case4/csv_load/force_disp_Test_166.csv
Case4_type1_force_disp_Test_167.csv,Case4,Test_167,-71,-50,12440.64911,1,/Users/danlee/KyulAI_codex/data/datasets/DD_curated_csv_v1/Case4/csv_load/force_disp_Test_167.csv
Case4_type2_force_disp_Test_168.csv,Case4,Test_168,-16,-87,11326.57908,2,/Users/danlee/KyulAI_codex/data/datasets/DD_curated_csv_v1/Case4/csv_load/force_disp_Test_168.csv
Case4_type1_force_disp_Test_169.csv,Case4,Test_169,-46,-76,12994.34397,1,/Users/danlee/KyulAI_codex/data/datasets/DD_curated_csv_v1/Case4/csv_load/force_disp_Test_169.csv
Case4_type3_force_disp_Test_170.csv,Case4,Test_170,1,-16,6386.517133,3,/Users/danlee/KyulAI_codex/data/datasets/DD_curated_csv_v1/Case4/csv_load/force_disp_Test_170.csv
Case4_type1_force_disp_Test_171.csv,Case4,Test_171,80,66,7777.081127,1,/Users/danlee/KyulAI_codex/data/datasets/DD_curated_csv_v1/Case4/csv_load/force_disp_Test_171.csv
Case4_type2_force_disp_Test_172.csv,Case4,Test_172,7,42,10045.56545,2,/Users/danlee/KyulAI_codex/data/datasets/DD_curated_csv_v1/Case4/csv_load/force_disp_Test_172.csv
Case4_type1_force_disp_Test_173.csv,Case4,Test_173,68,90,6932.807195,1,/Users/danlee/KyulAI_codex/data/datasets/DD_curated_csv_v1/Case4/csv_load/force_disp_Test_173.csv
Case4_type2_force_disp_Test_174.csv,Case4,Test_174,-69,28,12880.50918,2,/Users/danlee/KyulAI_codex/data/datasets/DD_curated_csv_v1/Case4/csv_load/force_disp_Test_174.csv
Case4_type2_force_disp_Test_175.csv,Case4,Test_175,66,18,11723.84177,2,/Users/danlee/KyulAI_codex/data/datasets/DD_curated_csv_v1/Case4/csv_load/force_disp_Test_175.csv
Case4_type2_force_disp_Test_176.csv,Case4,Test_176,-56,-10,11063.31069,2,/Users/danlee/KyulAI_codex/data/datasets/DD_curated_csv_v1/Case4/csv_load/force_disp_Test_176.csv
Case4_type2_force_disp_Test_177.csv,Case4,Test_177,65,-4,10808.61302,2,/Users/danlee/KyulAI_codex/data/datasets/DD_curated_csv_v1/Case4/csv_load/force_disp_Test_177.csv
Case4_type1_force_disp_Test_178.csv,Case4,Test_178,79,72,6871.073988,1,/Users/danlee/KyulAI_codex/data/datasets/DD_curated_csv_v1/Case4/csv_load/force_disp_Test_178.csv
Case4_type2_force_disp_Test_179.csv,Case4,Test_179,36,-84,13329.64517,2,/Users/danlee/KyulAI_codex/data/datasets/DD_curated_csv_v1/Case4/csv_load/force_disp_Test_179.csv
Case4_type2_force_disp_Test_180.csv,Case4,Test_180,22,-27,10233.43773,2,/Users/danlee/KyulAI_codex/data/datasets/DD_curated_csv_v1/Case4/csv_load/force_disp_Test_180.csv
Case4_type2_force_disp_Test_181.csv,Case4,Test_181,-47,5,10282.29362,2,/Users/danlee/KyulAI_codex/data/datasets/DD_curated_csv_v1/Case4/csv_load/force_disp_Test_181.csv
Case4_type2_force_disp_Test_182.csv,Case4,Test_182,16,-60,11856.20946,2,/Users/danlee/KyulAI_codex/data/datasets/DD_curated_csv_v1/Case4/csv_load/force_disp_Test_182.csv
Case4_type1_force_disp_Test_183.csv,Case4,Test_183,70,-63,10009.43025,1,/Users/danlee/KyulAI_codex/data/datasets/DD_curated_csv_v1/Case4/csv_load/force_disp_Test_183.csv
Case4_type2_force_disp_Test_184.csv,Case4,Test_184,58,-22,12281.2809,2,/Users/danlee/KyulAI_codex/data/datasets/DD_curated_csv_v1/Case4/csv_load/force_disp_Test_184.csv
Case4_type3_force_disp_Test_185.csv,Case4,Test_185,-4,7,5713.023504,3,/Users/danlee/KyulAI_codex/data/datasets/DD_curated_csv_v1/Case4/csv_load/force_disp_Test_185.csv
Case4_type1_force_disp_Test_186.csv,Case4,Test_186,61,-55,13106.41914,1,/Users/danlee/KyulAI_codex/data/datasets/DD_curated_csv_v1/Case4/csv_load/force_disp_Test_186.csv
Case4_type2_force_disp_Test_187.csv,Case4,Test_187,51,-25,12479.80823,2,/Users/danlee/KyulAI_codex/data/datasets/DD_curated_csv_v1/Case4/csv_load/force_disp_Test_187.csv
Case4_type3_force_disp_Test_188.csv,Case4,Test_188,-30,-6,8511.437688,3,/Users/danlee/KyulAI_codex/data/datasets/DD_curated_csv_v1/Case4/csv_load/force_disp_Test_188.csv
Case4_type2_force_disp_Test_189.csv,Case4,Test_189,-82,-27,12329.47443,2,/Users/danlee/KyulAI_codex/data/datasets/DD_curated_csv_v1/Case4/csv_load/force_disp_Test_189.csv
Case4_type2_force_disp_Test_190.csv,Case4,Test_190,31,-45,13356.43008,2,/Users/danlee/KyulAI_codex/data/datasets/DD_curated_csv_v1/Case4/csv_load/force_disp_Test_190.csv
Case4_type1_force_disp_Test_191.csv,Case4,Test_191,-48,-78,12128.39823,1,/Users/danlee/KyulAI_codex/data/datasets/DD_curated_csv_v1/Case4/csv_load/force_disp_Test_191.csv
Case4_type2_force_disp_Test_192.csv,Case4,Test_192,-34,65,13788.62957,2,/Users/danlee/KyulAI_codex/data/datasets/DD_curated_csv_v1/Case4/csv_load/force_disp_Test_192.csv
Case4_type1_force_disp_Test_193.csv,Case4,Test_193,41,-83,13329.54384,1,/Users/danlee/KyulAI_codex/data/datasets/DD_curated_csv_v1/Case4/csv_load/force_disp_Test_193.csv
Case4_type2_force_disp_Test_194.csv,Case4,Test_194,-29,74,13037.61779,2,/Users/danlee/KyulAI_codex/data/datasets/DD_curated_csv_v1/Case4/csv_load/force_disp_Test_194.csv
Case4_type1_force_disp_Test_195.csv,Case4,Test_195,43,37,14179.72078,1,/Users/danlee/KyulAI_codex/data/datasets/DD_curated_csv_v1/Case4/csv_load/force_disp_Test_195.csv
Case4_type1_force_disp_Test_196.csv,Case4,Test_196,-73,89,6124.676298,1,/Users/danlee/KyulAI_codex/data/datasets/DD_curated_csv_v1/Case4/csv_load/force_disp_Test_196.csv
Case4_type2_force_disp_Test_197.csv,Case4,Test_197,-41,12,10227.50987,2,/Users/danlee/KyulAI_codex/data/datasets/DD_curated_csv_v1/Case4/csv_load/force_disp_Test_197.csv
Case4_type1_force_disp_Test_198.csv,Case4,Test_198,-64,-44,14604.68233,1,/Users/danlee/KyulAI_codex/data/datasets/DD_curated_csv_v1/Case4/csv_load/force_disp_Test_198.csv
Case4_type1_force_disp_Test_199.csv,Case4,Test_199,-62,-53,13399.51758,1,/Users/danlee/KyulAI_codex/data/datasets/DD_curated_csv_v1/Case4/csv_load/force_disp_Test_199.csv
Case4_type2_force_disp_Test_200.csv,Case4,Test_200,35,82,13238.37791,2,/Users/danlee/KyulAI_codex/data/datasets/DD_curated_csv_v1/Case4/csv_load/force_disp_Test_200.csv