filename,test_id,theta1,theta2,pt,case
force_disp_Test_001.csv,Test_001,65.0,19.0,7525.576895339104,Case2
force_disp_Test_002.csv,Test_002,40.0,-51.0,9876.031555208407,Case2
force_disp_Test_003.csv,Test_003,-44.0,65.0,9433.471421825043,Case2
force_disp_Test_004.csv,Test_004,49.0,48.0,10415.69076322906,Case2
force_disp_Test_005.csv,Test_005,-52.0,20.0,7818.281589636075,Case2
force_disp_Test_006.csv,Test_006,-15.0,-74.0,6875.589254158728,Case2
force_disp_Test_007.csv,Test_007,51.0,-83.0,8457.827117712022,Case2
force_disp_Test_008.csv,Test_008,86.0,9.0,6280.1689619866,Case2
force_disp_Test_009.csv,Test_009,-63.0,21.0,7785.499442875138,Case2
force_disp_Test_010.csv,Test_010,-74.0,83.0,4290.894577549593,Case2
force_disp_Test_011.csv,Test_011,-39.0,-9.0,6612.7033842657875,Case2
force_disp_Test_012.csv,Test_012,-56.0,9.0,7210.409607503131,Case2
force_disp_Test_013.csv,Test_013,61.0,33.0,8742.41771984591,Case2
force_disp_Test_014.csv,Test_014,19.0,79.0,6961.530813854964,Case2
force_disp_Test_015.csv,Test_015,35.0,60.0,8997.773506824675,Case2
force_disp_Test_016.csv,Test_016,75.0,-61.0,6870.257234788168,Case2
force_disp_Test_017.csv,Test_017,-30.0,66.0,8420.170838117543,Case2
force_disp_Test_018.csv,Test_018,-53.0,31.0,8869.432595235507,Case2
force_disp_Test_019.csv,Test_019,-79.0,29.0,7800.238583489085,Case2
force_disp_Test_020.csv,Test_020,-2.0,48.0,6919.351101139208,Case2
force_disp_Test_021.csv,Test_021,-49.0,-67.0,9504.399940379026,Case2
force_disp_Test_022.csv,Test_022,43.0,-33.0,9079.185262723697,Case2
force_disp_Test_023.csv,Test_023,62.0,-67.0,7299.010682036607,Case2
force_disp_Test_024.csv,Test_024,30.0,75.0,7938.613961782274,Case2
force_disp_Test_025.csv,Test_025,80.0,-80.0,3995.8827721375274,Case2
force_disp_Test_026.csv,Test_026,-81.0,73.0,4541.779297238318,Case2
force_disp_Test_027.csv,Test_027,54.0,-38.0,9521.795891327254,Case2
force_disp_Test_028.csv,Test_028,36.0,-31.0,8691.726691902553,Case2
force_disp_Test_029.csv,Test_029,52.0,-41.0,9948.557492059788,Case2
force_disp_Test_030.csv,Test_030,15.0,-12.0,5251.288295759243,Case2
force_disp_Test_031.csv,Test_031,-55.0,-62.0,8759.641011152311,Case2
force_disp_Test_032.csv,Test_032,-19.0,-7.0,5185.574417957559,Case2
force_disp_Test_033.csv,Test_033,-61.0,86.0,5969.546683186627,Case2
force_disp_Test_034.csv,Test_034,-43.0,-15.0,7189.9768616189285,Case2
force_disp_Test_035.csv,Test_035,70.0,81.0,4882.522053844512,Case2
force_disp_Test_036.csv,Test_036,8.0,25.0,5723.711589671404,Case2
force_disp_Test_037.csv,Test_037,-85.0,67.0,5061.708373461187,Case2
force_disp_Test_038.csv,Test_038,-56.0,52.0,9709.61305981702,Case2
force_disp_Test_039.csv,Test_039,64.0,42.0,9277.786042753532,Case2
force_disp_Test_040.csv,Test_040,-27.0,-54.0,8417.530425781799,Case2
force_disp_Test_041.csv,Test_041,-2.0,-68.0,6702.931568651364,Case2
force_disp_Test_042.csv,Test_042,84.0,51.0,8354.811920924474,Case2
force_disp_Test_043.csv,Test_043,79.0,-71.0,4939.295628493121,Case2
force_disp_Test_044.csv,Test_044,59.0,-56.0,8818.441250429847,Case2
force_disp_Test_045.csv,Test_045,-18.0,-35.0,7093.734274609654,Case2
force_disp_Test_046.csv,Test_046,-76.0,-77.0,4637.114811034692,Case2
force_disp_Test_047.csv,Test_047,42.0,27.0,8278.167950223326,Case2
force_disp_Test_048.csv,Test_048,1.0,71.0,6563.966897470223,Case2
force_disp_Test_049.csv,Test_049,-37.0,22.0,7640.59598138308,Case2
force_disp_Test_050.csv,Test_050,-16.0,44.0,7424.497940941248,Case2
force_disp_Test_051.csv,Test_051,28.0,57.0,8471.924162234927,Case2
force_disp_Test_052.csv,Test_052,-79.0,34.0,8089.623952166233,Case2
force_disp_Test_053.csv,Test_053,3.0,87.0,6098.058186982147,Case2
force_disp_Test_054.csv,Test_054,-17.0,-44.0,7421.836051918207,Case2
force_disp_Test_055.csv,Test_055,44.0,-49.0,10521.145497330383,Case2
force_disp_Test_056.csv,Test_056,67.0,-19.0,7457.372539385561,Case2
force_disp_Test_057.csv,Test_057,2.0,74.0,6405.916171308049,Case2
force_disp_Test_058.csv,Test_058,82.0,19.0,6865.43639489073,Case2
force_disp_Test_059.csv,Test_059,14.0,3.0,4717.642775501623,Case2
force_disp_Test_060.csv,Test_060,44.0,-84.0,8476.139210330086,Case2
force_disp_Test_061.csv,Test_061,0.0,-52.0,6982.430546621292,Case2
force_disp_Test_062.csv,Test_062,33.0,26.0,7825.111980807199,Case2
force_disp_Test_063.csv,Test_063,-75.0,38.0,8563.390357104494,Case2
force_disp_Test_064.csv,Test_064,-20.0,55.0,7901.54588920378,Case2
force_disp_Test_065.csv,Test_065,72.0,31.0,8147.862665178651,Case2
force_disp_Test_066.csv,Test_066,75.0,72.0,5336.381554559695,Case2
force_disp_Test_067.csv,Test_067,-83.0,68.0,5019.2438185102765,Case2
force_disp_Test_068.csv,Test_068,-26.0,-1.0,5676.006513480624,Case2
force_disp_Test_069.csv,Test_069,-36.0,57.0,9222.005104701053,Case2
force_disp_Test_070.csv,Test_070,-89.0,-51.0,8218.407374803135,Case2
force_disp_Test_071.csv,Test_071,-45.0,-29.0,8526.26837285035,Case2
force_disp_Test_072.csv,Test_072,-29.0,13.0,6424.3572839207045,Case2
force_disp_Test_073.csv,Test_073,-22.0,46.0,7883.061316988637,Case2
force_disp_Test_074.csv,Test_074,-1.0,-8.0,4451.753183748477,Case2
force_disp_Test_075.csv,Test_075,-22.0,82.0,7140.0069826958015,Case2
force_disp_Test_076.csv,Test_076,50.0,5.0,6882.051461065925,Case2
force_disp_Test_077.csv,Test_077,-64.0,20.0,7734.016319599558,Case2
force_disp_Test_078.csv,Test_078,29.0,-79.0,7801.410685951278,Case2
force_disp_Test_079.csv,Test_079,-67.0,39.0,9031.897191912816,Case2
force_disp_Test_080.csv,Test_080,-53.0,-64.0,10022.690442720746,Case2
force_disp_Test_081.csv,Test_081,-38.0,-72.0,8623.329098569639,Case2
force_disp_Test_082.csv,Test_082,85.0,48.0,8541.133070617376,Case2
force_disp_Test_083.csv,Test_083,-12.0,85.0,6469.676495298109,Case2
force_disp_Test_084.csv,Test_084,77.0,-48.0,8873.14242246668,Case2
force_disp_Test_085.csv,Test_085,45.0,75.0,8820.673524178555,Case2
force_disp_Test_086.csv,Test_086,-41.0,-54.0,9783.43413189393,Case2
force_disp_Test_087.csv,Test_087,-38.0,89.0,8148.1670531146465,Case2
force_disp_Test_088.csv,Test_088,23.0,33.0,7460.41728258192,Case2
force_disp_Test_089.csv,Test_089,18.0,-35.0,7102.865823575253,Case2
force_disp_Test_090.csv,Test_090,-65.0,24.0,7973.467306102667,Case2
force_disp_Test_091.csv,Test_091,11.0,36.0,6623.763100136949,Case2
force_disp_Test_092.csv,Test_092,-38.0,-40.0,9705.169197923227,Case2
force_disp_Test_093.csv,Test_093,-70.0,-78.0,5141.092540072209,Case2
force_disp_Test_094.csv,Test_094,73.0,-55.0,8484.175148496359,Case2
force_disp_Test_095.csv,Test_095,68.0,-30.0,8254.737719482788,Case2
force_disp_Test_096.csv,Test_096,84.0,-52.0,8136.571470146959,Case2
force_disp_Test_097.csv,Test_097,-46.0,-23.0,7986.643707302327,Case2
force_disp_Test_098.csv,Test_098,-1.0,36.0,6404.958483913311,Case2
force_disp_Test_099.csv,Test_099,90.0,40.0,8215.773863954897,Case2
force_disp_Test_100.csv,Test_100,69.0,62.0,7081.632605192604,Case2
force_disp_Test_101.csv,Test_101,48.0,15.0,7429.178405854709,Case2
force_disp_Test_102.csv,Test_102,76.0,-24.0,7455.125014670916,Case2
force_disp_Test_103.csv,Test_103,66.0,14.0,7189.015073169982,Case2
force_disp_Test_104.csv,Test_104,83.0,3.0,6095.790171109128,Case2
force_disp_Test_105.csv,Test_105,89.0,-77.0,3788.5020060740267,Case2
force_disp_Test_106.csv,Test_106,-12.0,43.0,7102.674060997715,Case2
force_disp_Test_107.csv,Test_107,69.0,8.0,6726.984665137455,Case2
force_disp_Test_108.csv,Test_108,46.0,-72.0,9080.962746517927,Case2
force_disp_Test_109.csv,Test_109,-69.0,17.0,7277.892356259281,Case2
force_disp_Test_110.csv,Test_110,-51.0,1.0,7005.36621778317,Case2
force_disp_Test_111.csv,Test_111,7.0,87.0,6103.14862576846,Case2
force_disp_Test_112.csv,Test_112,21.0,-8.0,5363.467522077733,Case2
force_disp_Test_113.csv,Test_113,35.0,-2.0,6309.8617823436425,Case2
force_disp_Test_114.csv,Test_114,-35.0,-78.0,8150.581691825827,Case2
force_disp_Test_115.csv,Test_115,22.0,74.0,7444.80656374171,Case2
force_disp_Test_116.csv,Test_116,12.0,-85.0,6472.2934192740395,Case2
force_disp_Test_117.csv,Test_117,-87.0,33.0,7842.651231101162,Case2
force_disp_Test_118.csv,Test_118,54.0,-88.0,7422.019602197723,Case2
force_disp_Test_119.csv,Test_119,31.0,-10.0,6211.292233677788,Case2
force_disp_Test_120.csv,Test_120,-58.0,-26.0,8290.154780623041,Case2
force_disp_Test_121.csv,Test_121,-50.0,14.0,7343.245294243103,Case2
force_disp_Test_122.csv,Test_122,20.0,-73.0,7275.527452847364,Case2
force_disp_Test_123.csv,Test_123,76.0,4.0,6356.380085896413,Case2
force_disp_Test_124.csv,Test_124,42.0,-66.0,9236.750113985738,Case2
force_disp_Test_125.csv,Test_125,-3.0,72.0,6528.777480626151,Case2
force_disp_Test_126.csv,Test_126,-8.0,18.0,5228.22718184735,Case2
force_disp_Test_127.csv,Test_127,-66.0,77.0,5805.745766411929,Case2
force_disp_Test_128.csv,Test_128,59.0,-70.0,7535.708159767084,Case2
force_disp_Test_129.csv,Test_129,24.0,11.0,5789.050357961961,Case2
force_disp_Test_130.csv,Test_130,-59.0,12.0,7267.683202843837,Case2
force_disp_Test_131.csv,Test_131,41.0,53.0,9827.464421406341,Case2
force_disp_Test_132.csv,Test_132,38.0,35.0,9204.975311628454,Case2
force_disp_Test_133.csv,Test_133,-21.0,37.0,7462.520355505316,Case2
force_disp_Test_134.csv,Test_134,-56.0,37.0,9360.42609771498,Case2
force_disp_Test_135.csv,Test_135,39.0,-76.0,8533.707957072267,Case2
force_disp_Test_136.csv,Test_136,8.0,-68.0,6874.297674547146,Case2
force_disp_Test_137.csv,Test_137,68.0,53.0,9661.755871863594,Case2
force_disp_Test_138.csv,Test_138,-28.0,-75.0,7785.112977325935,Case2
force_disp_Test_139.csv,Test_139,-52.0,-36.0,9303.082804276617,Case2
force_disp_Test_140.csv,Test_140,1.0,-3.0,11665.033231579439,Case2
force_disp_Test_141.csv,Test_141,79.0,49.0,8738.29844158857,Case2
force_disp_Test_142.csv,Test_142,56.0,10.0,7095.17391946656,Case2
force_disp_Test_143.csv,Test_143,39.0,-35.0,9303.816029788943,Case2
force_disp_Test_144.csv,Test_144,-86.0,-39.0,8189.143834710542,Case2
force_disp_Test_145.csv,Test_145,29.0,32.0,8217.944877826529,Case2
force_disp_Test_146.csv,Test_146,-41.0,-28.0,8352.300343441795,Case2
force_disp_Test_147.csv,Test_147,47.0,23.0,7997.19028647722,Case2
force_disp_Test_148.csv,Test_148,46.0,-62.0,9753.191144833758,Case2
force_disp_Test_149.csv,Test_149,24.0,-59.0,8161.082343836658,Case2
force_disp_Test_150.csv,Test_150,15.0,-47.0,7450.379497600241,Case2
force_disp_Test_151.csv,Test_151,-66.0,-82.0,5353.531975981881,Case2
force_disp_Test_152.csv,Test_152,-23.0,-66.0,7795.910182133222,Case2
force_disp_Test_153.csv,Test_153,50.0,-62.0,10068.454441796988,Case2
force_disp_Test_154.csv,Test_154,-65.0,-65.0,7083.937441816275,Case2
force_disp_Test_155.csv,Test_155,11.0,-32.0,6458.449818304124,Case2
force_disp_Test_156.csv,Test_156,70.0,-86.0,4612.560869506229,Case2
force_disp_Test_157.csv,Test_157,78.0,-26.0,7607.65070451984,Case2
force_disp_Test_158.csv,Test_158,17.0,-43.0,7458.889677252563,Case2
force_disp_Test_159.csv,Test_159,-9.0,-4.0,4267.4227905239495,Case2
force_disp_Test_160.csv,Test_160,47.0,-13.0,7192.0652450744265,Case2
force_disp_Test_161.csv,Test_161,-43.0,-45.0,10438.019316713633,Case2
force_disp_Test_162.csv,Test_162,-71.0,-11.0,6776.0381295866655,Case2
force_disp_Test_163.csv,Test_163,-84.0,28.0,7568.7320612622925,Case2
force_disp_Test_164.csv,Test_164,-16.0,-5.0,5038.840964001595,Case2
force_disp_Test_165.csv,Test_165,-5.0,10.0,4615.417633628161,Case2
force_disp_Test_166.csv,Test_166,-61.0,-3.0,6830.373341292009,Case2
force_disp_Test_167.csv,Test_167,-4.0,-6.0,4483.969980956597,Case2
force_disp_Test_168.csv,Test_168,-5.0,-1.0,11588.63193082034,Case2
force_disp_Test_169.csv,Test_169,58.0,-70.0,7720.602925318218,Case2
force_disp_Test_170.csv,Test_170,-35.0,-50.0,9256.937724435724,Case2
force_disp_Test_171.csv,Test_171,-6.0,-18.0,5080.205675128413,Case2
force_disp_Test_172.csv,Test_172,-68.0,5.0,6758.995375179671,Case2
force_disp_Test_173.csv,Test_173,82.0,-55.0,7446.145385103274,Case2
force_disp_Test_174.csv,Test_174,-76.0,51.0,9016.56679739327,Case2
force_disp_Test_175.csv,Test_175,-73.0,85.0,4298.546627302681,Case2
force_disp_Test_176.csv,Test_176,-36.0,30.0,8549.282438202226,Case2
force_disp_Test_177.csv,Test_177,25.0,-81.0,7430.202124638852,Case2
force_disp_Test_178.csv,Test_178,27.0,63.0,8272.789180832258,Case2
force_disp_Test_179.csv,Test_179,73.0,-44.0,8910.85584955233,Case2
force_disp_Test_180.csv,Test_180,-14.0,88.0,6545.690092157038,Case2
force_disp_Test_181.csv,Test_181,88.0,45.0,8402.686332020308,Case2
force_disp_Test_182.csv,Test_182,-14.0,42.0,7189.420068139018,Case2
force_disp_Test_183.csv,Test_183,37.0,63.0,9003.180314314966,Case2
force_disp_Test_184.csv,Test_184,83.0,43.0,8414.410153673603,Case2
force_disp_Test_185.csv,Test_185,-18.0,49.0,7668.279566665702,Case2
force_disp_Test_186.csv,Test_186,-54.0,1.0,6946.8752878813075,Case2
force_disp_Test_187.csv,Test_187,-47.0,-37.0,9525.904863820493,Case2
force_disp_Test_188.csv,Test_188,-40.0,56.0,9672.880328985164,Case2
force_disp_Test_189.csv,Test_189,34.0,0.0,6264.147664952297,Case2
force_disp_Test_190.csv,Test_190,-80.0,40.0,8422.986907255154,Case2
force_disp_Test_191.csv,Test_191,-75.0,6.0,6431.526123776949,Case2
force_disp_Test_192.csv,Test_192,89.0,-86.0,3263.124877292651,Case2
force_disp_Test_193.csv,Test_193,48.0,41.0,10045.609013157307,Case2
force_disp_Test_194.csv,Test_194,-11.0,-16.0,5234.989173717237,Case2
force_disp_Test_195.csv,Test_195,12.0,71.0,6949.897117760036,Case2
force_disp_Test_196.csv,Test_196,-32.0,84.0,7819.318444286175,Case2
force_disp_Test_197.csv,Test_197,-80.0,-38.0,8321.619700250285,Case2
force_disp_Test_198.csv,Test_198,-82.0,-53.0,7986.8313675062445,Case2
force_disp_Test_199.csv,Test_199,-45.0,82.0,8572.063221970291,Case2
force_disp_Test_200.csv,Test_200,88.0,-42.0,8319.12630855813,Case2
force_disp_Test_201.csv,Test_201,-73.0,-27.0,7836.179024198517,Case2
force_disp_Test_202.csv,Test_202,-24.0,-76.0,7458.751996437072,Case2
force_disp_Test_203.csv,Test_203,33.0,58.0,8856.850457360058,Case2
force_disp_Test_204.csv,Test_204,27.0,-22.0,7046.353877859408,Case2
force_disp_Test_205.csv,Test_205,-58.0,-50.0,10407.867915898876,Case2
force_disp_Test_206.csv,Test_206,4.0,90.0,6075.07227135913,Case2
force_disp_Test_207.csv,Test_207,19.0,-83.0,6873.175854888429,Case2
force_disp_Test_208.csv,Test_208,-87.0,47.0,8483.835915307347,Case2
force_disp_Test_209.csv,Test_209,58.0,-69.0,7788.629157755992,Case2
force_disp_Test_210.csv,Test_210,-10.0,23.0,5817.790291600348,Case2
force_disp_Test_211.csv,Test_211,55.0,-59.0,8976.960867943873,Case2
force_disp_Test_212.csv,Test_212,-63.0,54.0,9083.72940359844,Case2
force_disp_Test_213.csv,Test_213,67.0,-42.0,9160.870649150625,Case2
force_disp_Test_214.csv,Test_214,63.0,-14.0,7289.189214645425,Case2
force_disp_Test_215.csv,Test_215,9.0,13.0,4846.3193754628155,Case2
force_disp_Test_216.csv,Test_216,-10.0,59.0,7240.504647620444,Case2
force_disp_Test_217.csv,Test_217,21.0,56.0,7852.599044131925,Case2
force_disp_Test_218.csv,Test_218,5.0,-15.0,4866.431889905723,Case2
force_disp_Test_219.csv,Test_219,-7.0,65.0,6932.209052608763,Case2
force_disp_Test_220.csv,Test_220,14.0,-23.0,5966.654995960726,Case2
force_disp_Test_221.csv,Test_221,74.0,-56.0,8067.279895111892,Case2
force_disp_Test_222.csv,Test_222,7.0,-80.0,6389.013921313859,Case2
force_disp_Test_223.csv,Test_223,-78.0,-48.0,8805.191022285495,Case2
force_disp_Test_224.csv,Test_224,-4.0,-43.0,6759.849947953747,Case2
force_disp_Test_225.csv,Test_225,2.0,-73.0,6399.36084008656,Case2
force_disp_Test_226.csv,Test_226,-42.0,80.0,8507.313256683265,Case2
force_disp_Test_227.csv,Test_227,-42.0,-6.0,6695.064652612253,Case2
force_disp_Test_228.csv,Test_228,60.0,-31.0,8667.699960630836,Case2
force_disp_Test_229.csv,Test_229,42.0,86.0,8333.647586458595,Case2
force_disp_Test_230.csv,Test_230,-44.0,-30.0,8632.72009166208,Case2
force_disp_Test_231.csv,Test_231,-69.0,24.0,7849.97411526306,Case2
force_disp_Test_232.csv,Test_232,-8.0,-27.0,5847.175897144417,Case2
force_disp_Test_233.csv,Test_233,61.0,-20.0,7758.526056016842,Case2
force_disp_Test_234.csv,Test_234,-49.0,-40.0,9902.179436097,Case2
force_disp_Test_235.csv,Test_235,-62.0,7.0,6934.52857999645,Case2
force_disp_Test_236.csv,Test_236,16.0,-57.0,7502.29953331159,Case2
force_disp_Test_237.csv,Test_237,-32.0,66.0,8548.21901016473,Case2
force_disp_Test_238.csv,Test_238,64.0,-22.0,7784.286215060927,Case2
force_disp_Test_239.csv,Test_239,30.0,17.0,6746.491261343217,Case2
force_disp_Test_240.csv,Test_240,53.0,26.0,8280.67513533609,Case2
force_disp_Test_241.csv,Test_241,13.0,6.0,4707.946590397872,Case2
force_disp_Test_242.csv,Test_242,-31.0,60.0,8665.694702331131,Case2
force_disp_Test_243.csv,Test_243,-63.0,-63.0,7524.314508676943,Case2
force_disp_Test_244.csv,Test_244,85.0,-58.0,6585.400227377033,Case2
force_disp_Test_245.csv,Test_245,-34.0,-14.0,6643.369394053985,Case2
force_disp_Test_246.csv,Test_246,60.0,61.0,8069.070996124566,Case2
force_disp_Test_247.csv,Test_247,-83.0,78.0,3910.662687847563,Case2
force_disp_Test_248.csv,Test_248,6.0,27.0,5795.185060406668,Case2
force_disp_Test_249.csv,Test_249,6.0,16.0,5013.545602392656,Case2
force_disp_Test_250.csv,Test_250,-47.0,64.0,9722.795690861292,Case2
force_disp_Test_251.csv,Test_251,-69.0,0.0,6563.6650688922755,Case2
force_disp_Test_252.csv,Test_252,-82.0,-45.0,8531.391764270313,Case2
force_disp_Test_253.csv,Test_253,56.0,-34.0,9018.917592963477,Case2
force_disp_Test_254.csv,Test_254,-75.0,-17.0,6991.139652161381,Case2
force_disp_Test_255.csv,Test_255,32.0,-60.0,8732.75541162058,Case2
force_disp_Test_256.csv,Test_256,-25.0,-11.0,5840.17981276812,Case2
force_disp_Test_257.csv,Test_257,65.0,80.0,5647.170221596212,Case2
force_disp_Test_258.csv,Test_258,54.0,-18.0,7726.9567848106535,Case2
force_disp_Test_259.csv,Test_259,-6.0,38.0,6512.083361814975,Case2
force_disp_Test_260.csv,Test_260,-50.0,68.0,9567.081432562121,Case2
force_disp_Test_261.csv,Test_261,-14.0,-28.0,6245.527504103815,Case2
force_disp_Test_262.csv,Test_262,-57.0,76.0,7559.357733009482,Case2
force_disp_Test_263.csv,Test_263,-24.0,2.0,5481.067595556632,Case2
force_disp_Test_264.csv,Test_264,87.0,-65.0,5286.590681658748,Case2
force_disp_Test_265.csv,Test_265,-25.0,-84.0,7255.995454276849,Case2
force_disp_Test_266.csv,Test_266,-26.0,-39.0,8083.301867235183,Case2
force_disp_Test_267.csv,Test_267,-33.0,-46.0,9022.182441837189,Case2
force_disp_Test_268.csv,Test_268,-59.0,29.0,8522.94973684545,Case2
force_disp_Test_269.csv,Test_269,-60.0,60.0,8248.11079952405,Case2
force_disp_Test_270.csv,Test_270,10.0,76.0,6605.918039269294,Case2
force_disp_Test_271.csv,Test_271,-30.0,50.0,8796.702087737242,Case2
force_disp_Test_272.csv,Test_272,72.0,69.0,5914.521455823994,Case2
force_disp_Test_273.csv,Test_273,81.0,62.0,6050.564696641284,Case2
force_disp_Test_274.csv,Test_274,30.0,-25.0,7630.055451403598,Case2
force_disp_Test_275.csv,Test_275,80.0,-20.0,7031.566114529592,Case2
force_disp_Test_276.csv,Test_276,-88.0,70.0,4555.85416875518,Case2
force_disp_Test_277.csv,Test_277,57.0,88.0,6700.8635065961225,Case2
force_disp_Test_278.csv,Test_278,18.0,78.0,6988.514101721468,Case2
force_disp_Test_279.csv,Test_279,-88.0,-89.0,3213.6378290081702,Case2
force_disp_Test_280.csv,Test_280,-31.0,-12.0,6442.4468317275505,Case2
force_disp_Test_281.csv,Test_281,-72.0,-17.0,7193.076276587128,Case2
force_disp_Test_282.csv,Test_282,25.0,-74.0,7663.764703293749,Case2
force_disp_Test_283.csv,Test_283,34.0,-21.0,7300.873461401293,Case2
force_disp_Test_284.csv,Test_284,16.0,16.0,11751.284820193521,Case2
force_disp_Test_285.csv,Test_285,-21.0,55.0,7924.035897102099,Case2
force_disp_Test_286.csv,Test_286,40.0,-87.0,8249.377562653859,Case2
force_disp_Test_287.csv,Test_287,-77.0,22.0,7283.929959861705,Case2
force_disp_Test_288.csv,Test_288,37.0,70.0,8665.051389555934,Case2
force_disp_Test_289.csv,Test_289,-9.0,44.0,6902.080233405273,Case2
force_disp_Test_290.csv,Test_290,20.0,-82.0,7057.992665141844,Case2
force_disp_Test_291.csv,Test_291,26.0,5.0,5776.851231913564,Case2
force_disp_Test_292.csv,Test_292,71.0,-88.0,4440.48009257036,Case2
force_disp_Test_293.csv,Test_293,-28.0,11.0,6157.102921295528,Case2
force_disp_Test_294.csv,Test_294,-71.0,-57.0,7848.935449728033,Case2
force_disp_Test_295.csv,Test_295,-84.0,-9.0,6280.833585954962,Case2
force_disp_Test_296.csv,Test_296,-48.0,82.0,8639.96047552493,Case2
force_disp_Test_297.csv,Test_297,-13.0,-4.0,4755.369332838716,Case2
force_disp_Test_298.csv,Test_298,-19.0,-23.0,6376.712946791881,Case2
force_disp_Test_299.csv,Test_299,5.0,-32.0,6167.241333249499,Case2
force_disp_Test_300.csv,Test_300,51.0,46.0,10587.348986527171,Case2
