case,test_id,theta1,theta2,pt,original_label,final_label,confidence,decision_reason,data_quality,n_points,transition_index,post_points,r2_post,nrmse_post,quad_a,abs_quad_a,slope_drift,slope_ratio,tail_r2
Case3,Test_001,11.0,49.0,11016.543141052594,2,2,high,kept_original_label,ok,1001,98,883,0.9891660338084037,0.029299288850951344,-0.3858641929669953,0.3858641929669953,0.6787663215656701,0.5175777942536403,0.9997821685360193
Case3,Test_002,-15.0,-71.0,11700.11771556933,2,2,high,kept_original_label,ok,1001,113,868,0.9913542893576271,0.026339650506633245,-0.3486786472260854,0.3486786472260854,0.5977867195745855,0.5569427352016739,0.9998163716857646
Case3,Test_003,-88.0,11.0,10710.272232443003,2,2,high,kept_original_label,ok,1001,98,883,0.9894666127410906,0.029155328827092177,-0.3871340090604689,0.3871340090604689,0.642522572473989,0.5304089620717218,0.9997654125437399
Case3,Test_004,-25.0,-46.0,12392.992157676856,2,2,high,kept_original_label,ok,1001,182,799,0.9938533056074832,0.022112250579466756,-0.2898202216454832,0.2898202216454832,0.5294220758335586,0.599665906758683,0.9998891274125655
Case3,Test_005,32.0,27.0,11379.748488316727,2,2,high,kept_original_label,ok,1001,149,832,0.9919067064311208,0.025493152170395314,-0.33707805849693556,0.33707805849693556,0.5824394711529184,0.5659725348799866,0.9998240476752611
Case3,Test_006,-76.0,-52.0,11416.528267130552,1,1,high,kept_original_label,ok,1001,512,469,0.9995032808568018,0.006400044402896457,-0.08403041124145945,0.08403041124145945,0.15439780311546517,0.8585717556539583,0.9999913153341092
Case3,Test_007,-66.0,-12.0,11246.053802734268,2,2,high,kept_original_label,ok,1001,105,876,0.990511827787788,0.02752524617123352,-0.3637267649145455,0.3637267649145455,0.6287380911519884,0.5413794301393596,0.9998028648801589
Case3,Test_008,-43.0,77.0,13800.987670551092,2,1,high,csv_post_transition_is_type1_linear; overrides_report_borderline_keep,ok,1001,395,586,0.9994557759605053,0.006825247613988276,-0.08957451852294869,0.08957451852294869,0.11797872238652982,0.8939517786917962,0.9999789726460389
Case3,Test_009,75.0,40.0,13748.83559999772,1,1,high,kept_original_label,ok,1001,347,634,0.9966498654283587,0.01641526173681151,-0.21413893934420192,0.21413893934420192,0.3909802985988869,0.6851782152018325,0.9999584610620049
Case3,Test_010,-63.0,87.0,7961.142951987136,1,1,high,kept_original_label,ok,1001,468,513,0.9994972484026559,0.006426160077420703,-0.083612370568012,0.083612370568012,0.15905612095235416,0.8551111985155566,0.9999926599757953
Case3,Test_011,-72.0,-8.0,10880.131171844438,2,2,high,kept_original_label,ok,1001,96,885,0.989393132669701,0.029131934235450137,-0.38547490754407737,0.38547490754407737,0.6562588664994286,0.5262174368578951,0.9997750201011079
Case3,Test_012,-84.0,47.0,11807.100528635878,1,1,high,kept_original_label,ok,1001,394,587,0.999213899124151,0.008063290138756103,-0.10718711534395266,0.10718711534395266,0.1825234586517176,0.834325876864612,0.9999815241235539
Case3,Test_013,57.0,48.0,15150.710403300996,1,1,high,kept_original_label,ok,1001,754,227,0.9980610628988531,0.012674771709040368,-0.16722442191450723,0.16722442191450723,0.27546119974889893,0.7616893792004211,0.9999719415082186
Case3,Test_014,54.0,51.0,14087.49224142291,1,1,high,kept_original_label,ok,1001,762,219,0.9999035781900218,0.002837942594885843,-0.03703853082936662,0.03703853082936662,0.07018532805433879,0.9325279908270453,0.9999980721340087
Case3,Test_015,17.0,33.0,10147.01460161408,2,2,high,kept_original_label,ok,1001,89,892,0.9858570943159995,0.03354539804837435,-0.44287949996835735,0.44287949996835735,0.7562505721727713,0.4778015543021288,0.9996904067083049
Case3,Test_016,52.0,44.0,15389.45105756226,1,1,high,kept_original_label,ok,1001,675,306,0.998299685596778,0.011820936978014014,-0.15511261666135878,0.15511261666135878,0.2647336559982941,0.7713125701403173,0.9999820919098864
Case3,Test_017,-41.0,73.0,14066.90839787841,2,2,high,kept_original_label,ok,1001,378,603,0.9967730809754286,0.016113642657400423,-0.20991347474938754,0.20991347474938754,0.38274779333332265,0.6908092661546715,0.9999633573636747
Case3,Test_018,88.0,18.0,11268.66466186235,2,2,high,kept_original_label,ok,1001,117,864,0.9918547281360521,0.02563715898447996,-0.3402264792832981,0.3402264792832981,0.5762624244768503,0.5671884395151978,0.9998159501920659
Case3,Test_019,-28.0,-86.0,12696.703759407956,2,2,high,kept_original_label,ok,1001,175,806,0.9948510997062163,0.020399943833634693,-0.2700795398885616,0.2700795398885616,0.470041604673317,0.6309262556569802,0.9998871489186607
Case3,Test_020,-15.0,-39.0,10465.36292676107,2,2,high,kept_original_label,ok,1001,95,886,0.9874203140316036,0.03156555749257108,-0.4158254097930211,0.4158254097930211,0.7232012555913504,0.49539716658255534,0.9997443649498952
Case3,Test_021,-2.0,-69.0,10946.161436968376,2,2,high,kept_original_label,ok,1001,91,890,0.9887258135150306,0.030013334068033623,-0.39690496940157716,0.39690496940157716,0.6757230040164506,0.5165873614232975,0.9997617964095352
Case3,Test_022,-19.0,-70.0,12126.162185527584,2,2,high,kept_original_label,ok,1001,130,851,0.9926235718821201,0.02434312853188571,-0.32213205964588765,0.32213205964588765,0.556714900859306,0.5800324936045504,0.9998429776636655
Case3,Test_023,-49.0,30.0,13141.534345512744,2,2,high,kept_original_label,ok,1001,258,723,0.9956395699387091,0.01865852313556778,-0.24336409402996867,0.24336409402996867,0.45098727040559605,0.6473880466030835,0.9999342849732089
Case3,Test_024,59.0,-11.0,11242.04177243782,2,2,high,kept_original_label,ok,1001,104,877,0.9902703432413863,0.027832872034635636,-0.36728071393432415,0.36728071393432415,0.6405319313498027,0.5360123634460056,0.9998012579036327
Case3,Test_025,-11.0,53.0,11303.278643869868,2,2,high,kept_original_label,ok,1001,102,879,0.9898608079448978,0.02837964300688215,-0.3741049598196608,0.3741049598196608,0.6564305699197491,0.5283903443503817,0.9997950783488389
Case3,Test_026,-56.0,40.0,14645.648847817518,1,1,high,kept_original_label,ok,1001,492,489,0.9975503103223508,0.014104694686184591,-0.18439013244045313,0.18439013244045313,0.32694751294134733,0.7276195378497734,0.9999743659505014
Case3,Test_027,62.0,-28.0,13035.037772851014,2,2,high,kept_original_label,ok,1001,205,776,0.9951902232877448,0.019641452290284783,-0.25826227698403575,0.25826227698403575,0.4656379476898353,0.6361862086843789,0.9999103051230909
Case3,Test_028,-60.0,15.0,11649.316191861824,2,2,high,kept_original_label,ok,1001,117,864,0.9914411339417326,0.026134616871617777,-0.3449639438590469,0.3449639438590469,0.6040008533137556,0.5552860940032354,0.9998260549175118
Case3,Test_029,-86.0,4.0,10320.775755703318,2,2,high,kept_original_label,ok,1001,89,892,0.9876193605980412,0.031597811248704366,-0.41947967657147417,0.41947967657147417,0.6874941785659066,0.5069304186013591,0.9997327517233564
Case3,Test_030,-45.0,-21.0,11546.71001447416,2,2,high,kept_original_label,ok,1001,142,839,0.9919963411853603,0.025213342986759337,-0.3314386498815245,0.3314386498815245,0.5938749526512508,0.5627789123980099,0.9998478279167364
Case3,Test_031,39.0,-42.0,15017.775006907892,1,1,high,kept_original_label,ok,1001,466,515,0.9976713830218434,0.013678847916358495,-0.17595309323994662,0.17595309323994662,0.33253005595665935,0.7261159117227314,0.9999807441006343
Case3,Test_032,-68.0,32.0,13277.32875048817,2,2,high,kept_original_label,ok,1001,238,743,0.9958049482016289,0.018354700958736096,-0.2409053780799408,0.2409053780799408,0.43671480356952314,0.6546002760240516,0.9999286393918216
Case3,Test_033,30.0,-72.0,13215.35481227484,2,2,high,kept_original_label,ok,1001,207,774,0.9955002860583075,0.019029046086433826,-0.2507086422734109,0.2507086422734109,0.44852919219318094,0.6460768778073344,0.9999140082382678
Case3,Test_034,65.0,-56.0,12354.30193153408,1,1,high,kept_original_label,ok,1001,735,246,0.999220380986026,0.007982101976427876,-0.10083706466336019,0.10083706466336019,0.19735386510536884,0.8253752854683608,0.999996436496525
Case3,Test_035,62.0,45.0,14991.902085610658,1,1,high,kept_original_label,ok,1001,610,371,0.9980389898798823,0.012688126008607801,-0.16699173666057499,0.16699173666057499,0.28271318918554783,0.7577377335788408,0.9999771211674681
Case3,Test_036,-51.0,58.0,13740.092703315842,1,1,high,kept_original_label,ok,1001,731,250,0.9999822182919443,0.0012293776159018118,-0.00498817253379829,0.00498817253379829,0.03412066526482041,1.0089149436984728,0.9999970037509
Case3,Test_037,82.0,-75.0,6153.885585728901,1,1,high,kept_original_label,ok,1001,427,554,0.9996375567962744,0.005469324055508566,-0.07181361900649647,0.07181361900649647,0.13283388408678817,0.8768818366352211,0.999993247118668
Case3,Test_038,-37.0,59.0,14336.838329497168,1,1,high,kept_original_label,ok,1001,377,604,0.9970519293742671,0.015417639369779041,-0.20114072321234544,0.20114072321234544,0.36690054661315097,0.7009213519891002,0.9999639082462347
Case3,Test_039,-35.0,-29.0,12075.475496133024,2,2,high,kept_original_label,ok,1001,193,788,0.99373411230434,0.02240724793872346,-0.2951374872751405,0.2951374872751405,0.5228953313540408,0.6015715018575594,0.9998783372685894
Case3,Test_040,84.0,24.0,11962.435886916714,2,2,high,kept_original_label,ok,1001,146,835,0.9937257592474811,0.022490890175320556,-0.29790660205019276,0.29790660205019276,0.5155570070750842,0.6034888908985732,0.9998608354671075
Case3,Test_041,12.0,88.0,10994.108521948958,2,2,high,kept_original_label,ok,1001,100,881,0.9898259039774062,0.028687536669150943,-0.38111148256282057,0.38111148256282057,0.6297522704317582,0.5367855059265738,0.999769915318681
Case3,Test_042,-80.0,36.0,13227.695132386554,2,2,high,kept_original_label,ok,1001,263,718,0.9961362130421292,0.0176209287921765,-0.23093154112877498,0.23093154112877498,0.42035236231175716,0.665281331063989,0.9999378839052933
Case3,Test_043,90.0,52.0,10254.885168858957,1,1,high,kept_original_label,ok,1001,418,563,0.9991761830487463,0.008213564021433667,-0.10749656223297689,0.10749656223297689,0.20034185540389893,0.8213114675189691,0.999986437376483
Case3,Test_044,-83.0,8.0,10548.586958295096,2,2,high,kept_original_label,ok,1001,93,888,0.9887065897168165,0.03015545561605938,-0.40012519137837416,0.40012519137837416,0.6644726172734424,0.5194596704419177,0.9997547170784069
Case3,Test_045,77.0,-20.0,11758.374301300038,2,2,high,kept_original_label,ok,1001,129,852,0.9926360646798383,0.02433704747684265,-0.32229219500280853,0.32229219500280853,0.5551532748593253,0.5804911013284617,0.999840845662675
Case3,Test_046,56.0,-82.0,9755.358691862666,1,1,high,kept_original_label,ok,1001,474,507,0.99939252385458,0.007055484688704171,-0.09163495538867476,0.09163495538867476,0.17549133438433176,0.8416822379228233,0.9999913266101729
Case3,Test_047,-33.0,64.0,13728.306127293166,2,2,high,kept_original_label,ok,1001,267,714,0.9962341519657512,0.01739485625405971,-0.22789778147294062,0.22789778147294062,0.4161509080192859,0.6680028941942792,0.9999394533396732
Case3,Test_048,-23.0,-2.0,7396.39157644774,3,3,high,kept_original_label,ok,1001,40,941,0.969258226344114,0.04886988687539274,-0.6419069778994914,0.6419069778994914,1.1346184218765825,0.3266991107543858,0.9986896751120117
Case3,Test_049,4.0,78.0,10746.049573200313,2,2,high,kept_original_label,ok,1001,90,891,0.9882599629796309,0.03072143942925299,-0.40728936492205864,0.40728936492205864,0.6775621047694145,0.5133769007068548,0.9997473736491014
Case3,Test_050,-13.0,60.0,11613.947845338616,2,2,high,kept_original_label,ok,1001,109,872,0.9909013482635091,0.026939246750091652,-0.35568620295323083,0.35568620295323083,0.6198633794055514,0.546597339882106,0.99981298095201
Case3,Test_051,-54.0,22.0,12202.188260490584,2,2,high,kept_original_label,ok,1001,155,826,0.9934068665763733,0.022928435283770813,-0.30163045742204536,0.30163045742204536,0.5418904762865007,0.5911824862962747,0.9998710032720606
Case3,Test_052,14.0,-3.0,6306.638379958847,3,3,high,kept_original_label,ok,1001,29,952,0.9587169986737248,0.0565832822304524,-0.7442478328131773,0.7442478328131773,1.3400648342059096,0.2558316194776526,0.9963667963147581
Case3,Test_053,-67.0,23.0,12333.052393041338,2,2,high,kept_original_label,ok,1001,153,828,0.9937495495734268,0.022386202714510323,-0.29548191459983764,0.29548191459983764,0.521838938902776,0.6013309522705071,0.9998736111561094
Case3,Test_054,-36.0,-80.0,13387.540110270374,2,2,high,kept_original_label,ok,1001,263,718,0.9961887043028547,0.01750600366520922,-0.229537820810756,0.229537820810756,0.41740370631002405,0.6670178579500275,0.9999375253768296
Case3,Test_055,69.0,-62.0,10398.020742396053,1,1,high,kept_original_label,ok,1001,682,299,0.9994546879145846,0.006696699781457326,-0.08600464967966427,0.08600464967966427,0.16283040061210582,0.8524772834490688,0.9999962822137262
Case3,Test_056,88.0,-61.0,8280.197979324925,1,1,high,kept_original_label,ok,1001,468,513,0.9992652624996362,0.007748647771782667,-0.1002021508111263,0.1002021508111263,0.1925465474403715,0.8282368480669338,0.9999914773032317
Case3,Test_057,-85.0,56.0,9493.644210179262,1,1,high,kept_original_label,ok,1001,461,520,0.9992420613371055,0.007872888479192226,-0.10219804119423878,0.10219804119423878,0.19440427926195014,0.8266454775136243,0.9999899694688552
Case3,Test_058,46.0,41.0,15249.062926910205,1,1,high,kept_original_label,ok,1001,570,411,0.9980081233500873,0.012718763468208076,-0.1651557085337546,0.1651557085337546,0.2966904047146945,0.7497420563862289,0.9999840885474972
Case3,Test_059,34.0,-32.0,12712.566537494591,2,2,high,kept_original_label,ok,1001,224,757,0.9949678796674537,0.020120953063340163,-0.2649395731249489,0.2649395731249489,0.47036081796046086,0.6328261093160247,0.9999034221926164
Case3,Test_060,11.0,-2.0,6059.582829422652,3,3,high,kept_original_label,ok,1001,28,953,0.9547943294111232,0.059429288828579944,-0.782487597842097,0.782487597842097,1.41564117204651,0.23024559319372917,0.9922941751907928
Case3,Test_061,19.0,-67.0,12225.485737862811,2,2,high,kept_original_label,ok,1001,132,849,0.9927572518459623,0.02410758473375674,-0.31878095204902285,0.31878095204902285,0.5546463311375432,0.581618299409925,0.9998488498666648
Case3,Test_062,-45.0,-80.0,12860.83607398302,1,1,high,kept_original_label,ok,1001,399,582,0.9993527047607842,0.007353676803271049,-0.09826229126392325,0.09826229126392325,0.15322677877127633,0.8578408725212563,0.9999807777927674
Case3,Test_063,38.0,69.0,14003.82102632539,2,2,high,kept_original_label,ok,1001,335,646,0.9967229940109805,0.01624199161267588,-0.21212150682362227,0.21212150682362227,0.3857992900968535,0.68829914812118,0.9999570188201271
Case3,Test_064,-65.0,32.0,13414.893230364938,2,2,high,kept_original_label,ok,1001,248,733,0.995930792836537,0.018078714223623234,-0.23712961493529985,0.23712961493529985,0.4307199248574045,0.6585270225613754,0.9999321934519927
Case3,Test_065,-32.0,-36.0,13023.788309883545,2,2,high,kept_original_label,ok,1001,244,737,0.9953462754506404,0.019330581969457486,-0.2537423781620336,0.2537423781620336,0.4564396949056077,0.6423345544947917,0.9999183693136313
Case3,Test_066,-17.0,82.0,11521.58851811688,2,2,high,kept_original_label,ok,1001,115,866,0.9916420893667413,0.025972429775648738,-0.3446724883448869,0.3446724883448869,0.58132984411825,0.5643385105825173,0.9998117533100652
Case3,Test_067,-61.0,78.0,9145.109172394968,1,1,high,kept_original_label,ok,1001,538,443,0.9995163612070279,0.006301800656061091,-0.08144993760402756,0.08144993760402756,0.1570470621610495,0.8570180952412021,0.9999942904689951
Case3,Test_068,45.0,-66.0,14878.35577045945,1,1,high,kept_original_label,ok,1001,557,424,0.9975979411068397,0.013993298880028739,-0.18332855301095954,0.18332855301095954,0.31787766443132487,0.7334856578166858,0.9999764213178319
Case3,Test_069,33.0,-41.0,13575.420872443789,2,2,high,kept_original_label,ok,1001,308,673,0.996092425486923,0.017668377626078216,-0.2296922407277983,0.2296922407277983,0.42687482275927763,0.6630329296431253,0.9999496011465296
Case3,Test_070,48.0,85.0,11487.97281164406,1,1,high,kept_original_label,ok,1001,392,589,0.9992769410070897,0.007730711262086727,-0.10268754573549262,0.10268754573549262,0.17710220889509967,0.8388838367903761,0.9999829408424473
Case3,Test_071,82.0,86.0,5101.552347275622,1,1,high,kept_original_label,ok,1001,353,628,0.9997489924932739,0.004565569589305116,-0.06070480565573259,0.06070480565573259,0.10547136934790623,0.9003303853324545,0.9999931139345964
Case3,Test_072,-21.0,38.0,11165.296616337586,2,2,high,kept_original_label,ok,1001,127,854,0.9905001476967606,0.027510850428820115,-0.36271950848710793,0.36271950848710793,0.6342334089060748,0.5397888995481729,0.9998106587455018
Case3,Test_073,81.0,-73.0,6539.667540500992,1,1,high,kept_original_label,ok,1001,451,530,0.9995969446073718,0.005762436413010775,-0.07533609960272244,0.07533609960272244,0.14088984287729872,0.8702483851682767,0.9999932908185956
Case3,Test_074,78.0,-23.0,11993.206131187177,2,2,high,kept_original_label,ok,1001,143,838,0.9934600536575364,0.02293795550399485,-0.3035664605280221,0.3035664605280221,0.5275485281850313,0.5967395118789943,0.99986005018821
Case3,Test_075,26.0,-58.0,12987.55078271545,2,2,high,kept_original_label,ok,1001,189,792,0.994837468040845,0.020325451197466524,-0.26721062344013624,0.26721062344013624,0.48395605091422406,0.6251423160871703,0.9999008917354326
Case3,Test_076,13.0,14.0,7038.776703174241,3,3,high,kept_original_label,ok,1001,35,946,0.966164139402829,0.05137618717771819,-0.6763843604166346,0.6763843604166346,1.19872949914846,0.30116499762560867,0.997937725772533
Case3,Test_077,-6.0,51.0,10850.911947985682,2,2,high,kept_original_label,ok,1001,90,891,0.9883139750749288,0.03041727818804845,-0.40063721529961016,0.40063721529961016,0.7014470297158752,0.5061724283004689,0.9997616794283272
Case3,Test_078,73.0,-45.0,14002.885581507757,2,2,needs_review,csv_tail_insufficient; kept_original_label,short_curve_but_usable,514,471,33,0.9913838528628668,0.02132495420265217,-0.3063573900560244,0.3063573900560244,nan,nan,nan
Case3,Test_079,0.0,1.0,5357.999595094151,3,3,high,kept_original_label,ok,1006,23,963,0.9433432855759687,0.06739739956715458,-0.8635152697737632,0.8635152697737632,1.6502682536640132,0.15180589101568476,0.9383287713351921
Case3,Test_080,-42.0,-56.0,15077.2102817765,1,1,high,kept_original_label,ok,1001,567,414,0.9979196000529311,0.013031068259366462,-0.17067374199925417,0.17067374199925417,0.2981185244535098,0.74751310837739,0.9999785871051642
Case3,Test_081,-80.0,12.0,10902.263860426216,2,2,high,kept_original_label,ok,1001,101,880,0.9900626196390577,0.028271027303951986,-0.37486866943915664,0.37486866943915664,0.6310040618739482,0.5379755317356061,0.9997822219806807
Case3,Test_082,23.0,-15.0,8380.744453015248,3,3,high,kept_original_label,ok,1001,53,928,0.9764186364050549,0.04305833715411566,-0.5672349627886328,0.5672349627886328,0.9797417644752997,0.38210192157900547,0.9992613799022456
Case3,Test_083,9.0,25.0,8284.221624213846,3,3,high,kept_original_label,ok,1001,47,934,0.9738098713226484,0.04529329699477218,-0.5957638921121874,0.5957638921121874,1.035193157749688,0.36195753377967166,0.9991309217098515
Case3,Test_084,-58.0,-24.0,12524.514059929294,2,2,high,kept_original_label,ok,1001,169,812,0.9940674874723152,0.021775827896783076,-0.28656756317272664,0.28656756317272664,0.5149819519355952,0.6065048235154218,0.99988453565166
Case3,Test_085,-27.0,19.0,9417.827713562066,3,2,high,report_change_supported_by_csv_moderate_curvature,ok,1001,76,905,0.983158705395018,0.03657937280154544,-0.48314779872276914,0.48314779872276914,0.8216186793362582,0.44724017350714346,0.9995872624856771
Case3,Test_086,-44.0,-26.0,12245.577979362271,2,2,high,kept_original_label,ok,1001,193,788,0.9939351055696024,0.021976465398317047,-0.28804169572310456,0.28804169572310456,0.5237268424618545,0.602963262334476,0.999893751711474
Case3,Test_087,87.0,-65.0,7509.668375845864,1,1,high,kept_original_label,ok,1001,467,514,0.9993557899654892,0.007261111269918771,-0.09396777241377076,0.09396777241377076,0.18056535831257708,0.8377893725497867,0.999992341393939
Case3,Test_088,-9.0,-87.0,10756.026045521105,2,2,high,kept_original_label,ok,1001,94,887,0.9887599274153185,0.030148815859575243,-0.4005042460645451,0.4005042460645451,0.6574395726004233,0.5219833671024113,0.9997491344108193
Case3,Test_089,2.0,55.0,10907.10797148394,2,2,high,kept_original_label,ok,1001,89,892,0.988445768220491,0.030268343631905475,-0.398981331300098,0.398981331300098,0.695672433011967,0.5085423723629654,0.9997625115940376
Case3,Test_090,40.0,61.0,14577.36439652324,1,1,high,kept_original_label,ok,1001,445,536,0.9973623562599363,0.014616550099779373,-0.19095188141177036,0.19095188141177036,0.34088889086532875,0.7181888062309284,0.9999710364006988
Case3,Test_091,50.0,-64.0,14112.500107852631,1,1,high,kept_original_label,ok,1001,682,299,0.9996326845824226,0.005559597985615906,0.05712990583155044,0.05712990583155044,0.1398150724313152,1.1417150664075109,0.999998230775786
Case3,Test_092,-7.0,20.0,7424.514631882905,3,3,high,kept_original_label,ok,1001,38,943,0.9693334982285795,0.04900915566229567,-0.6456794966634362,0.6456794966634362,1.1369426659913082,0.32199822177678267,0.9983561665343376
Case3,Test_093,85.0,-17.0,11270.386012263669,2,2,high,kept_original_label,ok,1001,115,866,0.991536040725484,0.026131580287211544,-0.34677242141859715,0.34677242141859715,0.5854135603426981,0.5620839311331485,0.9998087537971756
Case3,Test_094,18.0,-59.0,12147.505249397967,2,2,high,kept_original_label,ok,1001,130,851,0.9924347901475795,0.02458759791983839,-0.3245020478659227,0.3245020478659227,0.5707891365837406,0.573527474456437,0.9998445270385882
Case3,Test_095,-26.0,-51.0,12850.208277886262,2,2,high,kept_original_label,ok,1001,197,784,0.9946965648233148,0.020572115325118774,-0.2697478251757786,0.2697478251757786,0.49406857431978557,0.6199918827016179,0.9999026564163879
Case3,Test_096,-86.0,26.0,12135.309987935554,2,2,high,kept_original_label,ok,1001,157,824,0.9942110048205116,0.0216000690487451,-0.2858742852958903,0.2858742852958903,0.4989281767091909,0.6135809350014911,0.9998746511652336
Case3,Test_097,71.0,68.0,8847.458678202327,1,1,high,kept_original_label,ok,1001,606,375,0.9996371907555153,0.005469367059402548,-0.07076522844130792,0.07076522844130792,0.13422425679118336,0.8762252041729361,0.9999959530508128
Case3,Test_098,-1.0,-33.0,8960.34622803767,3,3,high,kept_original_label,ok,1001,59,922,0.9789447368073506,0.04063849099251137,-0.5342089824139714,0.5342089824139714,0.9265569564907106,0.4058492047245601,0.9994741088799819
Case3,Test_099,64.0,-58.0,12185.342423087131,1,1,high,kept_original_label,ok,1001,766,215,0.9992875821835944,0.007652178849505075,-0.09764906981459262,0.09764906981459262,0.18350714584440092,0.8360542250268186,0.9999964023724565
Case3,Test_100,-77.0,-19.0,11634.73237786286,2,2,high,kept_original_label,ok,1001,125,856,0.9923248445262192,0.024846500149883006,-0.3291097937478453,0.3291097937478453,0.5648706878096277,0.5748564566109137,0.999833242121867
Case3,Test_101,-37.0,81.0,13440.259830333807,2,2,high,kept_original_label,ok,1001,275,706,0.9962630499723573,0.017325922275378575,-0.2267930432880956,0.2267930432880956,0.41433757759950496,0.6693689653950466,0.9999413591319749
Case3,Test_102,-38.0,46.0,14808.464169917032,2,2,high,kept_original_label,ok,1001,473,508,0.9974772325650744,0.014256819587316914,-0.18447911429460317,0.18447911429460317,0.34041392907318296,0.7199544540455395,0.9999783689937282
Case3,Test_103,-40.0,-10.0,9984.056261449554,2,2,high,kept_original_label,ok,1001,83,898,0.9857044405850689,0.03357778148193487,-0.44186131907139925,0.44186131907139925,0.7710645566726099,0.47335000158577345,0.9997048834384729
Case3,Test_104,-31.0,10.0,8924.951540978123,2,2,high,kept_original_label,ok,1001,63,918,0.9801029377468871,0.03955249742086985,-0.5206184014007182,0.5206184014007182,0.8996104239759318,0.41598226637583835,0.9995078767612353
Case3,Test_105,-65.0,-72.0,9300.117904394145,1,1,high,kept_original_label,ok,1001,613,368,0.9997772625241582,0.004295885910514365,-0.05602775699558027,0.05602775699558027,0.1049106211732102,0.9013289797677468,0.9999966784862165
Case3,Test_106,-10.0,-49.0,10970.028959804838,2,2,high,kept_original_label,ok,1001,96,885,0.9887680613468316,0.02982548071008073,-0.39277726144138886,0.39277726144138886,0.6897010605852076,0.5123159788761554,0.9997720656329676
Case3,Test_107,-53.0,-14.0,11260.548917996091,2,2,high,kept_original_label,ok,1001,110,871,0.9905367750206389,0.02741247407672353,-0.3611580149000538,0.3611580149000538,0.63711731620287,0.5386969978305133,0.9998098737231177
Case3,Test_108,-12.0,31.0,9314.47240294474,2,2,high,kept_original_label,ok,1001,67,914,0.9812065928068467,0.03852823604915239,-0.5076691695306421,0.5076691695306421,0.8708026632100628,0.4273516346024314,0.9995491682790995
Case3,Test_109,44.0,-41.0,15345.461329662956,1,1,high,kept_original_label,ok,1001,550,431,0.9980109313078428,0.012690099864677631,-0.16408379172213308,0.16408379172213308,0.3006399882257409,0.7474528661373985,0.9999848739509947
Case3,Test_110,-74.0,-31.0,12992.519840363311,2,2,high,kept_original_label,ok,1001,213,768,0.9954550755907784,0.019117760628673753,-0.25166986018050364,0.25166986018050364,0.4510507795684361,0.6447952125614143,0.9999154598116046
Case3,Test_111,31.0,-77.0,13134.68778201646,2,2,high,kept_original_label,ok,1001,209,772,0.9955966712466302,0.01883511074447841,-0.24829392039921755,0.24829392039921755,0.4425859184659382,0.6495838694075179,0.9999142885275956
Case3,Test_112,25.0,2.0,7655.853159340728,3,3,high,kept_original_label,ok,1001,43,938,0.9715058900921787,0.04709051123581204,-0.6186085329498179,0.6186085329498179,1.088436048408634,0.3433479396849751,0.9989435018376231
Case3,Test_113,57.0,13.0,11299.401178716862,2,2,high,kept_original_label,ok,1001,108,873,0.9906780623935058,0.02723308928040904,-0.35915436197780665,0.35915436197780665,0.6304688073232116,0.5416468270895289,0.9998114206045015
Case3,Test_114,42.0,-63.0,14718.03132788154,2,2,high,kept_original_label,ok,1001,488,493,0.9974352097334299,0.014431659900197874,-0.18878466167691438,0.18878466167691438,0.3326717240871716,0.7235776479925647,0.9999735622744561
Case3,Test_115,60.0,35.0,13845.624058506122,2,2,high,kept_original_label,ok,1001,322,659,0.9966512610194986,0.01641627087499857,-0.21452083097619878,0.21452083097619878,0.3916537044992968,0.6843576875302834,0.999953845644681
Case3,Test_116,29.0,-81.0,12819.278520448112,2,2,high,kept_original_label,ok,1001,185,796,0.9951372167147156,0.019806319722109667,-0.2617582018046755,0.2617582018046755,0.46055597469865933,0.637505008023687,0.9998980626343438
Case3,Test_117,54.0,80.0,10416.43156874245,1,1,high,kept_original_label,ok,1001,477,504,0.9994393439728705,0.006785773699731566,-0.08854258628927124,0.08854258628927124,0.16755522789028326,0.8479502212990834,0.9999910859458896
Case3,Test_118,83.0,16.0,11130.630199581588,2,2,high,kept_original_label,ok,1001,110,871,0.9912227790412663,0.026588939886112654,-0.3526977058865432,0.3526977058865432,0.5965567310317388,0.5562052470764358,0.999803805682057
Case3,Test_119,3.0,27.0,8229.635138991727,3,3,high,kept_original_label,ok,1001,47,934,0.9735993340599421,0.04541787549661346,-0.596837300407737,0.596837300407737,1.0413789098783028,0.360596855641286,0.9991456243795575
Case3,Test_120,10.0,76.0,11096.785579113532,2,2,high,kept_original_label,ok,1001,98,883,0.9897339389876768,0.02872068927191401,-0.380632094669303,0.380632094669303,0.6413313186894258,0.5326590196993399,0.999778915983836
Case3,Test_121,-6.0,-20.0,7287.165866685997,3,3,high,kept_original_label,ok,1001,37,944,0.9688067583530229,0.04941349623293007,-0.6509341738484483,0.6509341738484483,1.148194348036024,0.3180794807153883,0.9982834061510548
Case3,Test_122,-76.0,-7.0,10743.73149639326,2,2,high,kept_original_label,ok,1001,94,887,0.9889550459926291,0.029761538205686028,-0.3942196786504289,0.3942196786504289,0.6641597136906632,0.5210824137815944,0.9997644187348076
Case3,Test_123,-24.0,0.0,7458.52931859239,3,3,high,kept_original_label,ok,1001,41,940,0.9702019986571206,0.04812249895164136,-0.632032478908145,0.632032478908145,1.1155385819494168,0.3339706555483537,0.998809136773715
Case3,Test_124,86.0,43.0,12728.390696982447,1,1,high,kept_original_label,ok,1001,349,632,0.9989892981944697,0.009174246574883105,-0.12250140855513765,0.12250140855513765,0.19396837201458572,0.8239904366696287,0.9999734068237499
Case3,Test_125,15.0,-39.0,10577.876117353371,2,2,high,kept_original_label,ok,1001,97,884,0.9876024244054059,0.031351623253576044,-0.41309912485688666,0.41309912485688666,0.7183044286657198,0.49763458832535273,0.9997491747635202
Case3,Test_126,-78.0,64.0,8487.835761366545,1,1,high,kept_original_label,ok,1001,541,440,0.9993929101597736,0.007053148688844775,-0.0910066162438509,0.0910066162438509,0.17387889146249844,0.8434212037109385,0.9999938344491723
Case3,Test_127,-22.0,-34.0,10927.52628130744,2,2,high,kept_original_label,ok,1001,119,862,0.9895286033006363,0.02893388407689241,-0.38231997309642834,0.38231997309642834,0.656999375893542,0.5265099379233239,0.9997779791015836
Case3,Test_128,67.0,-77.0,8128.119187890805,1,1,high,kept_original_label,ok,1001,534,447,0.9997159400918814,0.004846659215106925,-0.06345867100909656,0.06345867100909656,0.11793618614215096,0.88982325038758,0.9999951173085921
Case3,Test_129,53.0,17.0,11654.93163557366,2,2,high,kept_original_label,ok,1001,125,856,0.99175512652857,0.025623943141697563,-0.33765706227946507,0.33765706227946507,0.597510374649304,0.5596452940677935,0.9998339346798101
Case3,Test_130,5.0,84.0,10570.530232064531,2,2,high,kept_original_label,ok,1001,89,892,0.9878639546437782,0.0313006608986574,-0.4155813447427077,0.4155813447427077,0.6807777713044054,0.5102692825611436,0.999736269439277
Case3,Test_131,-89.0,71.0,6381.471126817652,1,1,high,kept_original_label,ok,1001,430,551,0.9995228205474534,0.00626188702237565,-0.08159272786692773,0.08159272786692773,0.15444480074398828,0.8588952741283702,0.9999926681391614
Case3,Test_132,51.0,58.0,13688.27163210981,1,1,high,kept_original_label,ok,1001,728,253,0.9999826650054628,0.0012133767450811946,-0.006056882258221873,0.006056882258221873,0.03230286156651927,1.006439984106441,0.9999970335633994
Case3,Test_133,-72.0,-54.0,11493.780703489558,1,1,high,kept_original_label,ok,1001,586,395,0.9994900604045994,0.006469083374262406,-0.08338283140937137,0.08338283140937137,0.1619812191829438,0.8531067875754649,0.9999940880661319
Case3,Test_134,-18.0,71.0,11920.14639318213,2,2,high,kept_original_label,ok,1001,123,858,0.9922624676129489,0.024921747460801322,-0.3298133559968494,0.3298133559968494,0.5695159765444061,0.572785712092226,0.9998361652376162
Case3,Test_135,75.0,-31.0,12934.614385204375,2,2,high,kept_original_label,ok,1001,210,771,0.9954103515543633,0.019206780124048924,-0.25281030699688417,0.25281030699688417,0.45320511531134533,0.6434886900922668,0.9999140502469838
Case3,Test_136,-50.0,-9.0,10701.50295811096,2,2,high,kept_original_label,ok,1001,94,887,0.9886136422139181,0.030014824497242108,-0.3951894611341836,0.3951894611341836,0.694737723669296,0.5097234605192572,0.999770665618282
Case3,Test_137,-19.0,70.0,12129.003134465362,2,2,high,kept_original_label,ok,1001,130,851,0.9926671588725215,0.02427168130328806,-0.3211882793082481,0.3211882793082481,0.5551946942079617,0.5808930964134019,0.9998439524139007
Case3,Test_138,37.0,34.0,13360.216488522388,2,2,high,kept_original_label,ok,1001,289,692,0.9960859842798792,0.017718681607418744,-0.23155624791592808,0.23155624791592808,0.4230398503049549,0.6642438942576963,0.9999411209837413
Case3,Test_139,48.0,-47.0,14922.387087587367,1,1,high,kept_original_label,ok,1001,682,299,0.9998079168592653,0.003994038425067478,-0.052075231608829264,0.052075231608829264,0.09707919805569196,0.9082515802720166,0.9999972456311604
Case3,Test_140,-3.0,-6.0,5514.667866284061,3,3,medium,kept_original_label,short_curve_but_usable,978,24,935,0.9521356292429709,0.06119741723075905,-0.8042589552012275,0.8042589552012275,1.4571648483688684,0.21737056066177887,0.9903744690453512
Case3,Test_141,72.0,-18.0,11692.701402606215,2,2,high,kept_original_label,ok,1001,123,858,0.9921654914748133,0.025071686581247588,-0.33172229197106445,0.33172229197106445,0.5734840811636074,0.570702014361403,0.9998348993599129
Case3,Test_142,20.0,-1.0,7022.174635910891,3,3,high,kept_original_label,ok,1001,36,945,0.9657461549834019,0.0515518806247167,-0.6773599602093697,0.6773599602093697,1.2065416338153119,0.3014820944246844,0.9981372652280356
Case3,Test_143,8.0,9.0,5996.678372751634,3,3,high,kept_original_label,ok,1002,27,955,0.9563260643336624,0.05841237774559308,-0.7674091820282728,0.7674091820282728,1.3847661808373566,0.23982930569406968,0.9943534165646639
Case3,Test_144,27.0,-85.0,12621.114532908285,2,2,high,kept_original_label,ok,1001,168,813,0.9946896835348189,0.020718782055535224,-0.27441451852084087,0.27441451852084087,0.47654775945942135,0.6267628507515369,0.9998830764362248
Case3,Test_145,-30.0,67.0,13318.42649049605,2,2,high,kept_original_label,ok,1001,216,765,0.9955618904935664,0.018879863723350362,-0.24827509523370453,0.24827509523370453,0.44769180239191503,0.6473393362429517,0.9999176782764596
Case3,Test_146,-11.0,38.0,10044.703076693986,2,2,high,kept_original_label,ok,1001,81,900,0.9852181249005784,0.03417414511741028,-0.4499799418027462,0.4499799418027462,0.779943375769545,0.4689880782133743,0.9996883341799533
Case3,Test_147,-69.0,-49.0,13080.569430750582,1,1,high,kept_original_label,ok,1001,556,425,0.9998876549899902,0.003047358966093132,-0.03830574849310883,0.03830574849310883,0.06611280228683598,0.935775822086874,0.9999928772699146
Case3,Test_148,41.0,-14.0,10416.257006255146,2,2,high,kept_original_label,ok,1001,97,884,0.9879140206011346,0.030925680206318945,-0.4071970908659127,0.4071970908659127,0.7127341671638929,0.5008314553384693,0.9997584473678909
Case3,Test_149,22.0,-68.0,12469.600200095849,2,2,high,kept_original_label,ok,1001,147,834,0.9936025779844087,0.022666718056127563,-0.2995880116161705,0.2995880116161705,0.5248450678370391,0.5989602389781163,0.999867294943665
Case3,Test_150,5.0,-35.0,9223.40466597226,2,2,high,kept_original_label,ok,1001,64,917,0.9810508909342811,0.03858839648697631,-0.5074614184624807,0.5074614184624807,0.8794396683608086,0.4253642747833983,0.9995622020546835
Case3,Test_151,-53.0,6.0,10764.305400637104,2,2,high,kept_original_label,ok,1001,92,889,0.9885687490353201,0.030090498756017884,-0.39641444963260974,0.39641444963260974,0.6947090842724156,0.5093949279320782,0.9997686163186763
Case3,Test_152,-52.0,62.0,13831.042045224638,2,2,needs_review,csv_tail_insufficient; kept_original_label,insufficient_post_transition_tail,736,730,3,0.2748287623660085,0.3951528428334609,8.043706293706293,8.043706293706293,nan,nan,nan
Case3,Test_153,-82.0,-88.0,5030.89170977773,1,1,high,kept_original_label,ok,1001,347,634,0.9997533235253636,0.00452640573543746,-0.06020702343059066,0.06020702343059066,0.10441122349207842,0.9012599373487641,0.9999931488960934
Case3,Test_154,24.0,53.0,12645.699787356223,2,2,high,kept_original_label,ok,1001,174,807,0.9942419899489905,0.021441593679347677,-0.28180274221157675,0.28180274221157675,0.5105258272664807,0.6095474986164976,0.9998882387245008
Case3,Test_155,19.0,48.0,11753.875238243723,2,2,high,kept_original_label,ok,1001,132,849,0.9919359874486406,0.025320677545727227,-0.3331986961089019,0.3331986961089019,0.5951084568997034,0.5616167315797336,0.9998415352269072
Case3,Test_156,74.0,-74.0,7350.553468264627,1,1,high,kept_original_label,ok,1001,507,474,0.9997253372886904,0.004769821191416894,-0.0628249829860868,0.0628249829860868,0.11402552688398397,0.8930799629161469,0.9999946532155335
Case3,Test_157,-59.0,-37.0,14086.461618511676,2,2,high,kept_original_label,ok,1001,374,607,0.996903753262772,0.015800048177014085,-0.2062747397305072,0.2062747397305072,0.37393765925308936,0.6961423117539212,0.9999618177447246
Case3,Test_158,76.0,3.0,10600.91542779668,2,2,high,kept_original_label,ok,1001,91,890,0.9883817258758313,0.03052171261805002,-0.4042804589619999,0.4042804589619999,0.6788281770869423,0.5137382287413401,0.9997515845236502
Case3,Test_159,-58.0,75.0,10217.688537861475,1,1,high,kept_original_label,ok,1001,570,411,0.999525647349393,0.0062414373175027635,-0.08046012964621592,0.08046012964621592,0.15559788585788423,0.8582926202944374,0.9999947455259101
Case3,Test_160,27.0,5.0,8097.911412962052,3,3,high,kept_original_label,ok,1001,49,932,0.9744066007684176,0.04470422915659577,-0.5875786533315762,0.5875786533315762,1.026268234323491,0.36616260806982875,0.9991802845661268
Case3,Test_161,47.0,-42.0,15470.774564908004,1,1,high,kept_original_label,ok,1001,611,370,0.9981655169794442,0.01222749466628159,-0.1591414628035001,0.1591414628035001,0.28221720806752293,0.7599567847971981,0.9999849376139006
Case3,Test_162,-4.0,55.0,10940.37483550506,3,2,high,report_change_supported_by_csv_moderate_curvature,ok,1001,90,891,0.9886024745297587,0.03006397781353447,-0.39629358711661294,0.39629358711661294,0.6911518580418666,0.5107947336414972,0.9997659529989539
Case3,Test_163,-78.0,84.0,5655.14745651808,1,1,high,kept_original_label,ok,1001,387,594,0.9997574854948544,0.004492075834540908,-0.05985858335641042,0.05985858335641042,0.10148457920749955,0.9037761125986528,0.9999930490958402
Case3,Test_164,-8.0,62.0,11264.335175536287,2,2,high,kept_original_label,ok,1001,98,883,0.9897355636455832,0.028607176598469865,-0.3778351239957961,0.3778351239957961,0.6532171627068014,0.5288598029921429,0.9997877350665443
Case3,Test_165,6.0,-37.0,9591.09529785862,2,2,high,kept_original_label,ok,1001,70,911,0.9827342842942262,0.036863097932534346,-0.4848873007554339,0.4848873007554339,0.8409908791749726,0.44190965521908904,0.9996187891246712
Case3,Test_166,-22.0,23.0,9513.90070855747,3,2,high,report_change_supported_by_csv_moderate_curvature,ok,1001,72,909,0.9825586040058979,0.037280789997195876,-0.4928370380695241,0.4928370380695241,0.8345377156371429,0.44026478407488784,0.9995441722826215
Case3,Test_167,-71.0,-50.0,12548.3516226245,1,1,high,kept_original_label,ok,1001,544,437,0.9997049290972404,0.00493695216221737,-0.06498785253355749,0.06498785253355749,0.12108237176339814,0.8867255583050127,0.999992424032508
Case3,Test_168,-16.0,-87.0,11321.436487525823,2,2,high,kept_original_label,ok,1001,110,871,0.9911653152740926,0.026723728800603426,-0.35491511007504695,0.35491511007504695,0.5936631971518699,0.5568629902599175,0.9997978412803379
Case3,Test_169,-46.0,-76.0,13088.830770176755,1,1,high,kept_original_label,ok,1001,440,541,0.9995758525799621,0.005966847093143983,-0.0796499277130124,0.0796499277130124,0.11738354056350747,0.8887044146793793,0.9999850471517043
Case3,Test_170,1.0,-16.0,6623.368275009074,3,3,high,kept_original_label,ok,1001,32,949,0.962672230361551,0.05399648690672015,-0.7114872800153194,0.7114872800153194,1.2690997292580617,0.2759802523168536,0.9969930810887457
Case3,Test_171,80.0,66.0,7841.752666853357,1,1,high,kept_original_label,ok,1001,510,471,0.9994186444908476,0.006903055968905655,-0.0892536807135416,0.0892536807135416,0.17062902339228292,0.845876934815637,0.9999934599248901
Case3,Test_172,7.0,42.0,10179.167828878386,2,2,high,kept_original_label,ok,1001,81,900,0.9858011701701346,0.03346981465436594,-0.44037277941939285,0.44037277941939285,0.7686829689876041,0.4747741680039876,0.9997046929598841
Case3,Test_173,68.0,90.0,6965.141531753996,1,1,high,kept_original_label,ok,1001,446,535,0.9996432179616679,0.005426891821429272,-0.07126246240747638,0.07126246240747638,0.13165133344827643,0.8779637042768144,0.9999931084033843
Case3,Test_174,-69.0,28.0,12873.7624563615,2,2,high,kept_original_label,ok,1001,191,790,0.9949904337458911,0.02005717389458152,-0.2642182321774114,0.2642182321774114,0.47208449494604765,0.631831760139801,0.9999031119622867
Case3,Test_175,66.0,18.0,11826.66290829823,2,2,high,kept_original_label,ok,1001,126,855,0.9923294088247447,0.024779308754963057,-0.32739530664257716,0.32739530664257716,0.5713360939822377,0.5728605095820384,0.9998407300368759
Case3,Test_176,-56.0,-10.0,11056.971762945464,2,2,high,kept_original_label,ok,1001,100,881,0.98970934186251,0.028587618159784882,-0.3769087454750189,0.3769087454750189,0.6596351264035218,0.5266365898682782,0.9997905312992371
Case3,Test_177,65.0,-4.0,10805.077744354108,2,2,high,kept_original_label,ok,1001,92,889,0.9889973108134864,0.029602726049553617,-0.39098206722116424,0.39098206722116424,0.6740858453906093,0.5181257636071267,0.9997726595957017
Case3,Test_178,79.0,72.0,6917.0469749068925,1,1,high,kept_original_label,ok,1001,477,504,0.9995934706776465,0.005787172788553867,-0.0755573775810844,0.0755573775810844,0.1418878947698213,0.8693694604881682,0.9999937426388135
Case3,Test_179,36.0,-84.0,13327.407453969734,2,2,high,kept_original_label,ok,1001,258,723,0.9962291264279447,0.017417196835545393,-0.22849730213533767,0.22849730213533767,0.4153631359551821,0.6681663414081921,0.9999364710787305
Case3,Test_180,22.0,-27.0,10229.49842845019,3,2,high,report_change_supported_by_csv_moderate_curvature,ok,1001,88,893,0.9856461055733124,0.03392202393278621,-0.4489881470069557,0.4489881470069557,0.7546372200438887,0.47633686601362885,0.9996583526742374
Case3,Test_181,-47.0,5.0,10282.571907562284,2,2,high,kept_original_label,ok,1001,85,896,0.9870652754179908,0.03194609000372109,-0.42032061694823314,0.42032061694823314,0.7375373006258397,0.4892985223983112,0.9997363983777622
Case3,Test_182,16.0,-60.0,11961.958739787911,2,2,high,kept_original_label,ok,1001,121,860,0.9918388304057231,0.025535920247093762,-0.3371851708576737,0.3371851708576737,0.5896341335079827,0.5630767576554468,0.9998311077304505
Case3,Test_183,70.0,-63.0,10009.31213411648,1,1,high,kept_original_label,ok,1001,662,319,0.9994745496060237,0.006573174527966803,-0.08449341314952981,0.08449341314952981,0.16039486819033244,0.854454137623679,0.9999961328917089
Case3,Test_184,58.0,-22.0,12280.44258606878,2,2,high,kept_original_label,ok,1001,153,828,0.9935064557175989,0.022774048782500562,-0.29995794386916474,0.29995794386916474,0.5362710012067007,0.5939112410295356,0.9998718060139543
Case3,Test_185,-4.0,7.0,5713.536491140539,3,3,medium,kept_original_label,short_curve_but_usable,972,25,928,0.954432037488617,0.059614720170930745,-0.7802593327167402,0.7802593327167402,1.4126707509089134,0.23150859225064868,0.9942828001765864
Case3,Test_186,61.0,-55.0,13104.560355282776,1,1,high,kept_original_label,ok,1001,775,206,0.9999419054851849,0.0022387525096775533,0.012529967041149039,0.012529967041149039,0.07448727194271874,1.0574807837615918,0.9999974755972126
Case3,Test_187,51.0,-25.0,12486.886264609768,2,2,high,kept_original_label,ok,1001,184,797,0.9942582593116871,0.021394676339161228,-0.28066791111129286,0.28066791111129286,0.5113577371267316,0.6097324118294727,0.999894256365837
Case3,Test_188,-30.0,-6.0,8514.804394249095,3,3,high,kept_original_label,ok,1001,56,925,0.9775062979729915,0.04196884596847638,-0.5518153679575009,0.5518153679575009,0.9589963718488422,0.3926633857776135,0.9993848918314331
Case3,Test_189,-82.0,-27.0,12331.178585171674,2,2,high,kept_original_label,ok,1001,167,814,0.9944561842687386,0.021133380610667458,-0.27945715168221136,0.27945715168221136,0.4900818769510025,0.6192861214105744,0.9998830176132036
Case3,Test_190,31.0,-45.0,13357.83990229845,2,2,high,kept_original_label,ok,1001,279,702,0.9958026821273174,0.01829763140476232,-0.23805113034565317,0.23805113034565317,0.4434259872891865,0.6526057204285157,0.9999415670262481
Case3,Test_191,-48.0,-78.0,12252.301561049326,1,1,high,kept_original_label,ok,1001,444,537,0.999516649747855,0.006341471631002841,-0.08458700795619459,0.08458700795619459,0.13932931776832586,0.8702664089011927,0.9999865298397527
Case3,Test_192,-34.0,65.0,13848.23645599186,2,2,high,kept_original_label,ok,1001,281,700,0.9963938673812082,0.017030937820249652,-0.22308431919951188,0.22308431919951188,0.40596114211235357,0.6747219858324086,0.9999430574669691
Case3,Test_193,41.0,-83.0,13421.634243512332,1,1,high,kept_original_label,ok,1001,332,649,0.9990444667222395,0.009056222752646042,-0.12005958963928909,0.12005958963928909,0.16009809712457654,0.8505485411006743,0.9999701986614561
Case3,Test_194,-29.0,74.0,13034.443316581934,2,2,high,kept_original_label,ok,1001,193,788,0.9951947088160416,0.01966714733988419,-0.25945457373019193,0.25945457373019193,0.4610675134544333,0.6378746018283565,0.9999044866015029
Case3,Test_195,43.0,37.0,14330.155703588423,1,1,high,kept_original_label,ok,1001,423,558,0.9971258369137322,0.015197729351432881,-0.19688214170289461,0.19688214170289461,0.3639157537818865,0.7040932588388107,0.9999727299332952
Case3,Test_196,-73.0,89.0,6140.252721095002,1,1,high,kept_original_label,ok,1001,410,571,0.9997744801725656,0.004331007093538489,-0.057675189224267606,0.057675189224267606,0.09871372498543406,0.9062826887951085,0.9999933403741267
Case3,Test_197,-41.0,12.0,10217.798444929478,3,2,high,report_change_supported_by_csv_moderate_curvature,ok,1001,90,891,0.9869755348976353,0.03207541838136938,-0.422188678409329,0.422188678409329,0.7377636577089294,0.48892805621666574,0.9997356808477321
Case3,Test_198,-64.0,-44.0,14730.261549896088,1,1,high,kept_original_label,ok,1001,546,435,0.9976665358911875,0.013802059203565122,-0.1811640871063783,0.1811640871063783,0.3120195246227845,0.7374789934578735,0.9999745165327414
Case3,Test_199,-62.0,-53.0,13540.244058345552,1,1,high,kept_original_label,ok,1001,758,223,0.9993014452766614,0.007512148857557853,-0.08872669111327902,0.08872669111327902,0.20917087297987638,0.8178773337740449,0.9999979354115274
Case3,Test_200,35.0,82.0,13304.745810560027,2,2,high,kept_original_label,ok,1001,247,734,0.9961299655046966,0.01764938271918349,-0.2318242091831895,0.2318242091831895,0.4197432589627583,0.6650653070949757,0.9999326498729657
Case4,Test_001,11.0,49.0,11011.2961091772,2,2,high,kept_original_label,ok,1001,98,883,0.9891727919173167,0.029294501088953623,-0.3858369193285098,0.3858369193285098,0.6784405572572849,0.5176782664306866,0.999780760746747
Case4,Test_002,-15.0,-71.0,11586.564596425322,2,2,high,kept_original_label,ok,1001,112,869,0.9912285466972132,0.026524911181784513,-0.35110580395917346,0.35110580395917346,0.6024012835983009,0.5544613378240824,0.9998135806706384
Case4,Test_003,-88.0,11.0,10716.931732989204,2,2,high,kept_original_label,ok,1001,98,883,0.9894823105396872,0.029134178647182808,-0.3868557908758496,0.3868557908758496,0.642220292700983,0.5305576296097055,0.9997642884224404
Case4,Test_004,-25.0,-46.0,12312.454451945736,2,2,high,kept_original_label,ok,1001,181,800,0.9937709218821664,0.022260357066152713,-0.291823517316801,0.291823517316801,0.5318650841959506,0.5983628882264167,0.9998856332966424
Case4,Test_005,32.0,27.0,11302.030914016268,2,2,high,kept_original_label,ok,1001,148,833,0.9919021673648077,0.025501645530966822,-0.33720473290557074,0.33720473290557074,0.5827515751399645,0.565787783333258,0.9998239800775554
Case4,Test_006,-76.0,-52.0,11317.84062851288,1,1,high,kept_original_label,ok,1001,507,474,0.9994867407490354,0.006505984748605847,-0.08549143631453103,0.08549143631453103,0.1563717673231637,0.8568823190333461,0.9999909323311297
Case4,Test_007,-66.0,-12.0,11242.226390760545,2,2,high,kept_original_label,ok,1001,105,876,0.9904246154266813,0.027651882583064002,-0.3654088894163078,0.3654088894163078,0.6313847325368072,0.5399555504213421,0.999799992916809
Case4,Test_008,-43.0,77.0,13759.43944505826,1,1,high,kept_original_label,ok,1001,394,587,0.9994412252590155,0.006905867001586341,-0.09098250788998218,0.09098250788998218,0.11857707434267728,0.889778265544877,0.9999789230400495
Case4,Test_009,75.0,40.0,13655.920188995991,1,1,high,kept_original_label,ok,1001,345,636,0.9966522611497758,0.016407859340832893,-0.21400933372444125,0.21400933372444125,0.3904696895355091,0.6855306184218743,0.9999580335582654
Case4,Test_010,-63.0,87.0,7942.928397615446,1,1,high,kept_original_label,ok,1001,467,514,0.9995021567187983,0.006395960474869379,-0.08329264314716407,0.08329264314716407,0.15808726838689724,0.8558817301113052,0.9999926352032299
Case4,Test_011,-72.0,-8.0,10889.546373183595,2,2,high,kept_original_label,ok,1001,97,884,0.9893652670364323,0.02917687190510058,-0.38610604993683695,0.38610604993683695,0.6571767930748317,0.5254534783762488,0.9997749153565839
Case4,Test_012,-84.0,47.0,11739.540368921114,1,1,high,kept_original_label,ok,1001,391,590,0.9991963593054107,0.008149903873620419,-0.10828602256489796,0.10828602256489796,0.18517669513084695,0.8323362626429056,0.9999812156074892
Case4,Test_013,57.0,48.0,15063.294344662709,1,1,high,kept_original_label,ok,1001,751,230,0.9980936934002328,0.012566224494458645,-0.16577705608762056,0.16577705608762056,0.27324296536320936,0.7638039166336369,0.9999722395133639
Case4,Test_014,54.0,51.0,13934.86844264749,1,1,high,kept_original_label,ok,1001,754,227,0.9998937967904533,0.002977754816820109,-0.03891795363100805,0.03891795363100805,0.07284638777406013,0.9300682806000492,0.9999978557830355
Case4,Test_015,17.0,33.0,10022.321029494982,2,2,high,kept_original_label,ok,1001,87,894,0.9857367526708585,0.03367925105561316,-0.444604104390435,0.444604104390435,0.7602030117901081,0.4760117536883798,0.9996882685915307
Case4,Test_016,52.0,44.0,15284.484138723994,1,1,high,kept_original_label,ok,1001,671,310,0.9983225854235632,0.01174044141219093,-0.15404144032356365,0.15404144032356365,0.26324658779809634,0.7726870678473011,0.999982265062935
Case4,Test_017,-41.0,73.0,14021.893819899817,1,2,high,report_change_supported_by_csv_curvature,ok,1001,377,604,0.996739769574613,0.016193595794299537,-0.21091044602923584,0.21091044602923584,0.3851928430552106,0.6892547238234065,0.9999631768666756
Case4,Test_018,88.0,18.0,11264.07957600705,2,2,high,kept_original_label,ok,1001,117,864,0.991875535945418,0.025606492213630476,-0.3398367873152164,0.3398367873152164,0.5755934443814006,0.5675218186025709,0.9998151833092586
Case4,Test_019,-28.0,-86.0,12615.596692049405,2,2,high,kept_original_label,ok,1001,174,807,0.9947836755649629,0.020530980002867127,-0.2718175163607665,0.2718175163607665,0.4732412517873816,0.6289548295713004,0.9998856897126764
Case4,Test_020,-15.0,-39.0,10466.506495891375,2,2,high,kept_original_label,ok,1001,96,885,0.9873413133496779,0.031671273091457626,-0.417264898745896,0.417264898745896,0.7252594174630649,0.49452960892564723,0.9997401595818302
Case4,Test_021,-2.0,-69.0,10943.261820020676,2,2,high,kept_original_label,ok,1001,91,890,0.9886539985416372,0.030107483183190883,-0.3981362011679824,0.3981362011679824,0.6778458765168882,0.5155238716451018,0.9997594596506632
Case4,Test_022,-19.0,-70.0,12020.360863928992,2,2,high,kept_original_label,ok,1001,128,853,0.9924706108074455,0.024583723063637316,-0.32525550610140924,0.32525550610140924,0.5632426123158821,0.5764541405443884,0.9998405910616409
Case4,Test_023,-49.0,30.0,13146.503424824214,1,2,high,report_change_supported_by_csv_curvature,ok,1001,258,723,0.9956378969279148,0.01866203218965603,-0.24340802681507823,0.24340802681507823,0.45105397437261846,0.6473499301186486,0.9999343045689595
Case4,Test_024,59.0,-11.0,11249.244242253311,2,2,high,kept_original_label,ok,1001,104,877,0.990258420082295,0.027850623226223437,-0.3675194197363944,0.3675194197363944,0.6408252603794377,0.53585199068256,0.999800973792436
Case4,Test_025,-11.0,53.0,11308.608676135596,2,2,high,kept_original_label,ok,1001,102,879,0.9898570337346141,0.02838584081510938,-0.3741908392024461,0.3741908392024461,0.6564856952928324,0.5283550443226697,0.9997948747862839
Case4,Test_026,-56.0,40.0,14646.844460275654,1,1,high,kept_original_label,ok,1001,493,488,0.9975791700374819,0.014023589072752413,-0.18336427172228337,0.18336427172228337,0.32467660101455814,0.7291656340879008,0.9999744244780074
Case4,Test_027,62.0,-28.0,13035.419455934516,2,2,high,kept_original_label,ok,1001,205,776,0.9951872817225746,0.01964830943668737,-0.2583715363842236,0.2583715363842236,0.46566480467821464,0.6361460545462746,0.9999100987303481
Case4,Test_028,-60.0,15.0,11527.75712147158,2,2,high,kept_original_label,ok,1001,115,866,0.9913318972442369,0.026285829199073636,-0.34683587622389034,0.34683587622389034,0.6079170306925649,0.5533602679433297,0.9998236931507312
Case4,Test_029,-86.0,4.0,10320.00997640067,2,2,high,kept_original_label,ok,1001,89,892,0.9876220625405391,0.03159461150643462,-0.41943650316776476,0.41943650316776476,0.6875149095080572,0.506915259655521,0.9997310701970795
Case4,Test_030,-45.0,-21.0,11450.953045757604,2,2,high,kept_original_label,ok,1001,141,840,0.9918778620281982,0.025396529822377743,-0.3338558001915218,0.3338558001915218,0.5973829246284326,0.5610507617565313,0.9998435100095866
Case4,Test_031,39.0,-42.0,15017.870940238045,1,1,high,kept_original_label,ok,1001,466,515,0.9976705111990967,0.013681345439666143,-0.1759842685257504,0.1759842685257504,0.3325893800104003,0.726076433921415,0.9999807428907375
Case4,Test_032,-68.0,32.0,13274.15474804394,2,2,high,kept_original_label,ok,1001,238,743,0.9958232657800448,0.018315512959002984,-0.24039582128354367,0.24039582128354367,0.43575637884972585,0.655193641366581,0.9999289301849275
Case4,Test_033,30.0,-72.0,13140.812087499482,2,2,high,kept_original_label,ok,1001,205,776,0.995460719016777,0.01910419619796033,-0.2515878690342777,0.2515878690342777,0.4506244085349145,0.6449056200919561,0.9999131773117417
Case4,Test_034,65.0,-56.0,12351.514903597616,1,1,high,kept_original_label,ok,1001,735,246,0.999225010318223,0.007958945446352448,-0.10056924872107353,0.10056924872107353,0.1967079058330924,0.8258710424904528,0.999996435379364
Case4,Test_035,62.0,45.0,14907.545392338012,1,1,high,kept_original_label,ok,1001,607,374,0.9980563743642245,0.012631286783369907,-0.16623011246183902,0.16623011246183902,0.2822983198881426,0.7580688855136116,0.9999777962221107
Case4,Test_036,-51.0,58.0,13739.890874720544,1,1,high,kept_original_label,ok,1001,731,250,0.999982139958448,0.0012321213017860262,-0.00491872342376612,0.00491872342376612,0.03431206590477348,1.0091281735988729,0.9999970029201647
Case4,Test_037,82.0,-75.0,6153.597475114149,1,1,high,kept_original_label,ok,1001,427,554,0.9996386159209578,0.00546155353582844,-0.07172259285534051,0.07172259285534051,0.13256952167939406,0.8771033872464634,0.9999932469835299
Case4,Test_038,-37.0,59.0,14332.66676556077,1,1,high,kept_original_label,ok,1001,377,604,0.997053685663418,0.015413566995616879,-0.20110267119268388,0.20110267119268388,0.36674310192382714,0.7010116657106825,0.9999638428765639
Case4,Test_039,-35.0,-29.0,12006.895554676968,2,2,high,kept_original_label,ok,1001,192,789,0.9936502650511075,0.02255706440086857,-0.29714375720128944,0.29714375720128944,0.5262544201937709,0.5995810545434384,0.9998764641293093
Case4,Test_040,84.0,24.0,11960.17314038846,2,2,high,kept_original_label,ok,1001,146,835,0.9937505361273004,0.022449979079124324,-0.29740072152384095,0.29740072152384095,0.5144087234551439,0.6040988829835302,0.9998604163538012
Case4,Test_041,12.0,88.0,10861.875067734392,2,2,high,kept_original_label,ok,1001,98,883,0.9897704223651761,0.02875589852657858,-0.381982137073132,0.381982137073132,0.6325688827442666,0.5353742209199076,0.9997690699070656
Case4,Test_042,-80.0,36.0,13228.418708759287,1,2,high,report_change_supported_by_csv_curvature,ok,1001,264,717,0.9961935288459906,0.01749458520887696,-0.22933484489061687,0.22933484489061687,0.41677217729818217,0.667476527955293,0.9999382509547771
Case4,Test_043,90.0,52.0,10201.026376389784,1,1,high,kept_original_label,ok,1001,416,565,0.9991733499862172,0.008227977055245516,-0.10770839162577651,0.10770839162577651,0.2001743988323527,0.8215378213373897,0.9999862015609433
Case4,Test_044,-83.0,8.0,10546.269509072692,2,2,high,kept_original_label,ok,1001,93,888,0.9887127604146907,0.030147187344866714,-0.40001146795259623,0.40001146795259623,0.6643957175229612,0.519503548568424,0.9997538003754272
Case4,Test_045,77.0,-20.0,11760.610292373192,2,2,high,kept_original_label,ok,1001,129,852,0.9926115631203597,0.024378142791884015,-0.3228499653602782,0.3228499653602782,0.5559169447242698,0.5800305403110075,0.999840064975521
Case4,Test_046,56.0,-82.0,9733.114748313154,1,1,high,kept_original_label,ok,1001,473,508,0.9993933823080318,0.007050865854083704,-0.09159812513393469,0.09159812513393469,0.1754161524790724,0.8417368575807291,0.9999913438559037
Case4,Test_047,-33.0,64.0,13726.800024139638,1,2,high,report_change_supported_by_csv_curvature,ok,1001,267,714,0.9962330009351613,0.017398428140630168,-0.22796927920522442,0.22796927920522442,0.41609798404355425,0.6680097503195238,0.9999392603587606
Case4,Test_048,-23.0,-2.0,7397.614978506744,3,3,high,kept_original_label,ok,1001,40,941,0.9690857408025362,0.04900522646532718,-0.6436801966799179,0.6436801966799179,1.1381903156057875,0.3254201324985815,0.9986646541963746
Case4,Test_049,4.0,78.0,10742.853423410685,2,2,high,kept_original_label,ok,1001,90,891,0.9882464987197295,0.03074036777310839,-0.4075524443885194,0.4075524443885194,0.6780299527230661,0.5131039578590069,0.9997453483081682
Case4,Test_050,-13.0,60.0,11609.15171734012,2,2,high,kept_original_label,ok,1001,109,872,0.9908928529413189,0.026952480996391425,-0.3558652884895432,0.3558652884895432,0.620063917660614,0.5464838802229582,0.999812808261278
Case4,Test_051,-54.0,22.0,12204.596371805084,2,2,high,kept_original_label,ok,1001,155,826,0.9933987322512924,0.02294246914705816,-0.3018124868782933,0.3018124868782933,0.54218426314636,0.5910204062880643,0.9998709108827486
Case4,Test_052,14.0,-3.0,6300.990440991556,3,3,high,kept_original_label,ok,1001,29,952,0.9586178448398959,0.056670261949821055,-0.7454542763070512,0.7454542763070512,1.342024410550658,0.25506410472412244,0.9962610660233938
Case4,Test_053,-67.0,23.0,12333.831268950556,2,2,high,kept_original_label,ok,1001,153,828,0.9937600493533308,0.022368032441110134,-0.29524455681726625,0.29524455681726625,0.5213812525999243,0.6015938138152505,0.999873795553179
Case4,Test_054,-36.0,-80.0,13328.617092441378,1,2,high,report_change_supported_by_csv_curvature,ok,1001,262,719,0.9961471471153522,0.017601131366790545,-0.23083102260153518,0.23083102260153518,0.41966869183780403,0.6655287956495373,0.9999365980804027
Case4,Test_055,69.0,-62.0,10398.193593331707,1,1,high,kept_original_label,ok,1001,682,299,0.9994571549284849,0.0066818166386418566,-0.08582611492578916,0.08582611492578916,0.16242651990424894,0.8528032046195257,0.9999962832411846
Case4,Test_056,88.0,-61.0,8241.597962877904,1,1,high,kept_original_label,ok,1001,466,515,0.999266415165133,0.0077430095603902155,-0.10017013029846682,0.10017013029846682,0.1919000872556557,0.8288232580105104,0.999991280180233
Case4,Test_057,-85.0,56.0,9449.00038741436,1,1,high,kept_original_label,ok,1001,458,523,0.9992240782227272,0.007963041527875594,-0.10327913778492158,0.10327913778492158,0.19754070300525872,0.8241029501816607,0.9999899882822254
Case4,Test_058,46.0,41.0,15105.299403238689,1,1,high,kept_original_label,ok,1001,564,417,0.9979774426251974,0.012811287044919415,-0.1662378144725112,0.1662378144725112,0.29982024908808946,0.747614807019732,0.9999841495952365
Case4,Test_059,34.0,-32.0,12712.436991883658,2,2,high,kept_original_label,ok,1001,224,757,0.9949690231737729,0.020118732479866796,-0.26491103322288684,0.26491103322288684,0.47030698408020793,0.6328578918168285,0.999903436170753
Case4,Test_060,11.0,-2.0,6055.654348261841,3,3,medium,kept_original_label,short_curve_but_usable,990,28,943,0.955596856693715,0.05889933070292243,-0.7728599794060271,0.7728599794060271,1.4003858366367055,0.2353463652877073,0.9928554466454693
Case4,Test_061,19.0,-67.0,12124.158388705611,2,2,high,kept_original_label,ok,1001,130,851,0.99268185464922,0.024219930717575135,-0.32015951498731005,0.32015951498731005,0.5576927865065027,0.5800585582574083,0.9998470791892393
Case4,Test_062,-45.0,-80.0,12713.31287515924,1,1,high,kept_original_label,ok,1001,393,588,0.9993119098406507,0.007578396188887992,-0.10125089931991288,0.10125089931991288,0.15908849965896474,0.8529228801566231,0.9999801637592245
Case4,Test_063,38.0,69.0,13909.789491306496,1,2,high,report_change_supported_by_csv_curvature,ok,1001,333,648,0.9967368285047121,0.016208014536030803,-0.2116820922014794,0.2116820922014794,0.38556500413956046,0.6884560096591815,0.9999573221220208
Case4,Test_064,-65.0,32.0,13412.902728535026,1,2,high,report_change_supported_by_csv_curvature,ok,1001,248,733,0.9959457137328059,0.018046295633035038,-0.2367082313660848,0.2367082313660848,0.4299220903298567,0.6590238123571314,0.9999324384780649
Case4,Test_065,-32.0,-36.0,12914.895656601488,2,2,high,kept_original_label,ok,1001,242,739,0.9952543963396134,0.01951734038515815,-0.2561955775468334,0.2561955775468334,0.4613249081326285,0.639354823724858,0.9999168888881139
Case4,Test_066,-17.0,82.0,11514.67403215818,2,2,high,kept_original_label,ok,1001,115,866,0.9916108225486174,0.026021813504406015,-0.34534147986713193,0.34534147986713193,0.5822900371121121,0.5637682569786663,0.9998104058213836
Case4,Test_067,-61.0,78.0,9127.187098616543,1,1,high,kept_original_label,ok,1001,537,444,0.9995143572984033,0.00631468483782871,-0.08162050559070078,0.08162050559070078,0.15755499310104173,0.8565961456767738,0.9999942771945929
Case4,Test_068,45.0,-66.0,14877.860799627071,1,1,high,kept_original_label,ok,1001,557,424,0.9976065245822856,0.013968272646660406,-0.18299026510375474,0.18299026510375474,0.31736337511620455,0.7338574779166084,0.999976562119215
Case4,Test_069,33.0,-41.0,13575.10333156336,1,2,high,report_change_supported_by_csv_curvature,ok,1001,308,673,0.9960891363124095,0.017675652750311837,-0.22978535689554694,0.22978535689554694,0.4270377617833486,0.6629333758984114,0.9999495861358983
Case4,Test_070,48.0,85.0,11390.621674639136,1,1,high,kept_original_label,ok,1001,388,593,0.9992593299837621,0.007822138157785046,-0.10386276772510888,0.10386276772510888,0.179589188620862,0.8368756479078148,0.9999826406769619
Case4,Test_071,82.0,86.0,5086.42287956089,1,1,high,kept_original_label,ok,1001,351,630,0.9997450746876313,0.004600328399377451,-0.061147745738838244,0.061147745738838244,0.10644349084584137,0.8995517113305189,0.9999929840358739
Case4,Test_072,-21.0,38.0,11159.085773447216,2,2,high,kept_original_label,ok,1001,126,855,0.9904616889739614,0.02756067075299751,-0.3633343222128634,0.3633343222128634,0.6352157638047401,0.5395368023440137,0.9998084672825754
Case4,Test_073,81.0,-73.0,6540.124984755933,1,1,high,kept_original_label,ok,1001,451,530,0.9995985771219675,0.005751083608587138,-0.0752042315650587,0.0752042315650587,0.14051480816494094,0.8705591147676366,0.9999932901781717
Case4,Test_074,78.0,-23.0,11993.269070396138,2,2,high,kept_original_label,ok,1001,143,838,0.9934362725646579,0.022980489597135837,-0.30414801088529025,0.30414801088529025,0.5283154747786005,0.5962596056991919,0.9998592451246648
Case4,Test_075,26.0,-58.0,12979.680433059357,2,2,high,kept_original_label,ok,1001,189,792,0.9948392406029013,0.02032219582980309,-0.2671681127301792,0.2671681127301792,0.48384346847750037,0.6252103306512721,0.9999009665857818
Case4,Test_076,13.0,14.0,7040.284627874787,3,3,high,kept_original_label,ok,1001,35,946,0.965958262870227,0.05154078741260007,-0.6786318307451474,0.6786318307451474,1.2027353267222973,0.2996004217513355,0.9978777222879708
Case4,Test_077,-6.0,51.0,10863.564882138657,2,2,high,kept_original_label,ok,1001,91,890,0.9883628196769244,0.03036276596530797,-0.39998016287698446,0.39998016287698446,0.6998235061123683,0.5070829493560737,0.9997608688921354
Case4,Test_078,73.0,-45.0,14124.55736141803,1,1,high,csv_rejects_report_change; post_transition_is_type1_linear,ok,1001,478,503,0.9997116425090764,0.0049492895745837946,-0.06465528176766862,0.06465528176766862,0.0897943919374768,0.9237150885595458,0.9999867796797894
Case4,Test_079,0.0,1.0,5357.922599392249,3,3,high,kept_original_label,ok,1003,23,960,0.9438474755266071,0.06706723331448419,-0.8593265655509482,0.8593265655509482,1.6396474900023763,0.15599817968482577,0.9435663146833845
Case4,Test_080,-42.0,-56.0,14957.089996342567,1,1,high,kept_original_label,ok,1001,563,418,0.9978989333209994,0.01309443969530823,-0.17151382827177844,0.17151382827177844,0.2995148497029323,0.7465133524990775,0.9999780443108155
Case4,Test_081,-80.0,12.0,10909.02609584366,2,2,high,kept_original_label,ok,1001,101,880,0.990073335690107,0.02825571342426219,-0.3746602059544025,0.3746602059544025,0.630736480461318,0.5381276331023047,0.9997821897015875
Case4,Test_082,23.0,-15.0,8378.183673282683,3,3,high,kept_original_label,ok,1001,53,928,0.9764193173894374,0.04305879932822071,-0.5672523791793044,0.5672523791793044,0.9797301760865714,0.3820836281011097,0.9992602747488367
Case4,Test_083,9.0,25.0,8284.866963501689,3,3,high,kept_original_label,ok,1001,48,933,0.9737982589082386,0.04531300775551545,-0.5961072309152677,0.5961072309152677,1.0355246686851842,0.36165961914832545,0.9991130469036136
Case4,Test_084,-58.0,-24.0,12444.28362550252,2,2,high,kept_original_label,ok,1001,169,812,0.9940209871067253,0.02186625018950929,-0.2878614190882427,0.2878614190882427,0.5161941161166219,0.605661658068804,0.9998827312296218
Case4,Test_085,-27.0,19.0,9415.990995932809,2,2,high,kept_original_label,ok,1001,76,905,0.9831431292258456,0.03659572986132783,-0.48335917983076016,0.48335917983076016,0.8220017914587977,0.4470755317516005,0.9995868344451513
Case4,Test_086,-44.0,-26.0,12108.86569180236,2,2,high,kept_original_label,ok,1001,190,791,0.9937776031118668,0.022249013783508874,-0.29153520938863897,0.29153520938863897,0.5302856805537584,0.5992926931570118,0.9998905117592329
Case4,Test_087,87.0,-65.0,7492.790068050714,1,1,high,kept_original_label,ok,1001,467,514,0.9993720183656056,0.007171818607999709,-0.09293938019040854,0.09293938019040854,0.17775799060795808,0.8399980272550235,0.9999923332742188
Case4,Test_088,-9.0,-87.0,10758.988790639956,2,2,high,kept_original_label,ok,1001,94,887,0.9887219175254586,0.03020093129191999,-0.4012091801119427,0.4012091801119427,0.6586206866783335,0.5213211549354285,0.9997458118693845
Case4,Test_089,2.0,55.0,10893.270125116742,2,2,high,kept_original_label,ok,1001,89,892,0.9884319481189946,0.030288439831627777,-0.39925999039167803,0.39925999039167803,0.6960763376361754,0.508310951164424,0.9997607726009194
Case4,Test_090,40.0,61.0,14464.749288172909,1,1,high,kept_original_label,ok,1001,441,540,0.9973502580006094,0.014647448112461664,-0.1913054874824557,0.1913054874824557,0.34202548568623836,0.7176237142987646,0.99997089699474
Case4,Test_091,50.0,-64.0,14101.899112008,1,1,high,kept_original_label,ok,1001,682,299,0.9996426511406237,0.0054860377115844355,0.056420971604911725,0.056420971604911725,0.13891224588322426,1.1406076412235189,0.9999982388597621
Case4,Test_092,-7.0,20.0,7426.689997912338,3,3,high,kept_original_label,ok,1001,38,943,0.9692821059553862,0.049054009397726514,-0.646308976608767,0.646308976608767,1.1379728368126336,0.32154302008063707,0.9983406873637757
Case4,Test_093,85.0,-17.0,11263.512320652657,2,2,high,kept_original_label,ok,1001,114,867,0.9914636785733734,0.026237563615956045,-0.34815656477195117,0.34815656477195117,0.5883648109067205,0.5604834043223342,0.9998072323415367
Case4,Test_094,18.0,-59.0,12146.297763811785,2,2,high,kept_original_label,ok,1001,130,851,0.9924204486088475,0.024610363692954326,-0.3247931026056095,0.3247931026056095,0.5713132213145552,0.5732515799009693,0.999844369316205
Case4,Test_095,-26.0,-51.0,12701.463905771698,2,2,high,kept_original_label,ok,1001,194,787,0.9945478582624935,0.020847925557291546,-0.2732883211244564,0.2732883211244564,0.5007703517021562,0.616121291759874,0.9998995176217678
Case4,Test_096,-86.0,26.0,12134.848233314608,2,2,high,kept_original_label,ok,1001,158,823,0.9942712225007919,0.02149490602097643,-0.284548989944348,0.284548989944348,0.4956754992228641,0.6154155005345949,0.9998747347234812
Case4,Test_097,71.0,68.0,8771.276325748466,1,1,high,kept_original_label,ok,1001,601,380,0.9996371386044407,0.005469739854081531,-0.07080453352957117,0.07080453352957117,0.13421380928592833,0.8762213323804847,0.9999958814143002
Case4,Test_098,-1.0,-33.0,8954.07697236796,3,3,high,kept_original_label,ok,1001,59,922,0.9787815825474115,0.04079241280721906,-0.5362161551989725,0.5362161551989725,0.9303190364204762,0.40431484116753075,0.9994646184009264
Case4,Test_099,64.0,-58.0,12184.120669734342,1,1,high,kept_original_label,ok,1001,766,215,0.9992900612419607,0.007639108783176266,-0.09749157484382573,0.09749157484382573,0.1831652798027145,0.8363232134898105,0.9999964038051175
Case4,Test_100,-77.0,-19.0,11632.676161899868,2,2,high,kept_original_label,ok,1001,125,856,0.9922605803731948,0.024952123456709854,-0.33053601513002456,0.33053601513002456,0.5668745573041514,0.5736706809406635,0.9998310021472072
Case4,Test_101,-37.0,81.0,13438.53676928006,2,2,high,kept_original_label,ok,1001,276,705,0.9962820571375266,0.01728618486343982,-0.22636548415993818,0.22636548415993818,0.41292042404379653,0.6703320287863679,0.9999408665297228
Case4,Test_102,-38.0,46.0,14808.199077300438,1,2,high,report_change_supported_by_csv_curvature,ok,1001,472,509,0.9974474832811203,0.01433768720591767,-0.1854692504423277,0.1854692504423277,0.34282496093798254,0.7183665023498441,0.9999783683330168
Case4,Test_103,-40.0,-10.0,9846.801271698148,2,2,high,kept_original_label,ok,1001,82,899,0.9854971794896619,0.03381032509829263,-0.4448588132679436,0.4448588132679436,0.7770428443567196,0.4706613116939874,0.9996999295178755
Case4,Test_104,-31.0,10.0,8923.71335701435,2,2,high,kept_original_label,ok,1001,63,918,0.9800337436967831,0.03961956452460193,-0.5214888014510227,0.5214888014510227,0.9012263731268068,0.41531826471425987,0.9995046537768139
Case4,Test_105,-65.0,-72.0,9221.092471044964,1,1,high,kept_original_label,ok,1001,608,373,0.9997786905882589,0.004282908801767616,-0.055963119448656964,0.055963119448656964,0.10412203215919702,0.9019877289068349,0.999996541766279
Case4,Test_106,-10.0,-49.0,10836.694527744728,2,2,high,kept_original_label,ok,1001,94,887,0.9885285847124783,0.03012463421567164,-0.3966025288908229,0.3966025288908229,0.6975395751863059,0.5083820025800028,0.9997681368535714
Case4,Test_107,-53.0,-14.0,11257.314044369965,2,2,high,kept_original_label,ok,1001,111,870,0.990489868261357,0.027489127797754604,-0.3622536372569033,0.3622536372569033,0.6380932377027341,0.5382524928014422,0.9998069319005438
Case4,Test_108,-12.0,31.0,9312.226793767912,2,2,high,kept_original_label,ok,1001,67,914,0.9812062929856101,0.03853023628222235,-0.5077125968331181,0.5077125968331181,0.8708302806831622,0.4273042701575285,0.9995475943125773
Case4,Test_109,44.0,-41.0,15345.401731329252,1,1,high,kept_original_label,ok,1001,550,431,0.9980113248870813,0.012688880724676109,-0.16406888489960134,0.16406888489960134,0.30060970721561153,0.747473570479516,0.9999848731607599
Case4,Test_110,-74.0,-31.0,12920.197732278406,2,2,high,kept_original_label,ok,1001,212,769,0.9953996093001277,0.019234254544342452,-0.25324933030634966,0.25324933030634966,0.45364839749525293,0.6431311603982061,0.9999142326840497
Case4,Test_111,31.0,-77.0,13134.504674369342,2,2,high,kept_original_label,ok,1001,209,772,0.9956230843508374,0.018780000030507463,-0.24757734367142317,0.24757734367142317,0.4412479028741768,0.6504075376177979,0.9999146590276852
Case4,Test_112,25.0,2.0,7653.038856621138,3,3,high,kept_original_label,ok,1001,43,938,0.9713966847085743,0.04718665005762556,-0.6199410839082605,0.6199410839082605,1.090742679258225,0.3423567655206863,0.9989213030821987
Case4,Test_113,57.0,13.0,11296.723119385995,2,2,high,kept_original_label,ok,1001,109,872,0.9907309096498753,0.027167934078049478,-0.35839528071564564,0.35839528071564564,0.6278022658383992,0.5428738392617287,0.9998102739987779
Case4,Test_114,42.0,-63.0,14715.722536531586,1,2,high,report_change_supported_by_csv_curvature,ok,1001,488,493,0.9974441517110848,0.01440672935635947,-0.18845501896231595,0.18845501896231595,0.3321034877525886,0.7239734046586778,0.9999736918623374
Case4,Test_115,60.0,35.0,13744.018639460162,1,2,high,report_change_supported_by_csv_curvature,ok,1001,319,662,0.9966430585803596,0.016434321877879854,-0.21472604982184948,0.21472604982184948,0.3919613802681191,0.6841784394737861,0.9999534216245244
Case4,Test_116,29.0,-81.0,12818.384296661612,2,2,high,kept_original_label,ok,1001,185,796,0.9951658598036065,0.01974967720996007,-0.2610234641138581,0.2610234641138581,0.4591743942957956,0.6383371935571092,0.9998983890400931
Case4,Test_117,54.0,80.0,10323.118021384727,1,1,high,kept_original_label,ok,1001,472,509,0.9994283103738542,0.006850812010766681,-0.08936661675976848,0.08936661675976848,0.1693821055621909,0.8464615109089272,0.9999909272301469
Case4,Test_118,83.0,16.0,11132.021410164984,2,2,high,kept_original_label,ok,1001,111,870,0.9912729619627918,0.02652180472937193,-0.3518652337760835,0.3518652337760835,0.5947030706379598,0.5573107724514693,0.9998025319704235
Case4,Test_119,3.0,27.0,8230.004364916596,3,3,high,kept_original_label,ok,1001,47,934,0.973510571723185,0.045498612338819876,-0.5979543281733725,0.5979543281733725,1.0434150838055294,0.3597033777952647,0.999128635987519
Case4,Test_120,10.0,76.0,11094.55379392659,2,2,high,kept_original_label,ok,1001,98,883,0.9897283253171345,0.02873077973396536,-0.3807850960568851,0.3807850960568851,0.6415500150260846,0.5324962518924687,0.999777082865934
Case4,Test_121,-6.0,-20.0,7286.984194993886,3,3,high,kept_original_label,ok,1001,37,944,0.968605270103482,0.04957137078829722,-0.6530058973804441,0.6530058973804441,1.1523858813417325,0.31657727207840913,0.998244485500255
Case4,Test_122,-76.0,-7.0,10747.277556567244,2,2,high,kept_original_label,ok,1001,95,886,0.9889390480155389,0.029789540689856883,-0.394621144868327,0.394621144868327,0.6640944409151592,0.5210467691987154,0.999762029170673
Case4,Test_123,-24.0,0.0,7450.23480463876,3,3,high,kept_original_label,ok,1001,41,940,0.9700480189017975,0.048245077852672104,-0.6336372883519712,0.6336372883519712,1.118755434054418,0.332808096413542,0.9987888344608012
Case4,Test_124,86.0,43.0,12643.772682153978,1,1,high,kept_original_label,ok,1001,347,634,0.9989692120719113,0.009261422268367897,-0.12363877047885698,0.12363877047885698,0.19708907990209903,0.8215273139703074,0.9999733854902544
Case4,Test_125,15.0,-39.0,10459.239205679984,2,2,high,kept_original_label,ok,1001,95,886,0.9874393292830316,0.031541198802907844,-0.4154927720959365,0.4154927720959365,0.7227024538809053,0.49565960462018527,0.9997451609520615
Case4,Test_126,-78.0,64.0,8471.298922175585,1,1,high,kept_original_label,ok,1001,539,442,0.999376072403647,0.007147809043247406,-0.0921282640405357,0.0921282640405357,0.1769468826787578,0.8408820947649019,0.9999938405553541
Case4,Test_127,-22.0,-34.0,10831.47952450428,2,2,high,kept_original_label,ok,1001,118,863,0.9893650070713932,0.02915368566005817,-0.3851934942591262,0.3851934942591262,0.6623085629633589,0.5238344787101198,0.9997747512628604
Case4,Test_128,67.0,-77.0,8128.156521056648,1,1,high,kept_original_label,ok,1001,535,446,0.9997214811520765,0.004800263611539816,-0.06290820180524165,0.06290820180524165,0.11628145881480743,0.8912430671709458,0.9999951194225284
Case4,Test_129,53.0,17.0,11547.17098728333,2,2,high,kept_original_label,ok,1001,123,858,0.9916860975514464,0.025722786113842034,-0.3388958851058326,0.3388958851058326,0.6009646816891332,0.5578833455093544,0.9998333864154911
Case4,Test_130,5.0,84.0,10574.440566256835,2,2,high,kept_original_label,ok,1001,89,892,0.9878667279282684,0.0312977768878007,-0.4155480829573031,0.4155480829573031,0.6808109547050667,0.5102378078587712,0.9997353465063624
Case4,Test_131,-89.0,71.0,6366.620434886613,1,1,high,kept_original_label,ok,1001,429,552,0.999522478200964,0.006264268355335602,-0.08163881711193999,0.08163881711193999,0.1545725943308208,0.8587823806241871,0.999992659451915
Case4,Test_132,51.0,58.0,13543.787666957249,1,1,high,kept_original_label,ok,1001,721,260,0.9999804585418813,0.001287071429986091,-0.011424718837409814,0.011424718837409814,0.029695085218318477,0.9949433518312732,0.9999967193313624
Case4,Test_133,-72.0,-54.0,11394.91490000942,1,1,high,kept_original_label,ok,1001,581,400,0.9994945570721294,0.006443484651102109,-0.08332273193014308,0.08332273193014308,0.16020658739653182,0.8544610634826,0.9999937862188254
Case4,Test_134,-18.0,71.0,11921.477302795642,2,2,high,kept_original_label,ok,1001,123,858,0.9922452954685897,0.024950136847809678,-0.330200989100914,0.330200989100914,0.5700021540010363,0.5724915811886828,0.9998356730036008
Case4,Test_135,75.0,-31.0,12937.519094723915,2,2,high,kept_original_label,ok,1001,210,771,0.9953977309127376,0.019234172310530054,-0.2531993124698245,0.2531993124698245,0.45364591001372817,0.6431796420334784,0.9999135393620824
Case4,Test_136,-50.0,-9.0,10692.520916719732,2,2,high,kept_original_label,ok,1001,94,887,0.9884992635849874,0.030164512544532812,-0.39716098135887407,0.39716098135887407,0.6980516712747189,0.5080716804489963,0.999766978891652
Case4,Test_137,-19.0,70.0,12129.526778526675,2,2,high,kept_original_label,ok,1001,130,851,0.9926516503956965,0.024298110496171033,-0.32155053303252207,0.32155053303252207,0.5556358889147095,0.5806204534918303,0.9998434948652722
Case4,Test_138,37.0,34.0,13216.073195365389,1,2,high,report_change_supported_by_csv_curvature,ok,1001,285,696,0.9960414460207178,0.017812265216305818,-0.23267347506140346,0.23267347506140346,0.4258203943032029,0.6626043280391544,0.9999405997975159
Case4,Test_139,48.0,-47.0,14922.421602800548,1,1,high,kept_original_label,ok,1001,682,299,0.9998079449154359,0.003993747003863407,-0.05207133452474446,0.05207133452474446,0.09707271911308937,0.9082573779216541,0.9999972465743849
Case4,Test_140,-3.0,-6.0,5511.083803903935,3,3,medium,kept_original_label,short_curve_but_usable,963,24,920,0.9536825828926264,0.06014382306269149,-0.790026831819269,0.790026831819269,1.4278211309996156,0.22693661076517693,0.9921494850910001
Case4,Test_141,72.0,-18.0,11683.404535053449,2,2,high,kept_original_label,ok,1001,123,858,0.9921456785061747,0.025103909031986497,-0.33215905079992725,0.33215905079992725,0.5740684897025938,0.5703570187482396,0.9998343754014472
Case4,Test_142,20.0,-1.0,7019.251630931852,3,3,high,kept_original_label,ok,1001,36,945,0.9656278114866934,0.05164791899411379,-0.6786952012441195,0.6786952012441195,1.2088674131550314,0.30053926454589563,0.9981007034446372
Case4,Test_143,8.0,9.0,5994.643176049423,3,3,medium,kept_original_label,short_curve_but_usable,976,27,930,0.9582793207617059,0.05702522609728463,-0.7490826764294876,0.7490826764294876,1.3467423944223194,0.25259214602467245,0.995750461056258
Case4,Test_144,27.0,-85.0,12537.963743135811,2,2,high,kept_original_label,ok,1001,166,815,0.9946608794746413,0.020767446207360082,-0.2749897035610065,0.2749897035610065,0.4782957925683341,0.6259841167048508,0.9998817574740163
Case4,Test_145,-30.0,67.0,13324.058551729591,2,2,high,kept_original_label,ok,1001,216,765,0.9955568098023256,0.018891768346185587,-0.24845817305500945,0.24845817305500945,0.44778981820781266,0.6472461252404602,0.9999173635158131
Case4,Test_146,-11.0,38.0,10037.704651520164,2,2,high,kept_original_label,ok,1001,81,900,0.9852196503616735,0.03417413531046459,-0.4499946767070353,0.4499946767070353,0.7798827522733273,0.4689874450202839,0.9996874373717757
Case4,Test_147,-69.0,-49.0,12964.28529888653,1,1,high,kept_original_label,ok,1001,552,429,0.9998638816842845,0.003361853264855169,-0.04376775214892484,0.04376775214892484,0.07091616696310904,0.9311373434480241,0.9999925049312678
Case4,Test_148,41.0,-14.0,10413.37845566866,2,2,high,kept_original_label,ok,1001,97,884,0.9879181755730815,0.030921966520058138,-0.4071615036863697,0.4071615036863697,0.7125396024241324,0.5009039267804785,0.9997581727298132
Case4,Test_149,22.0,-68.0,12470.118056238169,2,2,high,kept_original_label,ok,1001,147,834,0.9936117075111035,0.0226510462366918,-0.2993812517776872,0.2993812517776872,0.5244557873497079,0.5991865048299643,0.9998674805243375
Case4,Test_150,5.0,-35.0,9229.305966505732,2,2,high,kept_original_label,ok,1001,64,917,0.9809345393368006,0.03870411361372489,-0.5089676025021429,0.5089676025021429,0.8822124945773964,0.4241987874351101,0.9995568898599235
Case4,Test_151,-53.0,6.0,10766.098721754372,2,2,high,kept_original_label,ok,1001,92,889,0.9885007623035416,0.030177993475612463,-0.39754691017571664,0.39754691017571664,0.6967572767346332,0.508406066660245,0.9997668318487245
Case4,Test_152,-52.0,62.0,13812.48164004545,1,1,high,csv_rejects_report_change; post_transition_is_type1_linear,ok,1001,769,212,0.9999638105506192,0.0017481505953448318,-0.022773220679684538,0.022773220679684538,0.03312342166737835,0.9683411815588275,0.9999972692937288
Case4,Test_153,-82.0,-88.0,5030.143657571408,1,1,high,kept_original_label,ok,1001,347,634,0.9997539587359533,0.004520802324796187,-0.060139828402178803,0.060139828402178803,0.10417626799689685,0.9014644586719571,0.999993146826498
Case4,Test_154,24.0,53.0,12557.141976206289,2,2,high,kept_original_label,ok,1001,172,809,0.9942209570443523,0.021476867516258585,-0.2822283502945935,0.2822283502945935,0.5122924244159532,0.6085756481775186,0.9998883919294385
Case4,Test_155,19.0,48.0,11654.72320541207,2,2,high,kept_original_label,ok,1001,131,850,0.9919296928977708,0.025330448578581553,-0.3333317237332314,0.3333317237332314,0.5947651438782542,0.561972052515155,0.9998393725153181
Case4,Test_156,74.0,-74.0,7350.553468264627,1,1,high,kept_original_label,ok,1001,507,474,0.9997253372886904,0.004769821191416894,-0.0628249829860868,0.0628249829860868,0.11402552688398397,0.8930799629161469,0.9999946532155335
Case4,Test_157,-59.0,-37.0,14000.23444453236,1,2,high,report_change_supported_by_csv_curvature,ok,1001,372,609,0.996887556320665,0.015842825171278534,-0.20691653642226202,0.20691653642226202,0.3751905707880657,0.6952442658643588,0.9999612548699155
Case4,Test_158,76.0,3.0,10607.895321097703,2,2,high,kept_original_label,ok,1001,91,890,0.9883615848747869,0.030549636540471884,-0.4046655070415959,0.4046655070415959,0.6794190977025029,0.513399512623762,0.9997496927519203
Case4,Test_159,-58.0,75.0,10198.52774217738,1,1,high,kept_original_label,ok,1001,569,412,0.9995219111254184,0.00626559885727297,-0.0807659880368067,0.0807659880368067,0.15643405479369993,0.8576027246186673,0.999994730736918
Case4,Test_160,27.0,5.0,7915.508758363104,3,3,high,kept_original_label,ok,1001,47,934,0.9741153410042038,0.04494545130939924,-0.5907186431437137,0.5907186431437137,1.0329379626905812,0.36367290548132586,0.9991633934259674
Case4,Test_161,47.0,-42.0,15470.798103360798,1,1,high,kept_original_label,ok,1001,611,370,0.9981659179323192,0.01222620012422906,-0.159125746909543,0.159125746909543,0.28218495786714537,0.7599791986183058,0.9999849357951066
Case4,Test_162,-4.0,55.0,10936.68666206909,2,2,high,kept_original_label,ok,1001,90,891,0.9885901962618933,0.030081364623969504,-0.3965285434563442,0.3965285434563442,0.6914947407860687,0.510609985659681,0.9997649542834937
Case4,Test_163,-78.0,84.0,5655.055818724016,1,1,high,kept_original_label,ok,1001,387,594,0.9997577165838719,0.004490002907825612,-0.05983272654691037,0.05983272654691037,0.10140522355345741,0.9038456911330413,0.9999930492363184
Case4,Test_164,-8.0,62.0,11269.089865461308,2,2,high,kept_original_label,ok,1001,98,883,0.989721128540715,0.028627789176388706,-0.3781090086932396,0.3781090086932396,0.6536163450763708,0.5286489794428623,0.9997872552387417
Case4,Test_165,6.0,-37.0,9598.693253111334,2,2,high,kept_original_label,ok,1001,70,911,0.9826282099538455,0.036973652654947946,-0.48632485601528197,0.48632485601528197,0.8436174835560121,0.4407751392763765,0.9996146057209525
Case4,Test_166,-22.0,23.0,9513.837311651518,2,2,high,kept_original_label,ok,1001,72,909,0.9825598882718899,0.037279497641914044,-0.49282066370905475,0.49282066370905475,0.8345063954272499,0.4402773884808301,0.9995441828723187
Case4,Test_167,-71.0,-50.0,12440.649110362274,1,1,high,kept_original_label,ok,1001,540,441,0.9996849061627575,0.005105263741256704,-0.06743560480315149,0.06743560480315149,0.12255098891605205,0.8853629715859608,0.9999919431195442
Case4,Test_168,-16.0,-87.0,11326.579075781408,2,2,high,kept_original_label,ok,1001,110,871,0.9911155198126542,0.026800366435468466,-0.3559507998521569,0.3559507998521569,0.5952218795330617,0.5559496046229861,0.9997952994941204
Case4,Test_169,-46.0,-76.0,12994.343967712655,1,1,high,kept_original_label,ok,1001,439,542,0.9995405983720947,0.006205396180254286,-0.0828937694742621,0.0828937694742621,0.1248593776052054,0.8822169599270557,0.99998473469515
Case4,Test_170,1.0,-16.0,6386.517132513861,3,3,high,kept_original_label,ok,1001,29,952,0.9621888708253017,0.05431016227802647,-0.7154166349362259,0.7154166349362259,1.2768751035409769,0.27382926191794454,0.9969265364927042
Case4,Test_171,80.0,66.0,7777.081126655808,1,1,high,kept_original_label,ok,1001,506,475,0.9994138558957122,0.006930682638106574,-0.0896044213833991,0.0896044213833991,0.17142463872554975,0.8453246899510032,0.9999933405055397
Case4,Test_172,7.0,42.0,10045.565448893694,2,2,high,kept_original_label,ok,1001,79,902,0.9856586341552658,0.03362522198238032,-0.4423481539945925,0.4423481539945925,0.7729760426291785,0.47265337274084407,0.9997017461276999
Case4,Test_173,68.0,90.0,6932.807194571555,1,1,high,kept_original_label,ok,1001,444,537,0.9996404567425919,0.005447498351980912,-0.07152870809031188,0.07152870809031188,0.13234587795898053,0.8772829337132648,0.9999931007823264
Case4,Test_174,-69.0,28.0,12880.509184122304,2,2,high,kept_original_label,ok,1001,192,789,0.9950409600755201,0.019961740456428047,-0.26302641472390426,0.26302641472390426,0.46987612916896904,0.6329255672781259,0.9999046700651093
Case4,Test_175,66.0,18.0,11723.841772365358,2,2,high,kept_original_label,ok,1001,125,856,0.9923013622897201,0.02482292656788843,-0.3279692235885337,0.3279692235885337,0.5723589920652536,0.5720952046657217,0.9998399451870122
Case4,Test_176,-56.0,-10.0,11063.310691201626,2,2,high,kept_original_label,ok,1001,101,880,0.9896590345014288,0.028664943749308003,-0.3779886999072726,0.3779886999072726,0.6608439484550694,0.526117413271359,0.9997872776743468
Case4,Test_177,65.0,-4.0,10808.613016572035,2,2,high,kept_original_label,ok,1001,92,889,0.9889741409644243,0.029634729254797616,-0.3914109225031913,0.3914109225031913,0.6747151743168066,0.5177915616903229,0.999771650883666
Case4,Test_178,79.0,72.0,6871.073988474756,1,1,high,kept_original_label,ok,1001,474,507,0.9995911003996037,0.005803910962437088,-0.07579126119310921,0.07579126119310921,0.14200713484068953,0.8692585886327258,0.9999936109594592
Case4,Test_179,36.0,-84.0,13329.64516744905,1,2,high,report_change_supported_by_csv_curvature,ok,1001,258,723,0.996259536188155,0.017347944104549567,-0.22759016708441554,0.22759016708441554,0.4138074424854574,0.6691542018760622,0.999936837912984
Case4,Test_180,22.0,-27.0,10233.43773251763,2,2,high,kept_original_label,ok,1001,88,893,0.9856374823553512,0.033931856600258756,-0.4491157303795519,0.4491157303795519,0.7548666693975109,0.47623181704781,0.9996581574017211
Case4,Test_181,-47.0,5.0,10282.293621031997,2,2,high,kept_original_label,ok,1001,85,896,0.9869797521319765,0.03204946800900344,-0.4216615475053885,0.4216615475053885,0.7399628879497189,0.48816457056659535,0.9997338384482968
Case4,Test_182,16.0,-60.0,11856.209456945178,2,2,high,kept_original_label,ok,1001,119,862,0.9917323208230998,0.025687023964281876,-0.33905503219377175,0.33905503219377175,0.5943721932586764,0.5604908748591835,0.99983087915122
Case4,Test_183,70.0,-63.0,10009.430249974312,1,1,high,kept_original_label,ok,1001,662,319,0.9994769048424744,0.006558708457242678,-0.08432062592392767,0.08432062592392767,0.15999645288897354,0.8547764540098169,0.9999961331084022
Case4,Test_184,58.0,-22.0,12281.280897240413,2,2,high,kept_original_label,ok,1001,153,828,0.993503906069224,0.02277939862175677,-0.3000414896314209,0.3000414896314209,0.5362655845799889,0.5938968527594795,0.9998716892905174
Case4,Test_185,-4.0,7.0,5713.023503734832,3,3,medium,kept_original_label,short_curve_but_usable,979,25,935,0.9536274807504705,0.0602047874470617,-0.7911669604743874,0.7911669604743874,1.4297708250126382,0.22599846591876985,0.9924352015551527
Case4,Test_186,61.0,-55.0,13106.419137843764,1,1,high,kept_original_label,ok,1001,775,206,0.9999412494584956,0.002251524946693777,0.012664285655256787,0.012664285655256787,0.07489220500620969,1.0579377808277108,0.9999974760718869
Case4,Test_187,51.0,-25.0,12479.808226621411,2,2,high,kept_original_label,ok,1001,184,797,0.9942618814611894,0.02138872821969423,-0.2806013462502573,0.2806013462502573,0.5111230354177977,0.6098556973919921,0.9998942774955291
Case4,Test_188,-30.0,-6.0,8511.437687574404,3,3,high,kept_original_label,ok,1001,56,925,0.9773274256514063,0.042131958673269826,-0.5539361299788184,0.5539361299788184,0.9630661647404191,0.39105347270813445,0.9993730354465767
Case4,Test_189,-82.0,-27.0,12329.474428414554,2,2,high,kept_original_label,ok,1001,167,814,0.9944154061958448,0.021213873924397948,-0.2805753685183465,0.2805753685183465,0.4913613541725486,0.6184295589390529,0.9998815142139302
Case4,Test_190,31.0,-45.0,13356.430082853198,1,2,high,report_change_supported_by_csv_curvature,ok,1001,279,702,0.9957986485255655,0.018306237254894008,-0.23816093367532265,0.23816093367532265,0.44361287911976244,0.652494089566696,0.9999415581487583
Case4,Test_191,-48.0,-78.0,12128.39823447727,1,1,high,kept_original_label,ok,1001,439,542,0.9994857071168451,0.006539415120629685,-0.08719915538917795,0.08719915538917795,0.14414560730880405,0.8661621167720875,0.9999860043544095
Case4,Test_192,-34.0,65.0,13788.629569607529,1,2,high,report_change_supported_by_csv_curvature,ok,1001,279,702,0.9963327619810463,0.017167636763542757,-0.224774004867592,0.224774004867592,0.4101101585271472,0.6720100330229665,0.9999428590396788
Case4,Test_193,41.0,-83.0,13329.543843673988,1,1,high,kept_original_label,ok,1001,329,652,0.9990281529126447,0.009116499407181032,-0.12094882480348512,0.12094882480348512,0.1632641048397834,0.8479232084625726,0.9999697113084799
Case4,Test_194,-29.0,74.0,13037.617786195782,1,2,high,report_change_supported_by_csv_curvature,ok,1001,194,787,0.995212283976903,0.019637198981922382,-0.25914247963687476,0.25914247963687476,0.4593865338718572,0.6387849002864517,0.9999039405129588
Case4,Test_195,43.0,37.0,14179.720775686805,1,1,high,kept_original_label,ok,1001,418,563,0.9970906148565208,0.015284620893879351,-0.19787718735079166,0.19787718735079166,0.3667826506827573,0.7023055269158661,0.9999726242028733
Case4,Test_196,-73.0,89.0,6124.676297819709,1,1,high,kept_original_label,ok,1001,409,572,0.9997734587359175,0.004340789687676904,-0.0578069945393014,0.0578069945393014,0.09897918593999308,0.9060430522714582,0.9999933290484032
Case4,Test_197,-41.0,12.0,10227.509870764963,2,2,high,kept_original_label,ok,1001,90,891,0.9869184509747159,0.03214426138866795,-0.4230821725849894,0.4230821725849894,0.7393450589762013,0.48818955869035613,0.9997342262706411
Case4,Test_198,-64.0,-44.0,14604.682330826028,1,1,high,kept_original_label,ok,1001,541,440,0.9976058728761865,0.013976120655663851,-0.18340517648341892,0.18340517648341892,0.3163295250461392,0.7344884649438661,0.9999739464531083
Case4,Test_199,-62.0,-53.0,13399.517584569889,1,1,high,kept_original_label,ok,1001,750,231,0.9993884568199184,0.007040068902689805,-0.08406565152668023,0.08406565152668023,0.19452373040609114,0.8288045519320186,0.9999975569533761
Case4,Test_200,35.0,82.0,13238.377906591237,1,2,high,report_change_supported_by_csv_curvature,ok,1001,246,735,0.9961427090149523,0.0176203309115109,-0.2314396972522567,0.2314396972522567,0.41860304762135614,0.6659437506837315,0.9999318839569112
