model,fold,case,u3_folder,test_id,pt_true,pt_pred,abs_error
extra_trees,1,Case2,2-2,011,7744.72,7974.2455000000255,229.5255000000252
extra_trees,1,Case2,2-2,041,8712.09,8679.165655555544,32.92434444445644
extra_trees,1,Case2,2-2,045,8854.74,8903.216377777815,48.47637777781529
extra_trees,1,Case2,2-2,052,9034.28,9765.910266666602,731.6302666666015
extra_trees,1,Case2,2-2,058,8585.22,8783.112800000017,197.89280000001781
extra_trees,1,Case2,2-2,064,9213.87,9116.828022222171,97.04197777782974
extra_trees,1,Case2,2-2,073,9232.53,9191.258533333334,41.27146666666704
extra_trees,1,Case2,2-2,075,9367.34,9094.869777777749,272.4702222222513
extra_trees,1,Case2,2-2,087,11639.6,10878.623144444442,760.9768555555584
extra_trees,1,Case2,2-2,097,8747.88,8879.282511111125,131.40251111112593
extra_trees,1,Case2,2-2,104,8064.82,8104.549433333408,39.72943333340845
extra_trees,1,Case2,2-2,111,8024.11,8453.184522222231,429.0745222222313
extra_trees,1,Case2,2-2,120,8876.83,9162.286600000025,285.456600000025
extra_trees,1,Case2,2-2,132,11718.6,11343.388411111097,375.21158888890386
extra_trees,1,Case2,2-2,136,8842.46,8742.62952222219,99.83047777780848
extra_trees,1,Case2,2-2,138,9373.89,9334.04817777781,39.841822222189876
extra_trees,1,Case2,2-2,162,8347.5,8460.347644444411,112.84764444441134
extra_trees,1,Case2,2-2,191,8182.2,8294.355355555623,112.15535555562292
extra_trees,1,Case2,2-2,202,9328.45,9426.91167777781,98.46167777781011
extra_trees,1,Case2,2-2,203,10452.2,10392.067000000015,60.13299999998526
extra_trees,1,Case2,2-2,227,7772.28,7980.435533333316,208.15553333331627
extra_trees,1,Case2,2-2,228,9009.52,9647.405399999967,637.8853999999665
extra_trees,1,Case2,2-2,231,8906.39,8936.343366666732,29.95336666673211
extra_trees,1,Case2,2-2,235,8307.34,8317.952200000042,10.612200000041412
extra_trees,1,Case2,2-2,237,9413.17,9717.50707777783,304.3370777778291
extra_trees,1,Case2,2-2,283,8694.18,8944.89129999997,250.71129999996992
extra_trees,1,Case2,2-3,030,6271.66,6499.594833333359,227.93483333335917
extra_trees,1,Case2,2-3,088,9582.35,9258.735755555592,323.61424444440854
extra_trees,1,Case2,2-3,126,6540.67,6289.849000000012,250.8209999999881
extra_trees,1,Case2,2-3,159,5114.45,5081.85049999999,32.599500000010266
extra_trees,1,Case2,2-3,167,4929.14,4923.938133333323,5.201866666677233
extra_trees,1,Case2,2-3,210,7169.93,7373.407655555539,203.47765555553906
extra_trees,1,Case2,2-3,215,5826.76,5768.040966666695,58.71903333330556
extra_trees,1,Case2,2-3,239,8001.3,8462.235300000044,460.93530000004375
extra_trees,1,Case2,2-3,248,7687.01,7670.382622222182,16.627377777817856
extra_trees,1,Case2,2-3,256,7025.17,7138.600633333276,113.43063333327609
extra_trees,1,Case2,2-3,291,6712.27,7049.033622222199,336.76362222219814
extra_trees,1,Case2,2-3,298,8637.42,8560.104733333335,77.31526666666468
extra_trees,1,Case2,2-3,299,7867.89,7749.323466666638,118.56653333336271
extra_trees,1,Case3,3-2,011,7792.35,7565.575633333356,226.7743666666447
extra_trees,1,Case3,3-2,041,8761.44,8713.593588888918,47.84641111108249
extra_trees,1,Case3,3-2,045,8910.16,8619.658944444509,290.5010555554909
extra_trees,1,Case3,3-2,052,9044.2,9656.64507777776,612.4450777777602
extra_trees,1,Case3,3-2,058,8639.59,8780.881077777796,141.2910777777961
extra_trees,1,Case3,3-2,064,9261.27,9199.99503333343,61.274966666571345
extra_trees,1,Case3,3-2,073,9251.96,9279.28511111112,27.32511111112035
extra_trees,1,Case3,3-2,075,9364.49,9138.014744444403,226.47525555559696
extra_trees,1,Case3,3-2,088,9648.35,9342.967999999963,305.3820000000378
extra_trees,1,Case3,3-2,097,8785.64,8918.28908888901,132.64908888901118
extra_trees,1,Case3,3-2,104,8078.29,8119.510466666721,41.22046666672122
extra_trees,1,Case3,3-2,111,8053.2,8446.355099999948,393.1550999999481
extra_trees,1,Case3,3-2,120,8940.13,9176.848411111174,236.71841111117465
extra_trees,1,Case3,3-2,136,8867.91,8775.1105333333,92.79946666670003
extra_trees,1,Case3,3-2,138,9435.7,9444.221255555552,8.521255555551761
extra_trees,1,Case3,3-2,162,8405.27,8417.03485555556,11.764855555558825
extra_trees,1,Case3,3-2,191,8216.35,8303.26020000006,86.91020000006029
extra_trees,1,Case3,3-2,202,9359.41,9467.044144444486,107.63414444448608
extra_trees,1,Case3,3-2,203,10533.7,10386.09244444443,147.6075555555708
extra_trees,1,Case3,3-2,231,8918.4,8951.790588888962,33.39058888896216
extra_trees,1,Case3,3-2,235,8335.92,8325.482611111147,10.437388888853093
extra_trees,1,Case3,3-2,283,8705.14,8811.092188888875,105.95218888887575
extra_trees,1,Case3,3-3,030,5275.29,6446.092355555583,1170.8023555555828
extra_trees,1,Case3,3-3,126,6544.8,6620.515599999987,75.71559999998681
extra_trees,1,Case3,3-3,159,5126.49,4991.468022222231,135.02197777776837
extra_trees,1,Case3,3-3,167,4936.89,4947.61445555557,10.724455555569875
extra_trees,1,Case3,3-3,215,5850.45,5918.609866666691,68.15986666669141
extra_trees,1,Case3,3-3,227,7813.14,7538.550144444429,274.5898555555714
extra_trees,1,Case3,3-3,239,8051.72,8173.737677777783,122.01767777778241
extra_trees,1,Case3,3-3,248,7728.94,7761.048722222196,32.108722222196775
extra_trees,1,Case3,3-3,256,7065.09,6875.868999999993,189.22100000000682
extra_trees,1,Case3,3-3,291,6740.72,6647.187955555586,93.53204444441417
extra_trees,1,Case3,3-3,298,8687.94,8593.940011111135,93.99998888886512
extra_trees,1,Case3,3-3,299,7887.16,8071.1406999999845,183.9806999999846
extra_trees,1,Case4,4-2,011,7736.55,7970.507744444468,233.9577444444676
extra_trees,1,Case4,4-2,041,8722.7,8689.195344444415,33.50465555558549
extra_trees,1,Case4,4-2,045,8835.17,6480.38696666673,2354.7830333332704
extra_trees,1,Case4,4-2,052,9036.4,9767.382233333312,730.9822333333123
extra_trees,1,Case4,4-2,058,8625.62,8811.462500000052,185.8425000000516
extra_trees,1,Case4,4-2,064,9241.54,9139.19913333337,102.34086666663097
extra_trees,1,Case4,4-2,073,9240.82,9183.203388888856,57.61661111114336
extra_trees,1,Case4,4-2,075,9362.12,9096.898333333293,265.2216666667082
extra_trees,1,Case4,4-2,087,11685.5,10890.696911111068,794.8030888889316
extra_trees,1,Case4,4-2,088,9569.85,9217.459288888884,352.3907111111166
extra_trees,1,Case4,4-2,097,8715.93,8816.901433333302,100.97143333330132
extra_trees,1,Case4,4-2,104,8074.1,8111.5301555555525,37.43015555555212
extra_trees,1,Case4,4-2,111,8036.41,8455.41755555554,419.0075555555395
extra_trees,1,Case4,4-2,120,8877.22,9158.83227777782,281.61227777782005
extra_trees,1,Case4,4-2,126,6539.82,6290.602111111103,249.2178888888966
extra_trees,1,Case4,4-2,132,11688.4,11349.534188888882,338.8658111111181
extra_trees,1,Case4,4-2,134,10817.1,10964.070377777734,146.97037777773403
extra_trees,1,Case4,4-2,136,8850.5,8747.296733333282,103.20326666671826
extra_trees,1,Case4,4-2,138,9382.58,9305.235511111132,77.344488888868
extra_trees,1,Case4,4-2,148,12684.8,11145.730933333247,1539.0690666667524
extra_trees,1,Case4,4-2,162,8379.19,8462.326533333307,83.13653333330694
extra_trees,1,Case4,4-2,191,8208.02,8303.463699999947,95.44369999994706
extra_trees,1,Case4,4-2,202,9337.74,9306.599244444447,31.14075555555246
extra_trees,1,Case4,4-2,203,10441.9,10388.746699999956,53.1533000000436
extra_trees,1,Case4,4-2,227,7765.88,7976.351944444424,210.47194444442357
extra_trees,1,Case4,4-2,228,9018.71,9654.703533333324,635.9935333333251
extra_trees,1,Case4,4-2,231,8913.59,8952.087033333282,38.49703333328216
extra_trees,1,Case4,4-2,235,8315.67,8325.305655555501,9.635655555501216
extra_trees,1,Case4,4-2,237,9420.0,9724.907311111143,304.9073111111429
extra_trees,1,Case4,4-2,283,8701.52,8913.94405555552,212.42405555551886
extra_trees,1,Case4,4-3,030,6274.73,6500.845577777793,226.11557777779308
extra_trees,1,Case4,4-3,159,5120.11,5082.1499888889175,37.96001111108217
extra_trees,1,Case4,4-3,167,4933.23,4923.931011111153,9.298988888846907
extra_trees,1,Case4,4-3,210,7171.42,7374.8548444444605,203.4348444444604
extra_trees,1,Case4,4-3,215,5827.83,5770.228900000025,57.601099999975304
extra_trees,1,Case4,4-3,239,7989.15,8137.9397333333745,148.7897333333749
extra_trees,1,Case4,4-3,248,7688.39,7671.617000000018,16.77299999998195
extra_trees,1,Case4,4-3,256,7023.06,7134.909566666615,111.84956666661492
extra_trees,1,Case4,4-3,291,6707.27,7049.644533333348,342.37453333334724
extra_trees,1,Case4,4-3,298,8636.61,8282.404955555585,354.20504444441576
extra_trees,1,Case4,4-3,299,7862.29,7747.081011111121,115.2089888888786
extra_trees,2,Case2,2-2,009,8330.47,8847.787700000003,517.3177000000032
extra_trees,2,Case2,2-2,017,9424.95,9323.284955555482,101.66504444451857
extra_trees,2,Case2,2-2,028,10597.82,10260.645744444477,337.1742555555229
extra_trees,2,Case2,2-2,040,9308.02,9613.224566666677,305.2045666666763
extra_trees,2,Case2,2-2,047,9107.6,9494.899344444451,387.299344444451
extra_trees,2,Case2,2-2,051,9336.15,9813.8995666666,477.7495666666
extra_trees,2,Case2,2-2,057,8677.45,8576.046655555636,101.40334444436485
extra_trees,2,Case2,2-2,063,10920.8,10820.389055555523,100.41094444447663
extra_trees,2,Case2,2-2,069,10912.0,10917.492166666665,5.492166666665071
extra_trees,2,Case2,2-2,078,9466.57,9256.245399999918,210.32460000008177
extra_trees,2,Case2,2-2,083,9169.83,8823.455255555487,346.37474444451254
extra_trees,2,Case2,2-2,095,9000.84,9159.827755555534,158.98775555553402
extra_trees,2,Case2,2-2,102,8859.91,8993.186977777708,133.27697777770845
extra_trees,2,Case2,2-2,103,8505.85,8553.18633333334,47.33633333334001
extra_trees,2,Case2,2-2,110,8039.72,8142.867600000108,103.14760000010756
extra_trees,2,Case2,2-2,125,8701.62,8546.771633333377,154.8483666666234
extra_trees,2,Case2,2-2,144,11805.8,11076.20006666663,729.5999333333693
extra_trees,2,Case2,2-2,147,8733.58,8908.67378888882,175.0937888888202
extra_trees,2,Case2,2-2,166,8202.09,8180.019444444492,22.07055555550778
extra_trees,2,Case2,2-2,182,8713.56,8574.42508888889,139.13491111111034
extra_trees,2,Case2,2-2,190,11761.0,10991.878544444407,769.1214555555925
extra_trees,2,Case2,2-2,201,8916.75,9115.934077777725,199.18407777772518
extra_trees,2,Case2,2-2,214,8549.55,8514.137455555567,35.41254444443257
extra_trees,2,Case2,2-2,219,8827.59,8581.432422222204,246.15757777779618
extra_trees,2,Case2,2-2,225,8689.59,8660.437166666636,29.15283333336447
extra_trees,2,Case2,2-2,233,8783.48,8771.316722222244,12.163277777755866
extra_trees,2,Case2,2-2,271,10256.9,10111.107244444453,145.79275555554705
extra_trees,2,Case2,2-2,285,9252.88,9198.016022222248,54.86397777775164
extra_trees,2,Case2,2-2,287,8772.37,9040.781099999944,268.41109999994296
extra_trees,2,Case2,2-3,072,7542.06,7983.848277777802,441.78827777780134
extra_trees,2,Case2,2-3,119,7399.44,7710.978033333309,311.5380333333096
extra_trees,2,Case2,2-3,155,8194.83,8028.757977777792,166.07202222220803
extra_trees,2,Case2,2-3,204,8795.31,8941.653799999944,146.34379999994417
extra_trees,2,Case2,2-3,232,7789.35,7734.414788888825,54.935211111175704
extra_trees,2,Case2,2-3,245,7852.4,8184.688233333347,332.2882333333473
extra_trees,2,Case2,2-3,259,8168.05,8072.052733333356,95.99726666664446
extra_trees,2,Case2,2-3,293,7286.09,7608.920466666641,322.83046666664086
extra_trees,2,Case3,3-2,009,8861.12,8608.222011111051,252.89798888894984
extra_trees,2,Case3,3-2,017,9436.03,9461.17294444442,25.14294444442021
extra_trees,2,Case3,3-2,028,10604.84,10209.937833333364,394.9021666666358
extra_trees,2,Case3,3-2,040,9402.13,9757.40084444446,355.27084444446155
extra_trees,2,Case3,3-2,047,9170.59,9434.247800000063,263.6578000000627
extra_trees,2,Case3,3-2,051,9400.18,10021.194188888867,621.0141888888666
extra_trees,2,Case3,3-2,057,8713.41,8642.215788888923,71.19421111107658
extra_trees,2,Case3,3-2,063,10926.7,10274.68492222217,652.0150777778308
extra_trees,2,Case3,3-2,078,9469.55,9367.074300000035,102.47569999996449
extra_trees,2,Case3,3-2,083,9146.8,8815.904388888972,330.8956111110274
extra_trees,2,Case3,3-2,095,9043.4,9171.316444444481,127.91644444448139
extra_trees,2,Case3,3-2,102,8869.34,8919.721622222272,50.3816222222722
extra_trees,2,Case3,3-2,103,8564.86,8541.866055555578,22.993944444422596
extra_trees,2,Case3,3-2,110,8076.74,8085.932022222143,9.19202222214335
extra_trees,2,Case3,3-2,125,8744.04,8595.337811111143,148.70218888885756
extra_trees,2,Case3,3-2,147,8800.48,8970.566511111072,170.08651111107247
extra_trees,2,Case3,3-2,166,8255.97,8195.46852222221,60.50147777778875
extra_trees,2,Case3,3-2,170,10975.3,11893.07089999995,917.7708999999504
extra_trees,2,Case3,3-2,182,8747.62,8711.486399999983,36.133600000017395
extra_trees,2,Case3,3-2,183,10931.7,10886.229044444433,45.47095555556734
extra_trees,2,Case3,3-2,190,11737.4,10296.47163333328,1440.9283666667197
extra_trees,2,Case3,3-2,201,8975.94,9072.413022222267,96.47302222226608
extra_trees,2,Case3,3-2,214,8583.16,8536.459688888914,46.700311111086194
extra_trees,2,Case3,3-2,219,8860.89,8645.757833333353,215.1321666666463
extra_trees,2,Case3,3-2,225,8717.82,8704.973755555622,12.84624444437759
extra_trees,2,Case3,3-2,233,8803.36,8603.123855555563,200.23614444443774
extra_trees,2,Case3,3-2,245,7898.81,8079.030622222238,180.22062222223758
extra_trees,2,Case3,3-2,271,10286.4,10275.28944444446,11.110555555540486
extra_trees,2,Case3,3-2,285,9287.2,9258.861433333177,28.33856666682368
extra_trees,2,Case3,3-2,287,8809.84,8902.087499999981,92.2474999999813
extra_trees,2,Case3,3-3,072,7553.53,7737.512677777775,183.98267777777528
extra_trees,2,Case3,3-3,119,7414.86,7397.809188888865,17.050811111134863
extra_trees,2,Case3,3-3,155,8209.51,8298.99238888895,89.48238888894957
extra_trees,2,Case3,3-3,232,7827.7,7840.746655555547,13.04665555554675
extra_trees,2,Case3,3-3,259,8197.8,8270.799688888897,72.99968888889816
extra_trees,2,Case3,3-3,293,7297.97,7222.177555555508,75.7924444444925
extra_trees,2,Case4,4-2,009,8840.09,8853.82748888894,13.73748888893897
extra_trees,2,Case4,4-2,017,9433.28,9332.243944444423,101.03605555557806
extra_trees,2,Case4,4-2,028,10604.54,10263.727722222253,340.812277777748
extra_trees,2,Case4,4-2,040,9305.13,9606.91087777776,301.7808777777609
extra_trees,2,Case4,4-2,047,9103.12,9501.504777777805,398.38477777780463
extra_trees,2,Case4,4-2,051,9338.59,9875.203955555524,536.6139555555237
extra_trees,2,Case4,4-2,057,8697.52,8584.91574444439,112.60425555561051
extra_trees,2,Case4,4-2,063,10932.6,10828.559433333266,104.04056666673387
extra_trees,2,Case4,4-2,069,10936.3,10914.164877777723,22.13512222227655
extra_trees,2,Case4,4-2,078,9467.42,9262.014111111139,205.40588888886123
extra_trees,2,Case4,4-2,083,9146.78,8816.501699999966,330.2783000000345
extra_trees,2,Case4,4-2,095,9040.08,9166.545177777796,126.46517777779627
extra_trees,2,Case4,4-2,102,8864.8,9006.698311111059,141.89831111105923
extra_trees,2,Case4,4-2,103,8517.72,8570.491022222253,52.77102222225403
extra_trees,2,Case4,4-2,110,8041.65,8143.564166666544,101.91416666654459
extra_trees,2,Case4,4-2,125,8718.13,8550.696822222175,167.4331777778243
extra_trees,2,Case4,4-2,144,11873.3,11103.934188888883,769.3658111111163
extra_trees,2,Case4,4-2,147,8729.84,8901.905766666658,172.0657666666575
extra_trees,2,Case4,4-2,155,8194.12,8027.440366666696,166.679633333305
extra_trees,2,Case4,4-2,166,8208.83,8183.698566666617,25.13143333338303
extra_trees,2,Case4,4-2,170,10869.2,11257.327444444421,388.1274444444207
extra_trees,2,Case4,4-2,182,8724.97,8578.519377777813,146.4506222221862
extra_trees,2,Case4,4-2,183,10845.2,10762.725588888876,82.47441111112494
extra_trees,2,Case4,4-2,190,11777.6,11001.672811111093,775.927188888907
extra_trees,2,Case4,4-2,201,8923.11,9122.585744444446,199.4757444444458
extra_trees,2,Case4,4-2,213,11543.1,11020.354577777687,522.7454222223132
extra_trees,2,Case4,4-2,214,8560.65,8547.082566666691,13.567433333308145
extra_trees,2,Case4,4-2,219,8841.61,8585.645666666629,255.96433333337154
extra_trees,2,Case4,4-2,225,8700.96,8662.945600000003,38.014399999996385
extra_trees,2,Case4,4-2,233,8795.54,8802.285855555581,6.74585555558042
extra_trees,2,Case4,4-2,245,7842.49,8155.877511111078,313.3875111110783
extra_trees,2,Case4,4-2,259,8171.67,8073.298199999997,98.37180000000262
extra_trees,2,Case4,4-2,271,10282.7,10111.910766666662,170.78923333333842
extra_trees,2,Case4,4-2,285,9279.79,9211.875855555525,67.91414444447582
extra_trees,2,Case4,4-2,287,8805.29,9043.847911111094,238.55791111109284
extra_trees,2,Case4,4-3,072,7545.12,7984.49681111113,439.37681111113034
extra_trees,2,Case4,4-3,119,7400.95,7712.503788888869,311.55378888886935
extra_trees,2,Case4,4-3,204,8802.13,8933.500311111036,131.37031111103715
extra_trees,2,Case4,4-3,232,7777.07,7733.5155333333,43.55446666670014
extra_trees,2,Case4,4-3,293,7288.72,7607.571366666637,318.85136666663675
extra_trees,3,Case2,2-2,008,8202.0,8381.18145555555,179.1814555555502
extra_trees,3,Case2,2-2,015,10652.0,10697.519211111125,45.519211111124605
extra_trees,3,Case2,2-2,024,9413.52,9305.558477777806,107.96152222219462
extra_trees,3,Case2,2-2,048,8691.37,8692.918888888973,1.5488888889722148
extra_trees,3,Case2,2-2,050,8877.12,8727.799844444438,149.32015555556245
extra_trees,3,Case2,2-2,056,8144.72,8736.73646666674,592.0164666667397
extra_trees,3,Case2,2-2,062,9522.37,9397.571311111038,124.79868888896272
extra_trees,3,Case2,2-2,071,9138.12,9829.544700000046,691.424700000045
extra_trees,3,Case2,2-2,077,8790.51,8605.017155555584,185.49284444441582
extra_trees,3,Case2,2-2,081,10977.1,10990.421255555526,13.321255555525568
extra_trees,3,Case2,2-2,091,8293.19,8119.385811111108,173.8041888888929
extra_trees,3,Case2,2-2,109,8642.92,8637.025877777805,5.89412222219471
extra_trees,3,Case2,2-2,114,10572.9,10156.89515555554,416.0048444444601
extra_trees,3,Case2,2-2,115,9258.09,9130.478433333343,127.61156666665738
extra_trees,3,Case2,2-2,116,9174.09,8969.733500000024,204.35649999997622
extra_trees,3,Case2,2-2,123,8125.45,8155.2446111111385,29.794611111138693
extra_trees,3,Case2,2-2,133,9249.03,9109.855177777745,139.1748222222559
extra_trees,3,Case2,2-2,146,9272.74,9627.569811111094,354.8298111110944
extra_trees,3,Case2,2-2,152,9294.17,9082.025000000036,212.14499999996406
extra_trees,3,Case2,2-2,172,8239.94,8214.774388888878,25.165611111122416
extra_trees,3,Case2,2-2,177,9424.77,9377.22952222229,47.5404777777112
extra_trees,3,Case2,2-2,180,8143.85,8927.1717888889,783.3217888888994
extra_trees,3,Case2,2-2,196,10254.4,9393.322933333306,861.077066666694
extra_trees,3,Case2,2-2,238,8866.98,8812.653600000003,54.32639999999628
extra_trees,3,Case2,2-2,242,9396.1,9383.44048888881,12.659511111191023
extra_trees,3,Case2,2-2,258,8643.84,8736.022055555602,92.18205555560235
extra_trees,3,Case2,2-2,266,9711.57,9592.024611111026,119.54538888897332
extra_trees,3,Case2,2-2,270,8830.99,8739.265744444421,91.72425555557857
extra_trees,3,Case2,2-2,275,8694.42,8817.84793333335,123.42793333335067
extra_trees,3,Case2,2-2,278,9139.56,9023.516511111187,116.04348888881213
extra_trees,3,Case2,2-2,282,9371.54,9265.728611111159,105.81138888884198
extra_trees,3,Case2,2-2,295,8196.05,8398.901322222204,202.85132222220454
extra_trees,3,Case2,2-3,036,7754.89,7156.345555555483,598.5444444445175
extra_trees,3,Case2,2-3,165,5276.65,5401.281566666673,124.63156666667328
extra_trees,3,Case2,2-3,189,7217.93,7348.235333333286,130.3053333332855
extra_trees,3,Case2,2-3,218,5864.28,5844.434911111128,19.845088888871942
extra_trees,3,Case2,2-3,220,8311.51,7661.148233333281,650.3617666667196
extra_trees,3,Case2,2-3,280,7520.07,7757.45223333332,237.38223333332007
extra_trees,3,Case3,3-2,008,8213.98,8407.9242,193.9441999999999
extra_trees,3,Case3,3-2,015,10732.5,10738.450355555562,5.950355555562055
extra_trees,3,Case3,3-2,024,9440.06,9407.519044444467,32.54095555553249
extra_trees,3,Case3,3-2,048,8730.41,8720.726455555608,9.683544444391373
extra_trees,3,Case3,3-2,050,8901.81,8875.97144444455,25.838555555448693
extra_trees,3,Case3,3-2,056,8762.19,8751.126600000092,11.063399999908142
extra_trees,3,Case3,3-2,062,9575.86,9292.011122222188,283.84887777781296
extra_trees,3,Case3,3-2,071,9195.52,9826.86987777774,631.3498777777404
extra_trees,3,Case3,3-2,077,8307.05,8827.905133333428,520.855133333429
extra_trees,3,Case3,3-2,109,8682.53,8655.404533333314,27.125466666686407
extra_trees,3,Case3,3-2,114,10635.3,10404.45099999998,230.84900000002017
extra_trees,3,Case3,3-2,115,9323.93,9194.94692222225,128.9830777777497
extra_trees,3,Case3,3-2,116,9150.74,8980.171433333287,170.5685666667123
extra_trees,3,Case3,3-2,123,8156.32,8158.116599999991,1.7965999999914857
extra_trees,3,Case3,3-2,133,9265.39,9172.530077777797,92.85992222220193
extra_trees,3,Case3,3-2,146,9361.04,9656.80652222215,295.76652222214943
extra_trees,3,Case3,3-2,152,9363.76,9156.199688888924,207.56031111107586
extra_trees,3,Case3,3-2,172,8266.19,8233.428055555478,32.76194444452267
extra_trees,3,Case3,3-2,176,10315.16,10290.945755555489,24.21424444451077
extra_trees,3,Case3,3-2,177,9462.03,9442.258066666742,19.771933333258858
extra_trees,3,Case3,3-2,180,8152.2,8956.134922222203,803.9349222222036
extra_trees,3,Case3,3-2,189,7246.19,7182.6889999999385,63.50100000006114
extra_trees,3,Case3,3-2,238,8384.56,8841.556588888909,456.9965888889092
extra_trees,3,Case3,3-2,242,9437.64,9678.49423333333,240.85423333332983
extra_trees,3,Case3,3-2,258,8666.11,8620.654233333411,45.455766666589625
extra_trees,3,Case3,3-2,266,9777.29,9612.516699999973,164.77330000002803
extra_trees,3,Case3,3-2,270,8876.44,8770.100944444419,106.33905555558158
extra_trees,3,Case3,3-2,275,8701.13,8814.00863333333,112.87863333333007
extra_trees,3,Case3,3-2,278,9198.17,9090.68344444435,107.48655555564983
extra_trees,3,Case3,3-2,282,9411.36,9324.628788888946,86.73121111105502
extra_trees,3,Case3,3-2,295,8201.15,8419.726211111074,218.57621111107437
extra_trees,3,Case3,3-3,036,7794.38,7670.771844444481,123.60815555551926
extra_trees,3,Case3,3-3,091,8342.49,8280.227922222197,62.262077777802915
extra_trees,3,Case3,3-3,165,5278.12,5589.489588888913,311.3695888889133
extra_trees,3,Case3,3-3,280,7564.28,7529.963122222195,34.31687777780462
extra_trees,3,Case4,4-2,008,8209.52,8389.727888888878,180.20788888887728
extra_trees,3,Case4,4-2,015,10642.8,10681.485966666705,38.68596666670601
extra_trees,3,Case4,4-2,024,9426.01,9310.613933333387,115.39606666661348
extra_trees,3,Case4,4-2,048,8710.39,8701.032833333229,9.357166666770354
extra_trees,3,Case4,4-2,050,8890.25,8710.965022222219,179.28497777778102
extra_trees,3,Case4,4-2,056,8754.9,8748.652088888955,6.247911111044232
extra_trees,3,Case4,4-2,062,9494.73,9418.944777777733,75.78522222226638
extra_trees,3,Case4,4-2,071,9135.7,9815.772544444499,680.0725444444979
extra_trees,3,Case4,4-2,077,8799.82,8798.982888888908,0.8371111110918719
extra_trees,3,Case4,4-2,081,10995.6,11004.376011111088,8.776011111087428
extra_trees,3,Case4,4-2,092,13258.17,11080.613011111105,2177.556988888895
extra_trees,3,Case4,4-2,109,8674.95,8652.662511111084,22.287488888916414
extra_trees,3,Case4,4-2,114,10594.3,10167.652388888902,426.6476111110969
extra_trees,3,Case4,4-2,115,9272.93,9142.070655555572,130.85934444442864
extra_trees,3,Case4,4-2,116,9154.84,8968.084277777834,186.7557222221658
extra_trees,3,Case4,4-2,123,8142.56,8163.1111444443795,20.551144444379133
extra_trees,3,Case4,4-2,133,9261.06,9079.18607777775,181.87392222225026
extra_trees,3,Case4,4-2,146,9268.35,9627.47961111113,359.12961111112963
extra_trees,3,Case4,4-2,152,9298.31,9083.438744444475,214.87125555552484
extra_trees,3,Case4,4-2,172,8249.43,8226.003299999902,23.426700000098208
extra_trees,3,Case4,4-2,176,10314.83,10196.538133333306,118.29186666669375
extra_trees,3,Case4,4-2,177,9461.26,9345.885288888961,115.37471111103878
extra_trees,3,Case4,4-2,180,8141.71,8926.562466666719,784.852466666719
extra_trees,3,Case4,4-2,196,10261.7,9397.045300000025,864.6546999999755
extra_trees,3,Case4,4-2,238,8878.28,8841.29837777775,36.981622222250735
extra_trees,3,Case4,4-2,242,9435.72,9380.77934444444,54.940655555559715
extra_trees,3,Case4,4-2,258,8656.22,8715.649500000038,59.42950000003839
extra_trees,3,Case4,4-2,266,9697.14,9576.337166666615,120.80283333338411
extra_trees,3,Case4,4-2,270,8851.35,8748.583155555585,102.76684444441526
extra_trees,3,Case4,4-2,275,8696.95,8827.854911111164,130.90491111116353
extra_trees,3,Case4,4-2,278,9157.06,9037.660833333402,119.39916666659701
extra_trees,3,Case4,4-2,282,9407.51,9247.967844444483,159.54215555551673
extra_trees,3,Case4,4-2,295,8201.92,8409.049044444442,207.12904444444212
extra_trees,3,Case4,4-3,036,7763.61,7154.638622222166,608.9713777778334
extra_trees,3,Case4,4-3,091,8285.91,8118.288522222229,167.62147777777045
extra_trees,3,Case4,4-3,165,5276.65,5405.450566666681,128.80056666668133
extra_trees,3,Case4,4-3,189,7213.02,7345.48272222225,132.4627222222498
extra_trees,3,Case4,4-3,218,5870.83,5843.522488888924,27.307511111075655
extra_trees,3,Case4,4-3,220,8320.82,7662.4820888888535,658.3379111111462
extra_trees,3,Case4,4-3,280,7512.03,7758.302433333353,246.27243333335355
extra_trees,4,Case2,2-2,006,9021.54,8524.684188888832,496.8558111111688
extra_trees,4,Case2,2-2,014,9183.61,9086.934077777702,96.67592222229905
extra_trees,4,Case2,2-2,020,8489.01,8397.644144444439,91.36585555556121
extra_trees,4,Case2,2-2,034,8225.8,8455.598288888934,229.79828888893462
extra_trees,4,Case2,2-2,049,8796.44,8990.198266666626,193.7582666666258
extra_trees,4,Case2,2-2,054,8871.95,8901.329211111091,29.379211111090626
extra_trees,4,Case2,2-2,061,8597.57,8488.551744444376,109.01825555562391
extra_trees,4,Case2,2-2,076,8048.66,7983.289677777761,65.37032222223843
extra_trees,4,Case2,2-2,079,10970.8,11155.759777777757,184.95977777775806
extra_trees,4,Case2,2-2,090,8927.66,8966.61648888886,38.956488888859894
extra_trees,4,Case2,2-2,101,8350.83,8508.228622222241,157.3986222222411
extra_trees,4,Case2,2-2,107,8266.96,8301.269255555555,34.309255555555865
extra_trees,4,Case2,2-2,117,9017.6,9478.611211111172,461.0112111111721
extra_trees,4,Case2,2-2,122,9253.62,9078.797355555575,174.82264444442626
extra_trees,4,Case2,2-2,130,8463.5,8502.220322222229,38.72032222222879
extra_trees,4,Case2,2-2,135,11366.2,11218.001322222157,148.19867777784384
extra_trees,4,Case2,2-2,142,8320.34,8281.21176666665,39.12823333334927
extra_trees,4,Case2,2-2,143,11650.0,11367.795944444397,282.2040555556032
extra_trees,4,Case2,2-2,150,8885.36,8791.30826666669,94.05173333331004
extra_trees,4,Case2,2-2,157,8887.81,9071.203911111139,183.39391111113946
extra_trees,4,Case2,2-2,160,8262.23,8372.018900000041,109.7889000000414
extra_trees,4,Case2,2-2,186,8104.49,8087.870388888846,16.619611111153972
extra_trees,4,Case2,2-2,195,8921.21,8859.006922222272,62.20307777772723
extra_trees,4,Case2,2-2,197,11041.5,11401.97587777773,360.4758777777297
extra_trees,4,Case2,2-2,207,9311.22,9137.626211111148,173.59378888885112
extra_trees,4,Case2,2-2,217,9206.22,9187.631066666641,18.588933333358
extra_trees,4,Case2,2-2,222,8793.92,8406.55954444445,387.3604555555503
extra_trees,4,Case2,2-2,251,8173.63,8203.648911111137,30.01891111113673
extra_trees,4,Case2,2-2,254,8557.27,8639.891177777807,82.62117777780622
extra_trees,4,Case2,2-2,265,9776.91,9371.503644444449,405.4063555555513
extra_trees,4,Case2,2-2,289,8529.16,8353.36953333331,175.7904666666891
extra_trees,4,Case2,2-3,068,6619.6,6925.189933333278,305.58993333327726
extra_trees,4,Case2,2-3,113,7300.42,7373.481366666619,73.0613666666186
extra_trees,4,Case2,2-3,164,5778.96,5892.288388888916,113.32838888891638
extra_trees,4,Case2,2-3,241,5537.34,5521.138255555609,16.201744444390897
extra_trees,4,Case2,2-3,261,8316.38,8089.225755555517,227.15424444448217
extra_trees,4,Case2,2-3,284,6867.36,7493.429999999975,626.0699999999752
extra_trees,4,Case2,2-3,297,5445.15,5551.125511111153,105.97551111115354
extra_trees,4,Case3,3-2,006,9061.0,8582.960644444449,478.0393555555511
extra_trees,4,Case3,3-2,014,9241.26,9146.741755555553,94.51824444444719
extra_trees,4,Case3,3-2,020,8531.82,8369.756788888859,162.06321111114084
extra_trees,4,Case3,3-2,034,8279.16,8137.7213888888955,141.43861111110436
extra_trees,4,Case3,3-2,049,8827.47,8864.08538888884,36.61538888884024
extra_trees,4,Case3,3-2,054,8935.62,8946.982666666745,11.36266666674419
extra_trees,4,Case3,3-2,061,8639.92,8419.294000000027,220.62599999997292
extra_trees,4,Case3,3-2,076,8092.14,7831.444488888901,260.6955111110992
extra_trees,4,Case3,3-2,090,8941.44,8959.010266666763,17.57026666676211
extra_trees,4,Case3,3-2,101,8407.21,8299.871466666704,107.33853333329535
extra_trees,4,Case3,3-2,107,8328.72,8308.119566666655,20.60043333334397
extra_trees,4,Case3,3-2,117,9032.8,9171.90185555568,139.10185555568023
extra_trees,4,Case3,3-2,122,9264.56,9158.48238888895,106.07761111104992
extra_trees,4,Case3,3-2,130,8438.46,8466.377455555576,27.917455555576453
extra_trees,4,Case3,3-2,142,8368.03,8233.476211111109,134.5537888888921
extra_trees,4,Case3,3-2,150,8923.98,8837.018433333344,86.96156666665593
extra_trees,4,Case3,3-2,157,8927.15,9026.953988888916,99.80398888891614
extra_trees,4,Case3,3-2,160,8304.78,8167.863433333374,136.91656666662675
extra_trees,4,Case3,3-2,186,8153.43,8096.524811111211,56.90518888878887
extra_trees,4,Case3,3-2,195,8967.38,8897.922388888923,69.4576111110764
extra_trees,4,Case3,3-2,207,9301.84,9166.904177777848,134.93582222215264
extra_trees,4,Case3,3-2,217,9277.55,9245.633344444428,31.916655555571197
extra_trees,4,Case3,3-2,222,8802.55,8446.299844444471,356.2501555555282
extra_trees,4,Case3,3-2,251,8205.18,8208.931577777812,3.75157777781169
extra_trees,4,Case3,3-2,254,8614.23,8648.980999999878,34.75099999987833
extra_trees,4,Case3,3-2,265,9798.4,9389.200400000087,409.1995999999126
extra_trees,4,Case3,3-2,289,8561.59,8442.755399999985,118.83460000001469
extra_trees,4,Case3,3-3,068,6643.69,6561.347555555524,82.3424444444754
extra_trees,4,Case3,3-3,113,7327.34,7279.115933333408,48.22406666659208
extra_trees,4,Case3,3-3,164,5800.36,5614.000333333359,186.3596666666408
extra_trees,4,Case3,3-3,241,5555.97,5460.60552222224,95.36447777775993
extra_trees,4,Case3,3-3,261,8359.52,8192.08258888894,167.437411111061
extra_trees,4,Case3,3-3,284,6903.6,7495.514311111099,591.9143111110989
extra_trees,4,Case3,3-3,297,5465.9,5395.965444444477,69.93455555552282
extra_trees,4,Case4,4-2,006,9033.2,8530.957044444423,502.2429555555773
extra_trees,4,Case4,4-2,014,9200.57,9104.461911111055,96.10808888894462
extra_trees,4,Case4,4-2,020,8493.42,8394.214899999957,99.20510000004288
extra_trees,4,Case4,4-2,034,8217.77,8453.709888888934,235.93988888893364
extra_trees,4,Case4,4-2,049,8324.09,8992.783288888819,668.6932888888186
extra_trees,4,Case4,4-2,054,3858.23,8907.01519999995,5048.785199999951
extra_trees,4,Case4,4-2,061,8594.79,8494.4377444445,100.35225555550096
extra_trees,4,Case4,4-2,076,8047.75,7985.4245444444205,62.32545555557954
extra_trees,4,Case4,4-2,079,10986.1,11146.114844444384,160.01484444438393
extra_trees,4,Case4,4-2,090,8936.35,8989.6220111111,53.272011111099346
extra_trees,4,Case4,4-2,101,8345.89,8512.100688888931,166.21068888893205
extra_trees,4,Case4,4-2,107,8282.85,8308.68897777776,25.838977777759283
extra_trees,4,Case4,4-2,117,9020.0,9480.473366666783,460.4733666667835
extra_trees,4,Case4,4-2,122,9259.09,9091.240277777844,167.84972222215583
extra_trees,4,Case4,4-2,130,8472.59,8503.032700000009,30.4427000000087
extra_trees,4,Case4,4-2,135,11379.8,11220.172011111,159.62798888899852
extra_trees,4,Case4,4-2,139,10651.2,11264.869355555536,613.6693555555357
extra_trees,4,Case4,4-2,142,8323.03,8287.526122222209,35.503877777791786
extra_trees,4,Case4,4-2,143,11661.3,11366.184877777834,295.11512222216516
extra_trees,4,Case4,4-2,150,8393.31,8795.306522222241,401.99652222224177
extra_trees,4,Case4,4-2,157,8922.35,9079.030522222196,156.68052222219558
extra_trees,4,Case4,4-2,160,8271.05,8375.545133333393,104.49513333339382
extra_trees,4,Case4,4-2,164,5783.69,5894.004088888904,110.31408888890473
extra_trees,4,Case4,4-2,186,8108.06,8089.6052111112,18.454788888800067
extra_trees,4,Case4,4-2,195,8939.36,8867.202533333311,72.15746666668929
extra_trees,4,Case4,4-2,197,11075.8,11425.037211111056,349.23721111105624
extra_trees,4,Case4,4-2,207,9303.37,9146.146855555635,157.22314444436597
extra_trees,4,Case4,4-2,217,9207.39,9201.555099999987,5.834900000012567
extra_trees,4,Case4,4-2,222,8797.77,8411.11901111111,386.6509888888904
extra_trees,4,Case4,4-2,251,8184.93,8205.875744444455,20.94574444445425
extra_trees,4,Case4,4-2,254,8567.25,8648.136055555418,80.88605555541835
extra_trees,4,Case4,4-2,255,10433.7,9820.94369999998,612.7563000000209
extra_trees,4,Case4,4-2,261,8297.85,8086.723566666696,211.1264333333047
extra_trees,4,Case4,4-2,265,9524.98,9386.84080000002,138.1391999999796
extra_trees,4,Case4,4-2,267,10699.2,10783.602811111161,84.40281111116019
extra_trees,4,Case4,4-2,289,8537.58,8356.251988888893,181.32801111110712
extra_trees,4,Case4,4-3,068,6618.99,6927.2234333333045,308.2334333333047
extra_trees,4,Case4,4-3,113,7296.78,7371.759511111005,74.9795111110052
extra_trees,4,Case4,4-3,241,5539.4,5523.069644444404,16.330355555595816
extra_trees,4,Case4,4-3,284,6862.44,7496.614711111106,634.1747111111063
extra_trees,4,Case4,4-3,297,5450.35,5553.207477777791,102.85747777779034
extra_trees,5,Case2,2-2,001,8697.15,8494.241644444428,202.9083555555717
extra_trees,5,Case2,2-2,005,8715.42,8778.444377777761,63.0243777777614
extra_trees,5,Case2,2-2,012,8310.0,8336.166333333304,26.166333333303555
extra_trees,5,Case2,2-2,018,10022.7,10027.669755555602,4.969755555601296
extra_trees,5,Case2,2-2,019,8975.8,9230.076066666634,254.2760666666345
extra_trees,5,Case2,2-2,022,10640.2,10960.898966666675,320.6989666666741
extra_trees,5,Case2,2-2,053,7984.69,8418.221066666709,433.5310666667092
extra_trees,5,Case2,2-2,065,8961.57,9377.77592222218,416.20592222217965
extra_trees,5,Case2,2-2,089,8920.29,8788.045300000067,132.2446999999338
extra_trees,5,Case2,2-2,106,8634.92,8415.438444444457,219.4815555555433
extra_trees,5,Case2,2-2,121,8402.24,8306.241366666676,95.9986333333236
extra_trees,5,Case2,2-2,149,9353.49,9199.820977777774,153.66902222222598
extra_trees,5,Case2,2-2,158,8920.42,8737.197900000085,183.22209999991537
extra_trees,5,Case2,2-2,163,8922.57,9148.010211111075,225.44021111107577
extra_trees,5,Case2,2-2,178,9368.01,9241.167833333357,126.8421666666436
extra_trees,5,Case2,2-2,185,9058.71,8835.803700000048,222.90629999995144
extra_trees,5,Case2,2-2,216,8903.35,8725.732544444443,177.61745555555717
extra_trees,5,Case2,2-2,224,8314.63,8078.565555555519,236.0644444444806
extra_trees,5,Case2,2-2,236,9098.7,8758.277200000022,340.42279999997845
extra_trees,5,Case2,2-2,240,8845.76,9132.443266666625,286.68326666662506
extra_trees,5,Case2,2-2,253,10363.9,10612.46261111109,248.56261111109052
extra_trees,5,Case2,2-2,268,8977.42,9353.949544444435,376.5295444444346
extra_trees,5,Case2,2-2,281,8586.12,8600.960911111022,14.840911111021342
extra_trees,5,Case2,2-2,288,10817.0,10827.807966666614,10.807966666614448
extra_trees,5,Case2,2-2,290,9332.03,9220.621355555559,111.40864444444196
extra_trees,5,Case2,2-3,032,6180.54,6589.42665555555,408.8866555555496
extra_trees,5,Case2,2-3,059,5507.95,5571.242966666645,63.29296666664504
extra_trees,5,Case2,2-3,074,4993.36,5038.921011111128,45.56101111112821
extra_trees,5,Case2,2-3,098,7968.86,7778.278966666618,190.58103333338204
extra_trees,5,Case2,2-3,112,6465.49,6789.071066666643,323.581066666643
extra_trees,5,Case2,2-3,129,6945.84,7144.955066666607,199.11506666660716
extra_trees,5,Case2,2-3,140,4741.28,4985.335288888919,244.05528888891968
extra_trees,5,Case2,2-3,168,4807.71,5048.699611111168,240.98961111116841
extra_trees,5,Case2,2-3,171,6380.88,6384.047199999997,3.1671999999971376
extra_trees,5,Case2,2-3,194,6403.58,6361.533511111142,42.04648888885822
extra_trees,5,Case2,2-3,249,6042.45,5830.267477777709,212.18252222229057
extra_trees,5,Case2,2-3,263,6464.17,6698.43654444441,234.2665444444101
extra_trees,5,Case2,2-3,274,9485.0,9159.450311111108,325.549688888892
extra_trees,5,Case3,3-2,001,8768.69,8578.123700000011,190.5662999999895
extra_trees,5,Case3,3-2,005,8734.73,8742.462777777766,7.732777777766387
extra_trees,5,Case3,3-2,012,8354.82,8320.020844444423,34.79915555557636
extra_trees,5,Case3,3-2,013,10196.5,10124.51794444446,71.98205555553977
extra_trees,5,Case3,3-2,018,10050.5,9994.6953888889,55.8046111110998
extra_trees,5,Case3,3-2,019,8984.98,9142.355611111137,157.3756111111379
extra_trees,5,Case3,3-2,053,7996.97,8412.469388888932,415.4993888889321
extra_trees,5,Case3,3-2,065,9023.73,9254.714600000018,230.98460000001796
extra_trees,5,Case3,3-2,089,8934.33,8864.234866666724,70.09513333327595
extra_trees,5,Case3,3-2,106,8663.29,8546.16552222225,117.12447777775014
extra_trees,5,Case3,3-2,121,8426.2,8235.72807777778,190.4719222222211
extra_trees,5,Case3,3-2,145,11377.85,9729.461255555563,1648.3887444444372
extra_trees,5,Case3,3-2,149,9398.75,9293.640499999961,105.10950000003868
extra_trees,5,Case3,3-2,158,8940.4,8884.467533333358,55.93246666664163
extra_trees,5,Case3,3-2,163,8933.41,9098.859277777814,165.44927777781413
extra_trees,5,Case3,3-2,178,9434.99,9305.508722222212,129.4812777777879
extra_trees,5,Case3,3-2,185,9103.53,9001.61701111106,101.91298888894016
extra_trees,5,Case3,3-2,216,8948.98,8704.353511111085,244.62648888891454
extra_trees,5,Case3,3-2,236,9133.57,8781.770844444449,351.7991555555509
extra_trees,5,Case3,3-2,240,8911.41,9133.251377777788,221.84137777778778
extra_trees,5,Case3,3-2,268,9018.86,9336.220355555555,317.36035555555463
extra_trees,5,Case3,3-2,274,9496.66,9108.221966666655,388.4380333333447
extra_trees,5,Case3,3-2,281,8646.6,8633.178266666793,13.421733333207158
extra_trees,5,Case3,3-2,290,9327.12,9237.113455555444,90.00654444455722
extra_trees,5,Case3,3-3,032,6208.82,5871.595111111125,337.2248888888744
extra_trees,5,Case3,3-3,059,5522.86,5534.485644444461,11.625644444461614
extra_trees,5,Case3,3-3,074,5000.25,5051.092233333349,50.84223333334921
extra_trees,5,Case3,3-3,098,8001.33,8047.762222222202,46.432222222201744
extra_trees,5,Case3,3-3,112,6473.95,6253.057955555587,220.89204444441293
extra_trees,5,Case3,3-3,129,6982.28,6953.78594444439,28.49405555560952
extra_trees,5,Case3,3-3,140,4741.93,4985.614922222251,243.68492222225086
extra_trees,5,Case3,3-3,168,4804.88,5048.579711111168,243.69971111116774
extra_trees,5,Case3,3-3,194,6436.39,6658.681866666656,222.29186666665555
extra_trees,5,Case3,3-3,249,6069.85,6465.0603666666675,395.21036666666714
extra_trees,5,Case3,3-3,263,6481.85,6446.436800000043,35.413199999957214
extra_trees,5,Case4,4-2,001,8706.62,8597.282211111162,109.33778888883899
extra_trees,5,Case4,4-2,005,8727.04,8668.03661111108,59.00338888892111
extra_trees,5,Case4,4-2,012,8317.72,8343.23038888885,25.510388888849775
extra_trees,5,Case4,4-2,018,10046.6,10031.586433333361,15.013566666639235
extra_trees,5,Case4,4-2,019,8979.49,9233.357944444442,253.8679444444424
extra_trees,5,Case4,4-2,022,10657.4,10962.071355555534,304.6713555555343
extra_trees,5,Case4,4-2,053,7985.48,8427.560944444425,442.08094444442577
extra_trees,5,Case4,4-2,065,8972.73,9385.38586666665,412.6558666666497
extra_trees,5,Case4,4-2,089,8926.04,8694.199400000005,231.8405999999959
extra_trees,5,Case4,4-2,106,8645.4,8418.169211111117,227.23078888888267
extra_trees,5,Case4,4-2,121,8411.86,8250.669722222206,161.1902777777941
extra_trees,5,Case4,4-2,145,11283.35,9635.327800000006,1648.022199999994
extra_trees,5,Case4,4-2,149,9364.37,9172.147811111081,192.22218888891985
extra_trees,5,Case4,4-2,158,8928.6,7833.037433333392,1095.5625666666083
extra_trees,5,Case4,4-2,163,8926.04,9150.904944444434,224.8649444444327
extra_trees,5,Case4,4-2,178,9373.68,9240.061333333328,133.61866666667265
extra_trees,5,Case4,4-2,185,9093.44,8678.226466666692,415.2135333333081
extra_trees,5,Case4,4-2,216,8916.43,8733.095800000017,183.33419999998296
extra_trees,5,Case4,4-2,224,8303.52,8078.727366666642,224.79263333335803
extra_trees,5,Case4,4-2,230,9913.11,9630.96146666672,282.1485333332803
extra_trees,5,Case4,4-2,236,9108.33,8390.720422222204,717.6095777777955
extra_trees,5,Case4,4-2,240,8846.73,9129.183255555536,282.4532555555361
extra_trees,5,Case4,4-2,253,10393.1,10609.81348888887,216.71348888887042
extra_trees,5,Case4,4-2,268,9016.19,9371.576544444433,355.38654444443273
extra_trees,5,Case4,4-2,274,9495.92,9143.793533333319,352.12646666668115
extra_trees,5,Case4,4-2,281,8595.56,8608.662088888914,13.102088888914295
extra_trees,5,Case4,4-2,288,10824.8,10826.924988888833,2.1249888888341957
extra_trees,5,Case4,4-2,290,9327.11,9221.370822222207,105.73917777779388
extra_trees,5,Case4,4-3,032,6183.72,6590.939811111121,407.2198111111211
extra_trees,5,Case4,4-3,059,5509.38,5572.938522222232,63.55852222223166
extra_trees,5,Case4,4-3,074,4996.97,5038.766311111126,41.79631111112576
extra_trees,5,Case4,4-3,098,7968.58,7776.177355555523,192.40264444447712
extra_trees,5,Case4,4-3,112,6466.69,6787.678788888864,320.9887888888643
extra_trees,5,Case4,4-3,129,6939.89,7143.5859333332755,203.6959333332752
extra_trees,5,Case4,4-3,140,4741.89,4987.539155555578,245.64915555557764
extra_trees,5,Case4,4-3,168,4803.74,5049.095722222243,245.35572222224346
extra_trees,5,Case4,4-3,171,6386.73,6387.683655555572,0.953655555572368
extra_trees,5,Case4,4-3,194,6409.51,6372.254322222269,37.25567777773085
extra_trees,5,Case4,4-3,249,6046.94,5849.786722222271,197.15327777772836
extra_trees,5,Case4,4-3,263,6464.78,6698.19678888895,233.41678888895058
random_forest,1,Case2,2-2,011,7744.72,7943.014923076912,198.2949230769118
random_forest,1,Case2,2-2,041,8712.09,8693.50058461537,18.58941538462932
random_forest,1,Case2,2-2,045,8854.74,8773.67484615388,81.06515384612067
random_forest,1,Case2,2-2,052,9034.28,10320.356861538397,1286.0768615383968
random_forest,1,Case2,2-2,058,8585.22,8793.312276923087,208.0922769230874
random_forest,1,Case2,2-2,064,9213.87,8945.29486153845,268.5751384615505
random_forest,1,Case2,2-2,073,9232.53,9228.198753846149,4.33124615385168
random_forest,1,Case2,2-2,075,9367.34,9134.6999230769,232.64007692310042
random_forest,1,Case2,2-2,087,11639.6,10875.273692307679,764.3263076923213
random_forest,1,Case2,2-2,097,8747.88,8858.871415384627,110.99141538462754
random_forest,1,Case2,2-2,104,8064.82,8120.3301538461965,55.51015384619677
random_forest,1,Case2,2-2,111,8024.11,8207.988369230792,183.8783692307925
random_forest,1,Case2,2-2,120,8876.83,9146.260415384644,269.4304153846442
random_forest,1,Case2,2-2,132,11718.6,10978.94932307692,739.65067692308
random_forest,1,Case2,2-2,136,8842.46,8685.282292307662,157.1777076923372
random_forest,1,Case2,2-2,138,9373.89,9400.886430769244,26.996430769244398
random_forest,1,Case2,2-2,162,8347.5,8427.32423076921,79.82423076921077
random_forest,1,Case2,2-2,191,8182.2,8204.727092307696,22.527092307695966
random_forest,1,Case2,2-2,202,9328.45,9485.177984615393,156.72798461539242
random_forest,1,Case2,2-2,203,10452.2,10443.600584615391,8.599415384609529
random_forest,1,Case2,2-2,227,7772.28,7839.1076923076735,66.82769230767371
random_forest,1,Case2,2-2,228,9009.52,9522.678769230744,513.1587692307439
random_forest,1,Case2,2-2,231,8906.39,9006.494476923077,100.10447692307753
random_forest,1,Case2,2-2,235,8307.34,8191.583276923108,115.75672307689183
random_forest,1,Case2,2-2,237,9413.17,9549.895000000071,136.7250000000713
random_forest,1,Case2,2-2,283,8694.18,8919.390707692297,225.21070769229664
random_forest,1,Case2,2-3,030,6271.66,6327.144107692303,55.48410769230304
random_forest,1,Case2,2-3,088,9582.35,9269.531569230772,312.81843076922814
random_forest,1,Case2,2-3,126,6540.67,6333.431738461541,207.23826153845948
random_forest,1,Case2,2-3,159,5114.45,5017.325107692295,97.12489230770461
random_forest,1,Case2,2-3,167,4929.14,4904.089153846152,25.050846153848397
random_forest,1,Case2,2-3,210,7169.93,6973.168523076924,196.76147692307586
random_forest,1,Case2,2-3,215,5826.76,5760.644384615382,66.11561538461865
random_forest,1,Case2,2-3,239,8001.3,8514.489461538486,513.1894615384854
random_forest,1,Case2,2-3,248,7687.01,7731.853723076906,44.84372307690592
random_forest,1,Case2,2-3,256,7025.17,7287.520553846126,262.3505538461259
random_forest,1,Case2,2-3,291,6712.27,7231.557507692318,519.2875076923174
random_forest,1,Case2,2-3,298,8637.42,8563.989353846167,73.43064615383264
random_forest,1,Case2,2-3,299,7867.89,7741.689938461531,126.20006153846953
random_forest,1,Case3,3-2,011,7792.35,7594.37264615385,197.97735384615044
random_forest,1,Case3,3-2,041,8761.44,8708.742615384614,52.69738461538691
random_forest,1,Case3,3-2,045,8910.16,8797.3937538462,112.76624615380024
random_forest,1,Case3,3-2,052,9044.2,10432.561984615371,1388.3619846153706
random_forest,1,Case3,3-2,058,8639.59,8735.53179999999,95.9417999999896
random_forest,1,Case3,3-2,064,9261.27,8992.932553846162,268.33744615383875
random_forest,1,Case3,3-2,073,9251.96,9243.383276923083,8.576723076916096
random_forest,1,Case3,3-2,075,9364.49,9129.526461538437,234.96353846156308
random_forest,1,Case3,3-2,088,9648.35,9329.417599999977,318.93240000002334
random_forest,1,Case3,3-2,097,8785.64,8875.064846153877,89.4248461538773
random_forest,1,Case3,3-2,104,8078.29,8149.488030769255,71.19803076925473
random_forest,1,Case3,3-2,111,8053.2,8210.627846153853,157.42784615385335
random_forest,1,Case3,3-2,120,8940.13,9131.142246153902,191.0122461539031
random_forest,1,Case3,3-2,136,8867.91,8706.004138461507,161.9058615384929
random_forest,1,Case3,3-2,138,9435.7,9452.725461538465,17.025461538463787
random_forest,1,Case3,3-2,162,8405.27,8399.380723076914,5.889276923086072
random_forest,1,Case3,3-2,191,8216.35,8219.406353846163,3.0563538461628923
random_forest,1,Case3,3-2,202,9359.41,9531.287492307716,171.87749230771624
random_forest,1,Case3,3-2,203,10533.7,10491.025461538475,42.674538461526026
random_forest,1,Case3,3-2,231,8918.4,9020.343184615394,101.94318461539478
random_forest,1,Case3,3-2,235,8335.92,8208.015507692327,127.90449230767263
random_forest,1,Case3,3-2,283,8705.14,8927.21427692307,222.074276923071
random_forest,1,Case3,3-3,030,5275.29,6144.540107692305,869.2501076923054
random_forest,1,Case3,3-3,126,6544.8,6680.049461538463,135.24946153846304
random_forest,1,Case3,3-3,159,5126.49,4945.984892307697,180.50510769230277
random_forest,1,Case3,3-3,167,4936.89,4916.4746461538625,20.415353846137805
random_forest,1,Case3,3-3,215,5850.45,5830.151169230762,20.29883076923761
random_forest,1,Case3,3-3,227,7813.14,7449.535753846146,363.60424615385455
random_forest,1,Case3,3-3,239,8051.72,8319.257261538469,267.53726153846856
random_forest,1,Case3,3-3,248,7728.94,7799.176461538447,70.23646153844766
random_forest,1,Case3,3-3,256,7065.09,6816.489892307669,248.60010769233122
random_forest,1,Case3,3-3,291,6740.72,6605.642630769238,135.0773692307621
random_forest,1,Case3,3-3,298,8687.94,8708.322769230796,20.38276923079502
random_forest,1,Case3,3-3,299,7887.16,7988.396569230763,101.23656923076305
random_forest,1,Case4,4-2,011,7736.55,7945.965399999998,209.41539999999804
random_forest,1,Case4,4-2,041,8722.7,8694.950723076912,27.749276923088473
random_forest,1,Case4,4-2,045,8835.17,7048.124984615413,1787.0450153845868
random_forest,1,Case4,4-2,052,9036.4,10314.554184615332,1278.1541846153323
random_forest,1,Case4,4-2,058,8625.62,8661.88623076925,36.26623076924989
random_forest,1,Case4,4-2,064,9241.54,8958.976630769244,282.5633692307565
random_forest,1,Case4,4-2,073,9240.82,9226.51866153844,14.30133846156059
random_forest,1,Case4,4-2,075,9362.12,9099.885107692282,262.23489230771884
random_forest,1,Case4,4-2,087,11685.5,10902.048676923025,783.4513230769753
random_forest,1,Case4,4-2,088,9569.85,9256.869599999989,312.9804000000113
random_forest,1,Case4,4-2,097,8715.93,8805.65439999998,89.72439999997914
random_forest,1,Case4,4-2,104,8074.1,8141.198138461541,67.09813846154066
random_forest,1,Case4,4-2,111,8036.41,8215.860707692333,179.4507076923328
random_forest,1,Case4,4-2,120,8877.22,9144.50790769235,267.2879076923509
random_forest,1,Case4,4-2,126,6539.82,6322.1957076923045,217.6242923076952
random_forest,1,Case4,4-2,132,11688.4,10999.187753846143,689.2122461538565
random_forest,1,Case4,4-2,134,10817.1,10939.136984615332,122.03698461533168
random_forest,1,Case4,4-2,136,8850.5,8684.989569230724,165.51043076927635
random_forest,1,Case4,4-2,138,9382.58,9404.302646153863,21.722646153863025
random_forest,1,Case4,4-2,148,12684.8,11077.241630769182,1607.5583692308173
random_forest,1,Case4,4-2,162,8379.19,8432.40816923075,53.21816923074948
random_forest,1,Case4,4-2,191,8208.02,8210.044046153853,2.024046153852396
random_forest,1,Case4,4-2,202,9337.74,9409.268030769203,71.52803076920281
random_forest,1,Case4,4-2,203,10441.9,10444.914784615361,3.01478461536135
random_forest,1,Case4,4-2,227,7765.88,7841.7085846153705,75.82858461537035
random_forest,1,Case4,4-2,228,9018.71,9567.637400000001,548.9274000000023
random_forest,1,Case4,4-2,231,8913.59,9014.291076923051,100.701076923051
random_forest,1,Case4,4-2,235,8315.67,8204.400630769242,111.26936923075846
random_forest,1,Case4,4-2,237,9420.0,9550.247430769283,130.2474307692828
random_forest,1,Case4,4-2,283,8701.52,8874.922123076904,173.40212307690308
random_forest,1,Case4,4-3,030,6274.73,6331.312799999988,56.58279999998831
random_forest,1,Case4,4-3,159,5120.11,5017.468615384629,102.64138461537095
random_forest,1,Case4,4-3,167,4933.23,4902.715461538485,30.51453846151435
random_forest,1,Case4,4-3,210,7171.42,6956.6646153846095,214.75538461539054
random_forest,1,Case4,4-3,215,5827.83,5761.724769230745,66.10523076925529
random_forest,1,Case4,4-3,239,7989.15,7978.393123076948,10.756876923052005
random_forest,1,Case4,4-3,248,7688.39,7729.312538461532,40.922538461531985
random_forest,1,Case4,4-3,256,7023.06,7283.874046153845,260.8140461538442
random_forest,1,Case4,4-3,291,6707.27,7228.053400000007,520.7834000000066
random_forest,1,Case4,4-3,298,8636.61,7579.615892307714,1056.994107692287
random_forest,1,Case4,4-3,299,7862.29,7741.476061538454,120.81393846154606
random_forest,2,Case2,2-2,009,8330.47,8875.506353846165,545.0363538461661
random_forest,2,Case2,2-2,017,9424.95,9347.287169230734,77.6628307692663
random_forest,2,Case2,2-2,028,10597.82,10222.580784615424,375.2392153845758
random_forest,2,Case2,2-2,040,9308.02,9463.656861538475,155.63686153847448
random_forest,2,Case2,2-2,047,9107.6,9386.598784615408,278.9987846154072
random_forest,2,Case2,2-2,051,9336.15,9528.924046153816,192.77404615381602
random_forest,2,Case2,2-2,057,8677.45,8599.880292307722,77.56970769227883
random_forest,2,Case2,2-2,063,10920.8,10743.50529230763,177.29470769237014
random_forest,2,Case2,2-2,069,10912.0,10767.480353846147,144.5196461538526
random_forest,2,Case2,2-2,078,9466.57,9346.418753846126,120.15124615387322
random_forest,2,Case2,2-2,083,9169.83,8839.711692307661,330.11830769233893
random_forest,2,Case2,2-2,095,9000.84,9119.661184615388,118.82118461538812
random_forest,2,Case2,2-2,102,8859.91,8979.941738461519,120.03173846151913
random_forest,2,Case2,2-2,103,8505.85,8458.586307692318,47.263692307682504
random_forest,2,Case2,2-2,110,8039.72,8152.382907692363,112.66290769236275
random_forest,2,Case2,2-2,125,8701.62,8592.916692307701,108.70330769229986
random_forest,2,Case2,2-2,144,11805.8,10726.416538461506,1079.383461538493
random_forest,2,Case2,2-2,147,8733.58,8883.942507692273,150.36250769227263
random_forest,2,Case2,2-2,166,8202.09,8155.124907692312,46.96509230768788
random_forest,2,Case2,2-2,182,8713.56,8579.087569230765,134.47243076923405
random_forest,2,Case2,2-2,190,11761.0,10750.084061538413,1010.9159384615868
random_forest,2,Case2,2-2,201,8916.75,9069.242169230762,152.49216923076165
random_forest,2,Case2,2-2,214,8549.55,8428.550169230793,120.9998307692058
random_forest,2,Case2,2-2,219,8827.59,8597.766276923066,229.82372307693367
random_forest,2,Case2,2-2,225,8689.59,8697.31935384614,7.729353846139929
random_forest,2,Case2,2-2,233,8783.48,8669.158230769212,114.32176923078805
random_forest,2,Case2,2-2,271,10256.9,9919.239661538457,337.6603384615428
random_forest,2,Case2,2-2,285,9252.88,9232.880430769233,19.9995692307657
random_forest,2,Case2,2-2,287,8772.37,8979.413169230736,207.04316923073566
random_forest,2,Case2,2-3,072,7542.06,8283.697738461535,741.6377384615344
random_forest,2,Case2,2-3,119,7399.44,7752.424107692289,352.9841076922894
random_forest,2,Case2,2-3,155,8194.83,8142.071276923097,52.75872307690315
random_forest,2,Case2,2-3,204,8795.31,9111.36615384614,316.05615384614066
random_forest,2,Case2,2-3,232,7789.35,7765.939107692265,23.410892307735594
random_forest,2,Case2,2-3,245,7852.4,8202.610061538451,350.21006153845155
random_forest,2,Case2,2-3,259,8168.05,7974.232492307696,193.8175076923044
random_forest,2,Case2,2-3,293,7286.09,7615.882369230751,329.7923692307504
random_forest,2,Case3,3-2,009,8861.12,8791.202476923061,69.91752307693969
random_forest,2,Case3,3-2,017,9436.03,9453.103353846129,17.073353846128157
random_forest,2,Case3,3-2,028,10604.84,10213.164553846189,391.6754461538112
random_forest,2,Case3,3-2,040,9402.13,9564.728523076941,162.598523076942
random_forest,2,Case3,3-2,047,9170.59,9391.762769230843,221.1727692308432
random_forest,2,Case3,3-2,051,9400.18,9769.780599999995,369.6005999999943
random_forest,2,Case3,3-2,057,8713.41,8626.118338461569,87.29166153843107
random_forest,2,Case3,3-2,063,10926.7,10317.91441538457,608.7855846154307
random_forest,2,Case3,3-2,078,9469.55,9435.252738461533,34.297261538466046
random_forest,2,Case3,3-2,083,9146.8,8830.268615384648,316.53138461535127
random_forest,2,Case3,3-2,095,9043.4,9123.398953846172,79.9989538461723
random_forest,2,Case3,3-2,102,8869.34,8908.414876923092,39.07487692309223
random_forest,2,Case3,3-2,103,8564.86,8443.113569230769,121.74643076923167
random_forest,2,Case3,3-2,110,8076.74,8088.5554923077025,11.815492307702698
random_forest,2,Case3,3-2,125,8744.04,8608.170261538477,135.86973846152432
random_forest,2,Case3,3-2,147,8800.48,8969.464846153862,168.98484615386224
random_forest,2,Case3,3-2,166,8255.97,8169.338030769241,86.63196923075793
random_forest,2,Case3,3-2,170,10975.3,11432.685615384617,457.38561538461727
random_forest,2,Case3,3-2,182,8747.62,8671.716353846146,75.90364615385442
random_forest,2,Case3,3-2,183,10931.7,10997.274953846112,65.57495384611138
random_forest,2,Case3,3-2,190,11737.4,10218.608846153817,1518.791153846183
random_forest,2,Case3,3-2,201,8975.94,9050.077723076934,74.13772307693398
random_forest,2,Case3,3-2,214,8583.16,8432.28955384616,150.87044615384002
random_forest,2,Case3,3-2,219,8860.89,8622.986153846165,237.90384615383482
random_forest,2,Case3,3-2,225,8717.82,8713.661969230774,4.158030769225661
random_forest,2,Case3,3-2,233,8803.36,8575.338630769227,228.02136923077342
random_forest,2,Case3,3-2,245,7898.81,8193.088630769218,294.27863076921767
random_forest,2,Case3,3-2,271,10286.4,9940.732953846144,345.66704615385606
random_forest,2,Case3,3-2,285,9287.2,9253.334507692276,33.86549230772471
random_forest,2,Case3,3-2,287,8809.84,8926.274876923088,116.43487692308736
random_forest,2,Case3,3-3,072,7553.53,8006.233892307672,452.7038923076725
random_forest,2,Case3,3-3,119,7414.86,7411.168461538435,3.69153846156496
random_forest,2,Case3,3-3,155,8209.51,8211.21435384619,1.7043538461894059
random_forest,2,Case3,3-3,232,7827.7,7789.524199999986,38.17580000001362
random_forest,2,Case3,3-3,259,8197.8,8113.344184615391,84.45581538460829
random_forest,2,Case3,3-3,293,7297.97,7079.843553846116,218.126446153884
random_forest,2,Case4,4-2,009,8840.09,8841.027292307685,0.9372923076844017
random_forest,2,Case4,4-2,017,9433.28,9367.868830769228,65.41116923077243
random_forest,2,Case4,4-2,028,10604.54,10220.128769230803,384.4112307691976
random_forest,2,Case4,4-2,040,9305.13,9481.452784615392,176.32278461539318
random_forest,2,Case4,4-2,047,9103.12,9443.105800000056,339.98580000005495
random_forest,2,Case4,4-2,051,9338.59,9635.457846153831,296.8678461538311
random_forest,2,Case4,4-2,057,8697.52,8607.585815384617,89.93418461538386
random_forest,2,Case4,4-2,063,10932.6,10743.009030769172,189.5909692308287
random_forest,2,Case4,4-2,069,10936.3,10738.928307692275,197.37169230772452
random_forest,2,Case4,4-2,078,9467.42,9340.475876923074,126.94412307692619
random_forest,2,Case4,4-2,083,9146.78,8838.633384615356,308.146615384645
random_forest,2,Case4,4-2,095,9040.08,9125.300476923092,85.22047692309206
random_forest,2,Case4,4-2,102,8864.8,8990.279738461506,125.47973846150671
random_forest,2,Case4,4-2,103,8517.72,8455.94076923078,61.779230769219794
random_forest,2,Case4,4-2,110,8041.65,8155.4771076923025,113.82710769230289
random_forest,2,Case4,4-2,125,8718.13,8594.243969230749,123.88603076925028
random_forest,2,Case4,4-2,144,11873.3,10743.603076923016,1129.6969230769828
random_forest,2,Case4,4-2,147,8729.84,8896.145230769247,166.30523076924692
random_forest,2,Case4,4-2,155,8194.12,8141.6102769230965,52.509723076904265
random_forest,2,Case4,4-2,166,8208.83,8151.680076923075,57.149923076925006
random_forest,2,Case4,4-2,170,10869.2,11226.555523076968,357.3555230769671
random_forest,2,Case4,4-2,182,8724.97,8585.252092307694,139.71790769230574
random_forest,2,Case4,4-2,183,10845.2,10754.426769230684,90.7732307693168
random_forest,2,Case4,4-2,190,11777.6,10755.374399999944,1022.2256000000561
random_forest,2,Case4,4-2,201,8923.11,9077.439400000003,154.32940000000235
random_forest,2,Case4,4-2,213,11543.1,10854.42666153839,688.6733384616109
random_forest,2,Case4,4-2,214,8560.65,8441.998153846165,118.65184615383441
random_forest,2,Case4,4-2,219,8841.61,8599.047938461528,242.56206153847234
random_forest,2,Case4,4-2,225,8700.96,8699.969169230766,0.9908307692330709
random_forest,2,Case4,4-2,233,8795.54,8717.49718461539,78.04281538461146
random_forest,2,Case4,4-2,245,7842.49,8135.638184615368,293.14818461536834
random_forest,2,Case4,4-2,259,8171.67,7978.1238000000185,193.54619999998158
random_forest,2,Case4,4-2,271,10282.7,9931.555276923073,351.14472307692813
random_forest,2,Case4,4-2,285,9279.79,9237.171153846142,42.61884615385861
random_forest,2,Case4,4-2,287,8805.29,8984.293307692275,179.00330769227367
random_forest,2,Case4,4-3,072,7545.12,8282.23801538461,737.1180153846099
random_forest,2,Case4,4-3,119,7400.95,7755.818615384599,354.86861538459925
random_forest,2,Case4,4-3,204,8802.13,9120.398107692286,318.26810769228723
random_forest,2,Case4,4-3,232,7777.07,7761.60798461536,15.462015384639926
random_forest,2,Case4,4-3,293,7288.72,7612.3763692307475,323.65636923074726
random_forest,3,Case2,2-2,008,8202.0,8453.913138461547,251.91313846154662
random_forest,3,Case2,2-2,015,10652.0,10874.902923076947,222.90292307694654
random_forest,3,Case2,2-2,024,9413.52,9339.25266153849,74.26733846151001
random_forest,3,Case2,2-2,048,8691.37,8697.593984615398,6.2239846153970575
random_forest,3,Case2,2-2,050,8877.12,8622.27718461537,254.84281538463074
random_forest,3,Case2,2-2,056,8144.72,8720.420384615423,575.700384615423
random_forest,3,Case2,2-2,062,9522.37,9662.34503076919,139.97503076918838
random_forest,3,Case2,2-2,071,9138.12,9447.815199999995,309.69519999999466
random_forest,3,Case2,2-2,077,8790.51,8698.865953846176,91.64404615382409
random_forest,3,Case2,2-2,081,10977.1,10983.682861538411,6.582861538410725
random_forest,3,Case2,2-2,091,8293.19,8084.765876923073,208.42412307692757
random_forest,3,Case2,2-2,109,8642.92,8617.247584615405,25.672415384595297
random_forest,3,Case2,2-2,114,10572.9,10913.918692307665,341.01869230766533
random_forest,3,Case2,2-2,115,9258.09,9098.064492307709,160.02550769229128
random_forest,3,Case2,2-2,116,9174.09,8945.67216923077,228.41783076923093
random_forest,3,Case2,2-2,123,8125.45,8133.531492307695,8.081492307695044
random_forest,3,Case2,2-2,133,9249.03,9031.61972307692,217.41027692308126
random_forest,3,Case2,2-2,146,9272.74,9437.192246153829,164.45224615382904
random_forest,3,Case2,2-2,152,9294.17,9154.130646153895,140.03935384610486
random_forest,3,Case2,2-2,172,8239.94,8244.757430769221,4.817430769220664
random_forest,3,Case2,2-2,177,9424.77,9283.500584615414,141.26941538458595
random_forest,3,Case2,2-2,180,8143.85,8771.6062769231,627.756276923099
random_forest,3,Case2,2-2,196,10254.4,9441.233323076925,813.1666769230742
random_forest,3,Case2,2-2,238,8866.98,8838.611800000019,28.36819999998079
random_forest,3,Case2,2-2,242,9396.1,9456.63199999996,60.531999999959226
random_forest,3,Case2,2-2,258,8643.84,8730.863738461547,87.0237384615466
random_forest,3,Case2,2-2,266,9711.57,9838.678784615342,127.1087846153423
random_forest,3,Case2,2-2,270,8830.99,8897.879446153835,66.8894461538348
random_forest,3,Case2,2-2,275,8694.42,8797.208969230787,102.78896923078719
random_forest,3,Case2,2-2,278,9139.56,9012.546184615414,127.01381538458554
random_forest,3,Case2,2-2,282,9371.54,9163.612861538477,207.927138461524
random_forest,3,Case2,2-2,295,8196.05,8452.563292307688,256.51329230768897
random_forest,3,Case2,2-3,036,7754.89,7008.095661538451,746.7943384615492
random_forest,3,Case2,2-3,165,5276.65,5545.6194153846045,268.9694153846049
random_forest,3,Case2,2-3,189,7217.93,7370.51770769226,152.58770769225976
random_forest,3,Case2,2-3,218,5864.28,5747.237138461541,117.04286153845896
random_forest,3,Case2,2-3,220,8311.51,7638.6194615384475,672.8905384615528
random_forest,3,Case2,2-3,280,7520.07,7685.85201538461,165.78201538461053
random_forest,3,Case3,3-2,008,8213.98,8429.542184615395,215.56218461539538
random_forest,3,Case3,3-2,015,10732.5,10966.989830769278,234.48983076927834
random_forest,3,Case3,3-2,024,9440.06,9375.390230769257,64.66976923074253
random_forest,3,Case3,3-2,048,8730.41,8718.763015384637,11.64698461536318
random_forest,3,Case3,3-2,050,8901.81,8741.585169230819,160.2248307691807
random_forest,3,Case3,3-2,056,8762.19,8724.415184615424,37.77481538457687
random_forest,3,Case3,3-2,062,9575.86,9458.175615384604,117.684384615397
random_forest,3,Case3,3-2,071,9195.52,9500.88395384614,305.36395384613934
random_forest,3,Case3,3-2,077,8307.05,8782.276184615417,475.2261846154179
random_forest,3,Case3,3-2,109,8682.53,8629.796169230767,52.733830769233464
random_forest,3,Case3,3-2,114,10635.3,11321.99439999996,686.6943999999603
random_forest,3,Case3,3-2,115,9323.93,9182.08520000003,141.84479999996984
random_forest,3,Case3,3-2,116,9150.74,8946.929061538433,203.81093846156728
random_forest,3,Case3,3-2,123,8156.32,8159.7598461538555,3.4398461538557967
random_forest,3,Case3,3-2,133,9265.39,9082.549461538461,182.84053846153802
random_forest,3,Case3,3-2,146,9361.04,9695.995738461506,334.95573846150546
random_forest,3,Case3,3-2,152,9363.76,9230.583215384666,133.17678461533433
random_forest,3,Case3,3-2,172,8266.19,8255.731246153808,10.458753846192849
random_forest,3,Case3,3-2,176,10315.16,10166.654015384627,148.50598461537265
random_forest,3,Case3,3-2,177,9462.03,9337.89198461541,124.1380153845912
random_forest,3,Case3,3-2,180,8152.2,8761.327569230783,609.1275692307836
random_forest,3,Case3,3-2,189,7246.19,7162.811569230741,83.37843076925856
random_forest,3,Case3,3-2,238,8384.56,8870.869553846182,486.3095538461821
random_forest,3,Case3,3-2,242,9437.64,9685.463153846165,247.82315384616595
random_forest,3,Case3,3-2,258,8666.11,8566.863615384646,99.24638461535505
random_forest,3,Case3,3-2,266,9777.29,9729.95953846151,47.33046153849136
random_forest,3,Case3,3-2,270,8876.44,8911.826969230742,35.38696923074167
random_forest,3,Case3,3-2,275,8701.13,8762.633815384619,61.503815384619884
random_forest,3,Case3,3-2,278,9198.17,9065.746046153794,132.42395384620613
random_forest,3,Case3,3-2,282,9411.36,9244.918061538485,166.44193846151575
random_forest,3,Case3,3-2,295,8201.15,8431.926046153829,230.77604615382916
random_forest,3,Case3,3-3,036,7794.38,7508.7100153845995,285.6699846154006
random_forest,3,Case3,3-3,091,8342.49,8231.323615384606,111.16638461539333
random_forest,3,Case3,3-3,165,5278.12,5608.295969230754,330.17596923075416
random_forest,3,Case3,3-3,280,7564.28,7500.631523076912,63.6484769230874
random_forest,3,Case4,4-2,008,8209.52,8454.52175384617,245.00175384616887
random_forest,3,Case4,4-2,015,10642.8,10853.461630769272,210.66163076927296
random_forest,3,Case4,4-2,024,9426.01,9351.136061538493,74.87393846150735
random_forest,3,Case4,4-2,048,8710.39,8695.153999999946,15.236000000053536
random_forest,3,Case4,4-2,050,8890.25,8644.041153846158,246.2088461538424
random_forest,3,Case4,4-2,056,8754.9,8718.592261538506,36.3077384614935
random_forest,3,Case4,4-2,062,9494.73,9703.80390769227,209.07390769227095
random_forest,3,Case4,4-2,071,9135.7,9444.005353846169,308.30535384616815
random_forest,3,Case4,4-2,077,8799.82,8603.636892307704,196.18310769229538
random_forest,3,Case4,4-2,081,10995.6,10997.465723076863,1.8657230768621957
random_forest,3,Case4,4-2,092,13258.17,11032.779538461578,2225.3904615384217
random_forest,3,Case4,4-2,109,8674.95,8620.770369230771,54.179630769229334
random_forest,3,Case4,4-2,114,10594.3,10930.275938461498,335.975938461499
random_forest,3,Case4,4-2,115,9272.93,9109.20090769233,163.72909230767073
random_forest,3,Case4,4-2,116,9154.84,8945.834953846157,209.00504615384307
random_forest,3,Case4,4-2,123,8142.56,8147.546261538462,4.986261538461804
random_forest,3,Case4,4-2,133,9261.06,9010.385569230759,250.67443076924064
random_forest,3,Case4,4-2,146,9268.35,9443.053553846163,174.70355384616232
random_forest,3,Case4,4-2,152,9298.31,9164.148276923126,134.1617230768734
random_forest,3,Case4,4-2,172,8249.43,8251.244553846114,1.814553846113995
random_forest,3,Case4,4-2,176,10314.83,10129.107553846177,185.7224461538226
random_forest,3,Case4,4-2,177,9461.26,9272.369076923105,188.89092307689498
random_forest,3,Case4,4-2,180,8141.71,8765.054107692342,623.3441076923418
random_forest,3,Case4,4-2,196,10261.7,9435.189876923088,826.5101230769124
random_forest,3,Case4,4-2,238,8878.28,8821.884615384613,56.39538461538723
random_forest,3,Case4,4-2,242,9435.72,9463.447092307686,27.72709230768669
random_forest,3,Case4,4-2,258,8656.22,8736.24592307693,80.02592307692976
random_forest,3,Case4,4-2,266,9697.14,9825.884784615359,128.7447846153591
random_forest,3,Case4,4-2,270,8851.35,8903.000138461553,51.65013846155307
random_forest,3,Case4,4-2,275,8696.95,8799.016876923106,102.06687692310516
random_forest,3,Case4,4-2,278,9157.06,9021.311723076935,135.74827692306462
random_forest,3,Case4,4-2,282,9407.51,9161.162769230781,246.3472307692191
random_forest,3,Case4,4-2,295,8201.92,8462.349338461552,260.4293384615521
random_forest,3,Case4,4-3,036,7763.61,7004.147507692292,759.4624923077081
random_forest,3,Case4,4-3,091,8285.91,8084.997184615381,200.91281538461863
random_forest,3,Case4,4-3,165,5276.65,5537.243661538461,260.5936615384617
random_forest,3,Case4,4-3,189,7213.02,7369.100784615347,156.0807846153466
random_forest,3,Case4,4-3,218,5870.83,5757.631476923067,113.19852307693327
random_forest,3,Case4,4-3,220,8320.82,7638.562923076909,682.2570769230906
random_forest,3,Case4,4-3,280,7512.03,7673.5671999999995,161.53719999999976
random_forest,4,Case2,2-2,006,9021.54,8407.580153846138,613.9598461538626
random_forest,4,Case2,2-2,014,9183.61,8992.56964615382,191.04035384618146
random_forest,4,Case2,2-2,020,8489.01,8520.801892307698,31.791892307697708
random_forest,4,Case2,2-2,034,8225.8,8286.278630769275,60.478630769275696
random_forest,4,Case2,2-2,049,8796.44,9026.75276923074,230.31276923073892
random_forest,4,Case2,2-2,054,8871.95,8887.736907692333,15.786907692332534
random_forest,4,Case2,2-2,061,8597.57,8625.810076923053,28.240076923053493
random_forest,4,Case2,2-2,076,8048.66,8040.788353846159,7.871646153840629
random_forest,4,Case2,2-2,079,10970.8,11081.187399999957,110.38739999995778
random_forest,4,Case2,2-2,090,8927.66,9020.584123076902,92.9241230769021
random_forest,4,Case2,2-2,101,8350.83,8404.1013538462,53.27135384619942
random_forest,4,Case2,2-2,107,8266.96,8242.881953846154,24.078046153845207
random_forest,4,Case2,2-2,117,9017.6,9625.901169230801,608.301169230801
random_forest,4,Case2,2-2,122,9253.62,8963.920369230786,289.6996307692152
random_forest,4,Case2,2-2,130,8463.5,8383.745630769234,79.75436923076632
random_forest,4,Case2,2-2,135,11366.2,10882.751446153807,483.44855384619405
random_forest,4,Case2,2-2,142,8320.34,8306.441861538477,13.898138461523558
random_forest,4,Case2,2-2,143,11650.0,11264.569076923095,385.43092307690495
random_forest,4,Case2,2-2,150,8885.36,8546.282861538491,339.0771384615091
random_forest,4,Case2,2-2,157,8887.81,9102.241030769264,214.4310307692649
random_forest,4,Case2,2-2,160,8262.23,8253.598953846178,8.631046153821444
random_forest,4,Case2,2-2,186,8104.49,8089.821015384637,14.668984615363115
random_forest,4,Case2,2-2,195,8921.21,8797.198323076933,124.01167692306626
random_forest,4,Case2,2-2,197,11041.5,11378.637169230713,337.13716923071297
random_forest,4,Case2,2-2,207,9311.22,9030.886738461533,280.3332615384661
random_forest,4,Case2,2-2,217,9206.22,9143.701184615376,62.51881538462294
random_forest,4,Case2,2-2,222,8793.92,8317.106738461554,476.81326153844566
random_forest,4,Case2,2-2,251,8173.63,8228.980615384633,55.350615384632874
random_forest,4,Case2,2-2,254,8557.27,8647.175446153871,89.9054461538708
random_forest,4,Case2,2-2,265,9776.91,9366.187692307705,410.72230769229463
random_forest,4,Case2,2-2,289,8529.16,8409.80069230768,119.35930769232073
random_forest,4,Case2,2-3,068,6619.6,6953.012599999976,333.412599999976
random_forest,4,Case2,2-3,113,7300.42,7298.130123076928,2.28987692307237
random_forest,4,Case2,2-3,164,5778.96,5666.66716923077,112.29283076923002
random_forest,4,Case2,2-3,241,5537.34,5526.700169230788,10.639830769212494
random_forest,4,Case2,2-3,261,8316.38,7998.73644615384,317.6435538461592
random_forest,4,Case2,2-3,284,6867.36,8719.360353846148,1852.0003538461488
random_forest,4,Case2,2-3,297,5445.15,5562.321923076922,117.17192307692221
random_forest,4,Case3,3-2,006,9061.0,8449.407476923096,611.5925230769044
random_forest,4,Case3,3-2,014,9241.26,9075.49087692307,165.76912307693055
random_forest,4,Case3,3-2,020,8531.82,8569.50613846154,37.686138461540395
random_forest,4,Case3,3-2,034,8279.16,8006.023830769272,273.1361692307282
random_forest,4,Case3,3-2,049,8827.47,8876.01338461536,48.54338461536099
random_forest,4,Case3,3-2,054,8935.62,8940.431446153863,4.811446153862562
random_forest,4,Case3,3-2,061,8639.92,8655.822446153865,15.90244615386473
random_forest,4,Case3,3-2,076,8092.14,7745.163800000008,346.9761999999919
random_forest,4,Case3,3-2,090,8941.44,9018.86444615385,77.4244461538492
random_forest,4,Case3,3-2,101,8407.21,8289.595584615437,117.61441538456165
random_forest,4,Case3,3-2,107,8328.72,8237.929969230765,90.79003076923436
random_forest,4,Case3,3-2,117,9032.8,9550.683384615464,517.8833846154648
random_forest,4,Case3,3-2,122,9264.56,9129.022184615418,135.53781538458134
random_forest,4,Case3,3-2,130,8438.46,8352.659384615385,85.8006153846145
random_forest,4,Case3,3-2,142,8368.03,8245.794061538474,122.23593846152653
random_forest,4,Case3,3-2,150,8923.98,8570.19044615388,353.7895538461198
random_forest,4,Case3,3-2,157,8927.15,9081.9890461539,154.8390461539002
random_forest,4,Case3,3-2,160,8304.78,8099.330261538483,205.44973846151788
random_forest,4,Case3,3-2,186,8153.43,8023.168246153912,130.26175384608814
random_forest,4,Case3,3-2,195,8967.38,8893.864430769225,73.51556923077442
random_forest,4,Case3,3-2,207,9301.84,9121.21130769233,180.62869230766955
random_forest,4,Case3,3-2,217,9277.55,9180.604584615403,96.94541538459634
random_forest,4,Case3,3-2,222,8802.55,8341.922723076943,460.62727692305634
random_forest,4,Case3,3-2,251,8205.18,8226.503753846191,21.32375384619081
random_forest,4,Case3,3-2,254,8614.23,8650.298384615357,36.06838461535699
random_forest,4,Case3,3-2,265,9798.4,9383.758800000029,414.6411999999709
random_forest,4,Case3,3-2,289,8561.59,8410.572846153853,151.01715384614727
random_forest,4,Case3,3-3,068,6643.69,6563.486123076949,80.2038769230503
random_forest,4,Case3,3-3,113,7327.34,7154.540953846161,172.7990461538393
random_forest,4,Case3,3-3,164,5800.36,5516.509723076918,283.85027692308176
random_forest,4,Case3,3-3,241,5555.97,5400.8080153846,155.1619846153999
random_forest,4,Case3,3-3,261,8359.52,8032.492569230788,327.0274307692125
random_forest,4,Case3,3-3,284,6903.6,8725.483230769234,1821.8832307692337
random_forest,4,Case3,3-3,297,5465.9,5295.670769230777,170.22923076922234
random_forest,4,Case4,4-2,006,9033.2,8406.973707692303,626.2262923076978
random_forest,4,Case4,4-2,014,9200.57,9009.794630769207,190.77536923079242
random_forest,4,Case4,4-2,020,8493.42,8516.855138461513,23.435138461512906
random_forest,4,Case4,4-2,034,8217.77,8269.145784615439,51.37578461543853
random_forest,4,Case4,4-2,049,8324.09,9021.637769230723,697.5477692307231
random_forest,4,Case4,4-2,054,3858.23,8885.914461538461,5027.684461538462
random_forest,4,Case4,4-2,061,8594.79,8634.791738461565,40.001738461563946
random_forest,4,Case4,4-2,076,8047.75,8039.0404307692315,8.709569230768466
random_forest,4,Case4,4-2,079,10986.1,11001.686876923022,15.586876923021919
random_forest,4,Case4,4-2,090,8936.35,9024.144076923047,87.7940769230463
random_forest,4,Case4,4-2,101,8345.89,8403.798276923133,57.9082769231336
random_forest,4,Case4,4-2,107,8282.85,8246.361599999982,36.48840000001837
random_forest,4,Case4,4-2,117,9020.0,9645.869046153888,625.8690461538881
random_forest,4,Case4,4-2,122,9259.09,8998.2239692308,260.86603076920073
random_forest,4,Case4,4-2,130,8472.59,8389.505600000006,83.08439999999428
random_forest,4,Case4,4-2,135,11379.8,10861.289646153808,518.5103538461917
random_forest,4,Case4,4-2,139,10651.2,11209.345446153848,558.1454461538469
random_forest,4,Case4,4-2,142,8323.03,8317.521292307692,5.508707692308235
random_forest,4,Case4,4-2,143,11661.3,11304.142600000028,357.15739999997095
random_forest,4,Case4,4-2,150,8393.31,8547.132384615417,153.82238461541783
random_forest,4,Case4,4-2,157,8922.35,9103.840400000045,181.49040000004425
random_forest,4,Case4,4-2,160,8271.05,8257.383969230794,13.666030769205463
random_forest,4,Case4,4-2,164,5783.69,5663.423938461542,120.2660615384575
random_forest,4,Case4,4-2,186,8108.06,8088.936815384636,19.123184615364153
random_forest,4,Case4,4-2,195,8939.36,8803.871830769227,135.48816923077356
random_forest,4,Case4,4-2,197,11075.8,11406.781876923,330.9818769230005
random_forest,4,Case4,4-2,207,9303.37,9038.527938461551,264.84206153844934
random_forest,4,Case4,4-2,217,9207.39,9158.54270769231,48.84729230768971
random_forest,4,Case4,4-2,222,8797.77,8323.13827692308,474.63172307692
random_forest,4,Case4,4-2,251,8184.93,8231.71313846156,46.783138461560156
random_forest,4,Case4,4-2,254,8567.25,8650.258169230741,83.00816923074126
random_forest,4,Case4,4-2,255,10433.7,9581.218692307677,852.4813076923238
random_forest,4,Case4,4-2,261,8297.85,7999.647584615393,298.2024153846078
random_forest,4,Case4,4-2,265,9524.98,9371.076707692317,153.90329230768293
random_forest,4,Case4,4-2,267,10699.2,10969.168661538508,269.96866153850715
random_forest,4,Case4,4-2,289,8537.58,8408.876399999996,128.70360000000437
random_forest,4,Case4,4-3,068,6618.99,6954.482861538435,335.49286153843514
random_forest,4,Case4,4-3,113,7296.78,7292.8507999999865,3.929200000013225
random_forest,4,Case4,4-3,241,5539.4,5538.082015384589,1.3179846154107508
random_forest,4,Case4,4-3,284,6862.44,8721.509953846162,1859.0699538461622
random_forest,4,Case4,4-3,297,5450.35,5562.520984615377,112.17098461537626
random_forest,5,Case2,2-2,001,8697.15,8625.36243076925,71.7875692307498
random_forest,5,Case2,2-2,005,8715.42,8740.407415384598,24.987415384597625
random_forest,5,Case2,2-2,012,8310.0,8371.148923076898,61.14892307689843
random_forest,5,Case2,2-2,018,10022.7,9956.996553846211,65.70344615378963
random_forest,5,Case2,2-2,019,8975.8,9108.40027692307,132.60027692307085
random_forest,5,Case2,2-2,022,10640.2,10336.281153846192,303.9188461538088
random_forest,5,Case2,2-2,053,7984.69,8180.041261538498,195.35126153849797
random_forest,5,Case2,2-2,065,8961.57,9255.238184615355,293.66818461535513
random_forest,5,Case2,2-2,089,8920.29,8718.778030769252,201.51196923074895
random_forest,5,Case2,2-2,106,8634.92,8415.473723076933,219.44627692306676
random_forest,5,Case2,2-2,121,8402.24,8451.650276923074,49.41027692307398
random_forest,5,Case2,2-2,149,9353.49,9232.503999999984,120.98600000001534
random_forest,5,Case2,2-2,158,8920.42,8708.25653846158,212.16346153842096
random_forest,5,Case2,2-2,163,8922.57,9116.517984615375,193.9479846153754
random_forest,5,Case2,2-2,178,9368.01,9317.478153846161,50.53184615383907
random_forest,5,Case2,2-2,185,9058.71,9029.61738461544,29.092615384559394
random_forest,5,Case2,2-2,216,8903.35,8782.5019846154,120.84801538460124
random_forest,5,Case2,2-2,224,8314.63,8289.799769230727,24.83023076927202
random_forest,5,Case2,2-2,236,9098.7,8765.219892307709,333.4801076922922
random_forest,5,Case2,2-2,240,8845.76,9209.141353846131,363.3813538461309
random_forest,5,Case2,2-2,253,10363.9,10030.040692307719,333.8593076922807
random_forest,5,Case2,2-2,268,8977.42,9396.67058461539,419.25058461539084
random_forest,5,Case2,2-2,281,8586.12,8622.896723076883,36.77672307688226
random_forest,5,Case2,2-2,288,10817.0,10968.085846153841,151.08584615384098
random_forest,5,Case2,2-2,290,9332.03,9244.676430769234,87.35356923076688
random_forest,5,Case2,2-3,032,6180.54,6539.049769230749,358.50976923074904
random_forest,5,Case2,2-3,059,5507.95,5539.157123076909,31.20712307690883
random_forest,5,Case2,2-3,074,4993.36,5056.590307692324,63.23030769232446
random_forest,5,Case2,2-3,098,7968.86,8150.121353846105,181.26135384610552
random_forest,5,Case2,2-3,112,6465.49,6835.5397538461475,370.0497538461477
random_forest,5,Case2,2-3,129,6945.84,7170.003123076901,224.16312307690077
random_forest,5,Case2,2-3,140,4741.28,4995.182815384626,253.9028153846266
random_forest,5,Case2,2-3,168,4807.71,5035.1949538461695,227.48495384616945
random_forest,5,Case2,2-3,171,6380.88,6411.386015384578,30.50601538457795
random_forest,5,Case2,2-3,194,6403.58,6364.044692307668,39.535307692332026
random_forest,5,Case2,2-3,249,6042.45,5832.078892307658,210.37110769234187
random_forest,5,Case2,2-3,263,6464.17,6732.568492307723,268.39849230772325
random_forest,5,Case2,2-3,274,9485.0,8886.118338461487,598.8816615385131
random_forest,5,Case3,3-2,001,8768.69,8519.205661538459,249.48433846154148
random_forest,5,Case3,3-2,005,8734.73,8673.657461538434,61.07253846156527
random_forest,5,Case3,3-2,012,8354.82,8346.491338461503,8.328661538496817
random_forest,5,Case3,3-2,013,10196.5,9865.453307692334,331.0466923076656
random_forest,5,Case3,3-2,018,10050.5,9923.566769230805,126.93323076919478
random_forest,5,Case3,3-2,019,8984.98,9076.26352307692,91.28352307691966
random_forest,5,Case3,3-2,053,7996.97,8187.260523076976,190.29052307697566
random_forest,5,Case3,3-2,065,9023.73,9241.86087692307,218.1308769230709
random_forest,5,Case3,3-2,089,8934.33,8807.785984615417,126.54401538458296
random_forest,5,Case3,3-2,106,8663.29,8503.610138461565,159.67986153843594
random_forest,5,Case3,3-2,121,8426.2,8164.9473230769145,261.25267692308626
random_forest,5,Case3,3-2,145,11377.85,9813.898861538477,1563.9511384615234
random_forest,5,Case3,3-2,149,9398.75,9257.107953846134,141.64204615386552
random_forest,5,Case3,3-2,158,8940.4,8789.10203076926,151.2979692307399
random_forest,5,Case3,3-2,163,8933.41,9084.03215384614,150.62215384613955
random_forest,5,Case3,3-2,178,9434.99,9359.296692307678,75.69330769232147
random_forest,5,Case3,3-2,185,9103.53,9091.46581538462,12.064184615381237
random_forest,5,Case3,3-2,216,8948.98,8898.246415384621,50.73358461537828
random_forest,5,Case3,3-2,236,9133.57,8824.105000000009,309.46499999999105
random_forest,5,Case3,3-2,240,8911.41,9307.75163076925,396.3416307692496
random_forest,5,Case3,3-2,268,9018.86,9314.165799999999,295.30579999999827
random_forest,5,Case3,3-2,274,9496.66,8878.635999999951,618.0240000000485
random_forest,5,Case3,3-2,281,8646.6,8639.906646153886,6.693353846114405
random_forest,5,Case3,3-2,290,9327.12,9256.647169230713,70.47283076928761
random_forest,5,Case3,3-3,032,6208.82,5871.20744615382,337.61255384618016
random_forest,5,Case3,3-3,059,5522.86,5430.2508307692315,92.6091692307682
random_forest,5,Case3,3-3,074,5000.25,5096.73580000001,96.48580000001039
random_forest,5,Case3,3-3,098,8001.33,8022.639876923033,21.30987692303279
random_forest,5,Case3,3-3,112,6473.95,6291.30887692307,182.64112307692994
random_forest,5,Case3,3-3,129,6982.28,6866.68990769229,115.59009230770971
random_forest,5,Case3,3-3,140,4741.93,4985.391092307702,243.46109230770162
random_forest,5,Case3,3-3,168,4804.88,5024.128307692323,219.24830769232267
random_forest,5,Case3,3-3,194,6436.39,6672.858830769211,236.4688307692104
random_forest,5,Case3,3-3,249,6069.85,6470.755153846115,400.90515384611444
random_forest,5,Case3,3-3,263,6481.85,6354.081369230751,127.76863076924928
random_forest,5,Case4,4-2,001,8706.62,8630.895723076932,75.72427692306883
random_forest,5,Case4,4-2,005,8727.04,8617.855261538458,109.18473846154302
random_forest,5,Case4,4-2,012,8317.72,8368.538061538427,50.81806153842808
random_forest,5,Case4,4-2,018,10046.6,9967.076923076987,79.52307692301292
random_forest,5,Case4,4-2,019,8979.49,9111.496476923088,132.00647692308848
random_forest,5,Case4,4-2,022,10657.4,10336.942769230813,320.45723076918694
random_forest,5,Case4,4-2,053,7985.48,8186.019276923107,200.53927692310754
random_forest,5,Case4,4-2,065,8972.73,9257.094153846137,284.3641538461379
random_forest,5,Case4,4-2,089,8926.04,8703.391246153855,222.64875384614606
random_forest,5,Case4,4-2,106,8645.4,8417.999461538473,227.4005384615266
random_forest,5,Case4,4-2,121,8411.86,8406.373630769229,5.486369230771743
random_forest,5,Case4,4-2,145,11283.35,9701.851784615386,1581.498215384614
random_forest,5,Case4,4-2,149,9364.37,9233.756784615343,130.61321538465745
random_forest,5,Case4,4-2,158,8928.6,8672.390092307716,256.2099076922841
random_forest,5,Case4,4-2,163,8926.04,9120.257723076931,194.21772307693027
random_forest,5,Case4,4-2,178,9373.68,9331.58219999998,42.09780000001956
random_forest,5,Case4,4-2,185,9093.44,9032.286984615423,61.153015384577884
random_forest,5,Case4,4-2,216,8916.43,8781.390369230776,135.03963076922446
random_forest,5,Case4,4-2,224,8303.52,8286.60416923074,16.915830769259628
random_forest,5,Case4,4-2,230,9913.11,9535.76133846159,377.34866153840994
random_forest,5,Case4,4-2,236,9108.33,8487.889630769256,620.4403692307442
random_forest,5,Case4,4-2,240,8846.73,9210.817261538461,364.08726153846146
random_forest,5,Case4,4-2,253,10393.1,10046.988676923114,346.11132307688604
random_forest,5,Case4,4-2,268,9016.19,9409.194184615393,393.00418461539266
random_forest,5,Case4,4-2,274,9495.92,8885.933153846088,609.9868461539118
random_forest,5,Case4,4-2,281,8595.56,8429.574123076936,165.9858769230632
random_forest,5,Case4,4-2,288,10824.8,10960.989076923077,136.18907692307766
random_forest,5,Case4,4-2,290,9327.11,9249.032907692312,78.07709230768887
random_forest,5,Case4,4-3,032,6183.72,6537.5067538461435,353.78675384614326
random_forest,5,Case4,4-3,059,5509.38,5548.275707692291,38.89570769229067
random_forest,5,Case4,4-3,074,4996.97,5055.88464615385,58.91464615384939
random_forest,5,Case4,4-3,098,7968.58,8146.266738461504,177.68673846150432
random_forest,5,Case4,4-3,112,6466.69,6843.037384615367,376.34738461536745
random_forest,5,Case4,4-3,129,6939.89,7175.011676923055,235.12167692305502
random_forest,5,Case4,4-3,140,4741.89,5000.379953846155,258.489953846155
random_forest,5,Case4,4-3,168,4803.74,5029.691600000009,225.95160000000942
random_forest,5,Case4,4-3,171,6386.73,6405.076246153818,18.346246153818356
random_forest,5,Case4,4-3,194,6409.51,6370.129584615368,39.380415384632215
random_forest,5,Case4,4-3,249,6046.94,5842.05795384616,204.88204615383984
random_forest,5,Case4,4-3,263,6464.78,6731.129523076978,266.3495230769786
