Test_ID,Theta1,Theta2,Pt
Test_001,65.0,19.0,7525.576895339104
Test_002,40.0,-51.0,9876.031555208407
Test_003,-44.0,65.0,9433.471421825043
Test_004,49.0,48.0,10415.69076322906
Test_005,-52.0,20.0,7818.281589636075
Test_006,-15.0,-74.0,6875.589254158728
Test_007,51.0,-83.0,8457.827117712022
Test_008,86.0,9.0,6280.1689619866
Test_009,-63.0,21.0,7785.499442875138
Test_010,-74.0,83.0,4290.894577549593
Test_011,-39.0,-9.0,6612.7033842657875
Test_012,-56.0,9.0,7210.409607503131
Test_013,61.0,33.0,8742.41771984591
Test_014,19.0,79.0,6961.530813854964
Test_015,35.0,60.0,8997.773506824675
Test_016,75.0,-61.0,6870.257234788168
Test_017,-30.0,66.0,8420.170838117543
Test_018,-53.0,31.0,8869.432595235507
Test_019,-79.0,29.0,7800.238583489085
Test_020,-2.0,48.0,6919.351101139208
Test_021,-49.0,-67.0,9504.399940379026
Test_022,43.0,-33.0,9079.185262723697
Test_023,62.0,-67.0,7299.010682036607
Test_024,30.0,75.0,7938.613961782274
Test_025,80.0,-80.0,3995.8827721375274
Test_026,-81.0,73.0,4541.779297238318
Test_027,54.0,-38.0,9521.795891327254
Test_028,36.0,-31.0,8691.726691902553
Test_029,52.0,-41.0,9948.557492059788
Test_030,15.0,-12.0,5251.288295759243
Test_031,-55.0,-62.0,8759.641011152311
Test_032,-19.0,-7.0,5185.574417957559
Test_033,-61.0,86.0,5969.546683186627
Test_034,-43.0,-15.0,7189.9768616189285
Test_035,70.0,81.0,4882.522053844512
Test_036,8.0,25.0,5723.711589671404
Test_037,-85.0,67.0,5061.708373461187
Test_038,-56.0,52.0,9709.61305981702
Test_039,64.0,42.0,9277.786042753532
Test_040,-27.0,-54.0,8417.530425781799
Test_041,-2.0,-68.0,6702.931568651364
Test_042,84.0,51.0,8354.811920924474
Test_043,79.0,-71.0,4939.295628493121
Test_044,59.0,-56.0,8818.441250429847
Test_045,-18.0,-35.0,7093.734274609654
Test_046,-76.0,-77.0,4637.114811034692
Test_047,42.0,27.0,8278.167950223326
Test_048,1.0,71.0,6563.966897470223
Test_049,-37.0,22.0,7640.59598138308
Test_050,-16.0,44.0,7424.497940941248
Test_051,28.0,57.0,8471.924162234927
Test_052,-79.0,34.0,8089.623952166233
Test_053,3.0,87.0,6098.058186982147
Test_054,-17.0,-44.0,7421.836051918207
Test_055,44.0,-49.0,10521.145497330383
Test_056,67.0,-19.0,7457.372539385561
Test_057,2.0,74.0,6405.916171308049
Test_058,82.0,19.0,6865.43639489073
Test_059,14.0,3.0,4717.642775501623
Test_060,44.0,-84.0,8476.139210330086
Test_061,0.0,-52.0,6982.430546621292
Test_062,33.0,26.0,7825.111980807199
Test_063,-75.0,38.0,8563.390357104494
Test_064,-20.0,55.0,7901.54588920378
Test_065,72.0,31.0,8147.862665178651
Test_066,75.0,72.0,5336.381554559695
Test_067,-83.0,68.0,5019.2438185102765
Test_068,-26.0,-1.0,5676.006513480624
Test_069,-36.0,57.0,9222.005104701053
Test_070,-89.0,-51.0,8218.407374803135
Test_071,-45.0,-29.0,8526.26837285035
Test_072,-29.0,13.0,6424.3572839207045
Test_073,-22.0,46.0,7883.061316988637
Test_074,-1.0,-8.0,4451.753183748477
Test_075,-22.0,82.0,7140.0069826958015
Test_076,50.0,5.0,6882.051461065925
Test_077,-64.0,20.0,7734.016319599558
Test_078,29.0,-79.0,7801.410685951278
Test_079,-67.0,39.0,9031.897191912816
Test_080,-53.0,-64.0,10022.690442720746
Test_081,-38.0,-72.0,8623.329098569639
Test_082,85.0,48.0,8541.133070617376
Test_083,-12.0,85.0,6469.676495298109
Test_084,77.0,-48.0,8873.14242246668
Test_085,45.0,75.0,8820.673524178555
Test_086,-41.0,-54.0,9783.43413189393
Test_087,-38.0,89.0,8148.1670531146465
Test_088,23.0,33.0,7460.41728258192
Test_089,18.0,-35.0,7102.865823575253
Test_090,-65.0,24.0,7973.467306102667
Test_091,11.0,36.0,6623.763100136949
Test_092,-38.0,-40.0,9705.169197923227
Test_093,-70.0,-78.0,5141.092540072209
Test_094,73.0,-55.0,8484.175148496359
Test_095,68.0,-30.0,8254.737719482788
Test_096,84.0,-52.0,8136.571470146959
Test_097,-46.0,-23.0,7986.643707302327
Test_098,-1.0,36.0,6404.958483913311
Test_099,90.0,40.0,8215.773863954897
Test_100,69.0,62.0,7081.632605192604
Test_101,48.0,15.0,7429.178405854709
Test_102,76.0,-24.0,7455.125014670916
Test_103,66.0,14.0,7189.015073169982
Test_104,83.0,3.0,6095.790171109128
Test_105,89.0,-77.0,3788.5020060740267
Test_106,-12.0,43.0,7102.674060997715
Test_107,69.0,8.0,6726.984665137455
Test_108,46.0,-72.0,9080.962746517927
Test_109,-69.0,17.0,7277.892356259281
Test_110,-51.0,1.0,7005.36621778317
Test_111,7.0,87.0,6103.14862576846
Test_112,21.0,-8.0,5363.467522077733
Test_113,35.0,-2.0,6309.8617823436425
Test_114,-35.0,-78.0,8150.581691825827
Test_115,22.0,74.0,7444.80656374171
Test_116,12.0,-85.0,6472.2934192740395
Test_117,-87.0,33.0,7842.651231101162
Test_118,54.0,-88.0,7422.019602197723
Test_119,31.0,-10.0,6211.292233677788
Test_120,-58.0,-26.0,8290.154780623041
Test_121,-50.0,14.0,7343.245294243103
Test_122,20.0,-73.0,7275.527452847364
Test_123,76.0,4.0,6356.380085896413
Test_124,42.0,-66.0,9236.750113985738
Test_125,-3.0,72.0,6528.777480626151
Test_126,-8.0,18.0,5228.22718184735
Test_127,-66.0,77.0,5805.745766411929
Test_128,59.0,-70.0,7535.708159767084
Test_129,24.0,11.0,5789.050357961961
Test_130,-59.0,12.0,7267.683202843837
Test_131,41.0,53.0,9827.464421406341
Test_132,38.0,35.0,9204.975311628454
Test_133,-21.0,37.0,7462.520355505316
Test_134,-56.0,37.0,9360.42609771498
Test_135,39.0,-76.0,8533.707957072267
Test_136,8.0,-68.0,6874.297674547146
Test_137,68.0,53.0,9661.755871863594
Test_138,-28.0,-75.0,7785.112977325935
Test_139,-52.0,-36.0,9303.082804276617
Test_140,1.0,-3.0,11665.033231579439
Test_141,79.0,49.0,8738.29844158857
Test_142,56.0,10.0,7095.17391946656
Test_143,39.0,-35.0,9303.816029788943
Test_144,-86.0,-39.0,8189.143834710542
Test_145,29.0,32.0,8217.944877826529
Test_146,-41.0,-28.0,8352.300343441795
Test_147,47.0,23.0,7997.19028647722
Test_148,46.0,-62.0,9753.191144833758
Test_149,24.0,-59.0,8161.082343836658
Test_150,15.0,-47.0,7450.379497600241
Test_151,-66.0,-82.0,5353.531975981881
Test_152,-23.0,-66.0,7795.910182133222
Test_153,50.0,-62.0,10068.454441796988
Test_154,-65.0,-65.0,7083.937441816275
Test_155,11.0,-32.0,6458.449818304124
Test_156,70.0,-86.0,4612.560869506229
Test_157,78.0,-26.0,7607.65070451984
Test_158,17.0,-43.0,7458.889677252563
Test_159,-9.0,-4.0,4267.4227905239495
Test_160,47.0,-13.0,7192.0652450744265
Test_161,-43.0,-45.0,10438.019316713633
Test_162,-71.0,-11.0,6776.0381295866655
Test_163,-84.0,28.0,7568.7320612622925
Test_164,-16.0,-5.0,5038.840964001595
Test_165,-5.0,10.0,4615.417633628161
Test_166,-61.0,-3.0,6830.373341292009
Test_167,-4.0,-6.0,4483.969980956597
Test_168,-5.0,-1.0,11588.63193082034
Test_169,58.0,-70.0,7720.602925318218
Test_170,-35.0,-50.0,9256.937724435724
Test_171,-6.0,-18.0,5080.205675128413
Test_172,-68.0,5.0,6758.995375179671
Test_173,82.0,-55.0,7446.145385103274
Test_174,-76.0,51.0,9016.56679739327
Test_175,-73.0,85.0,4298.546627302681
Test_176,-36.0,30.0,8549.282438202226
Test_177,25.0,-81.0,7430.202124638852
Test_178,27.0,63.0,8272.789180832258
Test_179,73.0,-44.0,8910.85584955233
Test_180,-14.0,88.0,6545.690092157038
Test_181,88.0,45.0,8402.686332020308
Test_182,-14.0,42.0,7189.420068139018
Test_183,37.0,63.0,9003.180314314966
Test_184,83.0,43.0,8414.410153673603
Test_185,-18.0,49.0,7668.279566665702
Test_186,-54.0,1.0,6946.8752878813075
Test_187,-47.0,-37.0,9525.904863820493
Test_188,-40.0,56.0,9672.880328985164
Test_189,34.0,0.0,6264.147664952297
Test_190,-80.0,40.0,8422.986907255154
Test_191,-75.0,6.0,6431.526123776949
Test_192,89.0,-86.0,3263.124877292651
Test_193,48.0,41.0,10045.609013157307
Test_194,-11.0,-16.0,5234.989173717237
Test_195,12.0,71.0,6949.897117760036
Test_196,-32.0,84.0,7819.318444286175
Test_197,-80.0,-38.0,8321.619700250285
Test_198,-82.0,-53.0,7986.8313675062445
Test_199,-45.0,82.0,8572.063221970291
Test_200,88.0,-42.0,8319.12630855813
Test_201,-73.0,-27.0,7836.179024198517
Test_202,-24.0,-76.0,7458.751996437072
Test_203,33.0,58.0,8856.850457360058
Test_204,27.0,-22.0,7046.353877859408
Test_205,-58.0,-50.0,10407.867915898876
Test_206,4.0,90.0,6075.07227135913
Test_207,19.0,-83.0,6873.175854888429
Test_208,-87.0,47.0,8483.835915307347
Test_209,58.0,-69.0,7788.629157755992
Test_210,-10.0,23.0,5817.790291600348
Test_211,55.0,-59.0,8976.960867943873
Test_212,-63.0,54.0,9083.72940359844
Test_213,67.0,-42.0,9160.870649150625
Test_214,63.0,-14.0,7289.189214645425
Test_215,9.0,13.0,4846.3193754628155
Test_216,-10.0,59.0,7240.504647620444
Test_217,21.0,56.0,7852.599044131925
Test_218,5.0,-15.0,4866.431889905723
Test_219,-7.0,65.0,6932.209052608763
Test_220,14.0,-23.0,5966.654995960726
Test_221,74.0,-56.0,8067.279895111892
Test_222,7.0,-80.0,6389.013921313859
Test_223,-78.0,-48.0,8805.191022285495
Test_224,-4.0,-43.0,6759.849947953747
Test_225,2.0,-73.0,6399.36084008656
Test_226,-42.0,80.0,8507.313256683265
Test_227,-42.0,-6.0,6695.064652612253
Test_228,60.0,-31.0,8667.699960630836
Test_229,42.0,86.0,8333.647586458595
Test_230,-44.0,-30.0,8632.72009166208
Test_231,-69.0,24.0,7849.97411526306
Test_232,-8.0,-27.0,5847.175897144417
Test_233,61.0,-20.0,7758.526056016842
Test_234,-49.0,-40.0,9902.179436097
Test_235,-62.0,7.0,6934.52857999645
Test_236,16.0,-57.0,7502.29953331159
Test_237,-32.0,66.0,8548.21901016473
Test_238,64.0,-22.0,7784.286215060927
Test_239,30.0,17.0,6746.491261343217
Test_240,53.0,26.0,8280.67513533609
Test_241,13.0,6.0,4707.946590397872
Test_242,-31.0,60.0,8665.694702331131
Test_243,-63.0,-63.0,7524.314508676943
Test_244,85.0,-58.0,6585.400227377033
Test_245,-34.0,-14.0,6643.369394053985
Test_246,60.0,61.0,8069.070996124566
Test_247,-83.0,78.0,3910.662687847563
Test_248,6.0,27.0,5795.185060406668
Test_249,6.0,16.0,5013.545602392656
Test_250,-47.0,64.0,9722.795690861292
Test_251,-69.0,0.0,6563.6650688922755
Test_252,-82.0,-45.0,8531.391764270313
Test_253,56.0,-34.0,9018.917592963477
Test_254,-75.0,-17.0,6991.139652161381
Test_255,32.0,-60.0,8732.75541162058
Test_256,-25.0,-11.0,5840.17981276812
Test_257,65.0,80.0,5647.170221596212
Test_258,54.0,-18.0,7726.9567848106535
Test_259,-6.0,38.0,6512.083361814975
Test_260,-50.0,68.0,9567.081432562121
Test_261,-14.0,-28.0,6245.527504103815
Test_262,-57.0,76.0,7559.357733009482
Test_263,-24.0,2.0,5481.067595556632
Test_264,87.0,-65.0,5286.590681658748
Test_265,-25.0,-84.0,7255.995454276849
Test_266,-26.0,-39.0,8083.301867235183
Test_267,-33.0,-46.0,9022.182441837189
Test_268,-59.0,29.0,8522.94973684545
Test_269,-60.0,60.0,8248.11079952405
Test_270,10.0,76.0,6605.918039269294
Test_271,-30.0,50.0,8796.702087737242
Test_272,72.0,69.0,5914.521455823994
Test_273,81.0,62.0,6050.564696641284
Test_274,30.0,-25.0,7630.055451403598
Test_275,80.0,-20.0,7031.566114529592
Test_276,-88.0,70.0,4555.85416875518
Test_277,57.0,88.0,6700.8635065961225
Test_278,18.0,78.0,6988.514101721468
Test_279,-88.0,-89.0,3213.6378290081702
Test_280,-31.0,-12.0,6442.4468317275505
Test_281,-72.0,-17.0,7193.076276587128
Test_282,25.0,-74.0,7663.764703293749
Test_283,34.0,-21.0,7300.873461401293
Test_284,16.0,16.0,11751.284820193521
Test_285,-21.0,55.0,7924.035897102099
Test_286,40.0,-87.0,8249.377562653859
Test_287,-77.0,22.0,7283.929959861705
Test_288,37.0,70.0,8665.051389555934
Test_289,-9.0,44.0,6902.080233405273
Test_290,20.0,-82.0,7057.992665141844
Test_291,26.0,5.0,5776.851231913564
Test_292,71.0,-88.0,4440.48009257036
Test_293,-28.0,11.0,6157.102921295528
Test_294,-71.0,-57.0,7848.935449728033
Test_295,-84.0,-9.0,6280.833585954962
Test_296,-48.0,82.0,8639.96047552493
Test_297,-13.0,-4.0,4755.369332838716
Test_298,-19.0,-23.0,6376.712946791881
Test_299,5.0,-32.0,6167.241333249499
Test_300,51.0,46.0,10587.348986527171
